{"entries": [{"roster": {"scorecards": [{"firstName": "Teddy", "lastName": "Bridgewater", "shortName": "T. Bridgewater", "displayName": "Teddy Bridgewater", "rosterPositionId": 66, "rosterPosition": "QB", "rosterPositionSortOrder": 1, "eTag": "439", "playerUtilizations": [{"displayKey": "ALL", "value": "8.33"}], "playerLink": [], "percentDrafted": 8.33, "draftableId": 14885271, "score": 19.4, "stats": [{"statId": 36, "name": "Passing Touchdowns", "abbreviation": "PaTD", "fantasyPoints": 4, "statValue": 1, "contributesToScoring": true}, {"statId": 38, "name": "Rushing Touchdowns", "abbreviation": "RuTD", "fantasyPoints": 0, "statValue": 0, "contributesToScoring": true}, {"statId": 39, "name": "Passing Yards", "abbreviation": "PaYds", "fantasyPoints": 10.8, "statValue": 270, "contributesToScoring": true}, {"statId": 41, "name": "Rushing Yards", "abbreviation": "RuYds", "fantasyPoints": 2.6, "statValue": 26, "contributesToScoring": true}, {"statId": 46, "name": "Interceptions Thrown", "abbreviation": "INT", "fantasyPoints": 0, "statValue": 0, "contributesToScoring": true}, {"statId": 47, "name": "300+ Yards Passing Game", "abbreviation": "300+Pass", "fantasyPoints": 0, "statValue": 0, "contributesToScoring": true}, {"statId": 48, "name": "100+ Rushing Game", "abbreviation": "100+Rush", "fantasyPoints": 0, "statValue": 0, "contributesToScoring": true}, {"statId": 51, "name": "2 Point Conversions", "abbreviation": "2PT", "fantasyPoints": 0, "statValue": 0, "contributesToScoring": true}, {"statId": 70, "name": "2PTs Passing", "abbreviation": "2PtPass", "fantasyPoints": 2, "statValue": 1, "contributesToScoring": true}], "statsDescription": "1 PaTD, 270 PaYds, 26 RuYds, 1 2PtPass", "timeRemainingUnit": "PMR", "timeRemaining": 0, "maxTimeRemaining": 0, "competition": {"competitionId": 5673940, "name": "LV 34 @ CAR 30", "nameDisplay": [{"value": "LV"}, {"value": " 34"}, {"value": " @ "}, {"value": "CAR", "isEmphasized": true}, {"value": " 30"}], "timeStatus": "Final", "competitionStatus": "ScoresOfficial", "attributes": {"quarter": "4", "timeRemaining": "Final", "homeTeamScore": "30", "awayTeamScore": "34"}, "startTime": "2020-09-13T17:00:00.0000000Z"}, "attributes": {}, "playerStates": []}, {"firstName": "Derrick", "lastName": "Henry", "shortName": "D. Henry", "displayName": "Derrick Henry", "rosterPositionId": 67, "rosterPosition": "RB", "rosterPositionSortOrder": 2, "eTag": "549", "playerUtilizations": [{"displayKey": "ALL", "value": "8.33"}], "playerLink": [], "percentDrafted": 8.33, "draftableId": 14884793, "score": 19.1, "stats": [{"statId": 37, "name": "Receiving Touchdowns", "abbreviation": "RecTD", "fantasyPoints": 0, "statValue": 0, "contributesToScoring": true}, {"statId": 38, "name": "Rushing Touchdowns", "abbreviation": "RuTD", "fantasyPoints": 0, "statValue": 0, "contributesToScoring": true}, {"statId": 40, "name": "Receiving Yards", "abbreviation": "RecYds", "fantasyPoints": 1.5, "statValue": 15, "contributesToScoring": true}, {"statId": 41, "name": "Rushing Yards", "abbreviation": "RuYds", "fantasyPoints": 11.6, "statValue": 116, "contributesToScoring": true}, {"statId": 44, "name": "Receptions", "abbreviation": "REC", "fantasyPoints": 3, "statValue": 3, "contributesToScoring": true}, {"statId": 48, "name": "100+ Rushing Game", "abbreviation": "100+Rush", "fantasyPoints": 3, "statValue": 1, "contributesToScoring": true}, {"statId": 49, "name": "100+ Receiving Game", "abbreviation": "100+Rec", "fantasyPoints": 0, "statValue": 0, "contributesToScoring": true}, {"statId": 467, "name": "Targets", "abbreviation": "Targets", "fantasyPoints": 0, "statValue": 0, "contributesToScoring": false}], "statsDescription": "15 RecYds, 116 RuYds, 3 REC, 1 100+Rush", "timeRemainingUnit": "PMR", "timeRemaining": 0, "maxTimeRemaining": 0, "competition": {"competitionId": 5674048, "name": "TEN 16 @ DEN 14", "nameDisplay": [{"value": "TEN", "isEmphasized": true}, {"value": " 16"}, {"value": " @ "}, {"value": "DEN"}, {"value": " 14"}], "timeStatus": "Final", "competitionStatus": "ScoresOfficial", "attributes": {"quarter": "4", "timeRemaining": "Final", "homeTeamScore": "14", "awayTeamScore": "16"}, "startTime": "2020-09-15T02:20:00.0000000Z"}, "attributes": {}, "playerStates": []}, {"firstName": "Kenyan", "lastName": "Drake", "shortName": "K. Drake", "displayName": "Kenyan Drake", "rosterPositionId": 67, "rosterPosition": "RB", "rosterPositionSortOrder": 3, "eTag": "373", "playerUtilizations": [{"displayKey": "ALL", "value": "8.33"}], "playerLink": [], "percentDrafted": 8.33, "draftableId": 14884829, "score": 14.5, "stats": [{"statId": 37, "name": "Receiving Touchdowns", "abbreviation": "RecTD", "fantasyPoints": 0, "statValue": 0, "contributesToScoring": true}, {"statId": 38, "name": "Rushing Touchdowns", "abbreviation": "RuTD", "fantasyPoints": 6, "statValue": 1, "contributesToScoring": true}, {"statId": 40, "name": "Receiving Yards", "abbreviation": "RecYds", "fantasyPoints": 0.5, "statValue": 5, "contributesToScoring": true}, {"statId": 41, "name": "Rushing Yards", "abbreviation": "RuYds", "fantasyPoints": 6, "statValue": 60, "contributesToScoring": true}, {"statId": 44, "name": "Receptions", "abbreviation": "REC", "fantasyPoints": 2, "statValue": 2, "contributesToScoring": true}, {"statId": 48, "name": "100+ Rushing Game", "abbreviation": "100+Rush", "fantasyPoints": 0, "statValue": 0, "contributesToScoring": true}, {"statId": 49, "name": "100+ Receiving Game", "abbreviation": "100+Rec", "fantasyPoints": 0, "statValue": 0, "contributesToScoring": true}, {"statId": 467, "name": "Targets", "abbreviation": "Targets", "fantasyPoints": 0, "statValue": 2, "contributesToScoring": false}], "statsDescription": "1 RuTD, 5 RecYds, 60 RuYds, 2 REC", "timeRemainingUnit": "PMR", "timeRemaining": 0, "maxTimeRemaining": 0, "competition": {"competitionId": 5673988, "name": "ARI 24 @ SF 20", "nameDisplay": [{"value": "ARI", "isEmphasized": true}, {"value": " 24"}, {"value": " @ "}, {"value": "SF"}, {"value": " 20"}], "timeStatus": "Final", "competitionStatus": "ScoresOfficial", "attributes": {"quarter": "4", "timeRemaining": "Final", "homeTeamScore": "20", "awayTeamScore": "24"}, "startTime": "2020-09-13T20:25:00.0000000Z"}, "attributes": {}, "playerStates": []}, {"firstName": "Adam", "lastName": "Thielen", "shortName": "A. Thielen", "displayName": "Adam Thielen", "rosterPositionId": 68, "rosterPosition": "WR", "rosterPositionSortOrder": 4, "eTag": "373", "playerUtilizations": [{"displayKey": "ALL", "value": "8.33"}], "playerLink": [], "percentDrafted": 8.33, "draftableId": 14884874, "score": 34, "stats": [{"statId": 37, "name": "Receiving Touchdowns", "abbreviation": "RecTD", "fantasyPoints": 12, "statValue": 2, "contributesToScoring": true}, {"statId": 40, "name": "Receiving Yards", "abbreviation": "RecYds", "fantasyPoints": 11, "statValue": 110, "contributesToScoring": true}, {"statId": 44, "name": "Receptions", "abbreviation": "REC", "fantasyPoints": 6, "statValue": 6, "contributesToScoring": true}, {"statId": 49, "name": "100+ Receiving Game", "abbreviation": "100+Rec", "fantasyPoints": 3, "statValue": 1, "contributesToScoring": true}, {"statId": 51, "name": "2 Point Conversions", "abbreviation": "2PT", "fantasyPoints": 2, "statValue": 1, "contributesToScoring": true}, {"statId": 70, "name": "2PTs Passing", "abbreviation": "2PtPass", "fantasyPoints": 0, "statValue": 0, "contributesToScoring": true}, {"statId": 467, "name": "Targets", "abbreviation": "Targets", "fantasyPoints": 0, "statValue": 8, "contributesToScoring": false}], "statsDescription": "2 RecTD, 110 RecYds, 6 REC, 1 100+Rec, 1 2PT", "timeRemainingUnit": "PMR", "timeRemaining": 0, "maxTimeRemaining": 0, "competition": {"competitionId": 5673850, "name": "GB 43 @ MIN 34", "nameDisplay": [{"value": "GB"}, {"value": " 43"}, {"value": " @ "}, {"value": "MIN", "isEmphasized": true}, {"value": " 34"}], "timeStatus": "Final", "competitionStatus": "ScoresOfficial", "attributes": {"quarter": "4", "timeRemaining": "Final", "homeTeamScore": "34", "awayTeamScore": "43"}, "startTime": "2020-09-13T17:00:00.0000000Z"}, "attributes": {}, "playerStates": []}, {"firstName": "Will", "lastName": "Fuller V", "shortName": "W. Fuller V", "displayName": "Will Fuller V", "rosterPositionId": 68, "rosterPosition": "WR", "rosterPositionSortOrder": 5, "eTag": "491", "playerUtilizations": [{"displayKey": "ALL", "value": "8.33"}], "playerLink": [], "percentDrafted": 8.33, "draftableId": 14885014, "score": 22.2, "stats": [{"statId": 37, "name": "Receiving Touchdowns", "abbreviation": "RecTD", "fantasyPoints": 0, "statValue": 0, "contributesToScoring": true}, {"statId": 40, "name": "Receiving Yards", "abbreviation": "RecYds", "fantasyPoints": 11.2, "statValue": 112, "contributesToScoring": true}, {"statId": 44, "name": "Receptions", "abbreviation": "REC", "fantasyPoints": 8, "statValue": 8, "contributesToScoring": true}, {"statId": 49, "name": "100+ Receiving Game", "abbreviation": "100+Rec", "fantasyPoints": 3, "statValue": 1, "contributesToScoring": true}, {"statId": 467, "name": "Targets", "abbreviation": "Targets", "fantasyPoints": 0, "statValue": 10, "contributesToScoring": false}], "statsDescription": "112 RecYds, 8 REC, 1 100+Rec", "timeRemainingUnit": "PMR", "timeRemaining": 0, "maxTimeRemaining": 0, "competition": {"competitionId": 5673802, "name": "HOU 20 @ KC 34", "nameDisplay": [{"value": "HOU", "isEmphasized": true}, {"value": " 20"}, {"value": " @ "}, {"value": "KC"}, {"value": " 34"}], "timeStatus": "Final", "competitionStatus": "ScoresOfficial", "attributes": {"quarter": "4", "timeRemaining": "Final", "homeTeamScore": "34", "awayTeamScore": "20"}, "startTime": "2020-09-11T00:20:00.0000000Z"}, "attributes": {}, "playerStates": []}, {"firstName": "Laviska", "lastName": "Shenault Jr.", "shortName": "L. Shenault Jr.", "displayName": "Laviska Shenault Jr.", "rosterPositionId": 68, "rosterPosition": "WR", "rosterPositionSortOrder": 6, "eTag": "373", "playerUtilizations": [{"displayKey": "ALL", "value": "8.33"}], "playerLink": [], "percentDrafted": 8.33, "draftableId": 14885282, "score": 13.7, "stats": [{"statId": 37, "name": "Receiving Touchdowns", "abbreviation": "RecTD", "fantasyPoints": 6, "statValue": 1, "contributesToScoring": true}, {"statId": 38, "name": "Rushing Touchdowns", "abbreviation": "RuTD", "fantasyPoints": 0, "statValue": 0, "contributesToScoring": true}, {"statId": 40, "name": "Receiving Yards", "abbreviation": "RecYds", "fantasyPoints": 3.7, "statValue": 37, "contributesToScoring": true}, {"statId": 41, "name": "Rushing Yards", "abbreviation": "RuYds", "fantasyPoints": 1, "statValue": 10, "contributesToScoring": true}, {"statId": 44, "name": "Receptions", "abbreviation": "REC", "fantasyPoints": 3, "statValue": 3, "contributesToScoring": true}, {"statId": 48, "name": "100+ Rushing Game", "abbreviation": "100+Rush", "fantasyPoints": 0, "statValue": 0, "contributesToScoring": true}, {"statId": 49, "name": "100+ Receiving Game", "abbreviation": "100+Rec", "fantasyPoints": 0, "statValue": 0, "contributesToScoring": true}, {"statId": 467, "name": "Targets", "abbreviation": "Targets", "fantasyPoints": 0, "statValue": 4, "contributesToScoring": false}], "statsDescription": "1 RecTD, 37 RecYds, 10 RuYds, 3 REC", "timeRemainingUnit": "PMR", "timeRemaining": 0, "maxTimeRemaining": 0, "competition": {"competitionId": 5673868, "name": "IND 20 @ JAX 27", "nameDisplay": [{"value": "IND"}, {"value": " 20"}, {"value": " @ "}, {"value": "JAX", "isEmphasized": true}, {"value": " 27"}], "timeStatus": "Final", "competitionStatus": "ScoresOfficial", "attributes": {"quarter": "4", "timeRemaining": "Final", "homeTeamScore": "27", "awayTeamScore": "20"}, "startTime": "2020-09-13T17:00:00.0000000Z"}, "attributes": {}, "playerStates": []}, {"firstName": "Noah", "lastName": "Fant", "shortName": "N. Fant", "displayName": "Noah Fant", "rosterPositionId": 69, "rosterPosition": "TE", "rosterPositionSortOrder": 7, "eTag": "530", "playerUtilizations": [{"displayKey": "ALL", "value": "8.33"}], "playerLink": [], "percentDrafted": 8.33, "draftableId": 14885119, "score": 19.1, "stats": [{"statId": 37, "name": "Receiving Touchdowns", "abbreviation": "RecTD", "fantasyPoints": 6, "statValue": 1, "contributesToScoring": true}, {"statId": 40, "name": "Receiving Yards", "abbreviation": "RecYds", "fantasyPoints": 8.1, "statValue": 81, "contributesToScoring": true}, {"statId": 44, "name": "Receptions", "abbreviation": "REC", "fantasyPoints": 5, "statValue": 5, "contributesToScoring": true}, {"statId": 49, "name": "100+ Receiving Game", "abbreviation": "100+Rec", "fantasyPoints": 0, "statValue": 0, "contributesToScoring": true}, {"statId": 467, "name": "Targets", "abbreviation": "Targets", "fantasyPoints": 0, "statValue": 0, "contributesToScoring": false}], "statsDescription": "1 RecTD, 81 RecYds, 5 REC", "timeRemainingUnit": "PMR", "timeRemaining": 0, "maxTimeRemaining": 0, "competition": {"competitionId": 5674048, "name": "TEN 16 @ DEN 14", "nameDisplay": [{"value": "TEN"}, {"value": " 16"}, {"value": " @ "}, {"value": "DEN", "isEmphasized": true}, {"value": " 14"}], "timeStatus": "Final", "competitionStatus": "ScoresOfficial", "attributes": {"quarter": "4", "timeRemaining": "Final", "homeTeamScore": "14", "awayTeamScore": "16"}, "startTime": "2020-09-15T02:20:00.0000000Z"}, "attributes": {}, "playerStates": []}, {"firstName": "Joshua", "lastName": "Kelley", "shortName": "J. Kelley", "displayName": "Joshua Kelley", "rosterPositionId": 70, "rosterPosition": "FLEX", "rosterPositionSortOrder": 8, "eTag": "245", "playerUtilizations": [{"displayKey": "ALL", "value": "8.33"}], "playerLink": [], "percentDrafted": 8.33, "draftableId": 14885382, "score": 12, "stats": [{"statId": 38, "name": "Rushing Touchdowns", "abbreviation": "RuTD", "fantasyPoints": 6, "statValue": 1, "contributesToScoring": true}, {"statId": 41, "name": "Rushing Yards", "abbreviation": "RuYds", "fantasyPoints": 6, "statValue": 60, "contributesToScoring": true}, {"statId": 48, "name": "100+ Rushing Game", "abbreviation": "100+Rush", "fantasyPoints": 0, "statValue": 0, "contributesToScoring": true}], "statsDescription": "1 RuTD, 60 RuYds", "timeRemainingUnit": "PMR", "timeRemaining": 0, "maxTimeRemaining": 0, "competition": {"competitionId": 5673964, "name": "LAC 16 @ CIN 13", "nameDisplay": [{"value": "LAC", "isEmphasized": true}, {"value": " 16"}, {"value": " @ "}, {"value": "CIN"}, {"value": " 13"}], "timeStatus": "Final", "competitionStatus": "ScoresOfficial", "attributes": {"quarter": "4", "timeRemaining": "Final", "homeTeamScore": "13", "awayTeamScore": "16"}, "startTime": "2020-09-13T20:05:00.0000000Z"}, "attributes": {}, "playerStates": []}, {"firstName": "Ryan", "lastName": "Tannehill", "shortName": "R. Tannehill", "displayName": "Ryan Tannehill", "rosterPositionId": 627, "rosterPosition": "BN", "rosterPositionSortOrder": 9, "eTag": "560", "playerUtilizations": [{"displayKey": "ALL", "value": "8.33"}], "playerLink": [], "isNonScoring": true, "percentDrafted": 8.33, "draftableId": 14885191, "score": 19.36, "stats": [{"statId": 36, "name": "Passing Touchdowns", "abbreviation": "PaTD", "fantasyPoints": 8, "statValue": 2, "contributesToScoring": true}, {"statId": 38, "name": "Rushing Touchdowns", "abbreviation": "RuTD", "fantasyPoints": 0, "statValue": 0, "contributesToScoring": true}, {"statId": 39, "name": "Passing Yards", "abbreviation": "PaYds", "fantasyPoints": 9.96, "statValue": 249, "contributesToScoring": true}, {"statId": 41, "name": "Rushing Yards", "abbreviation": "RuYds", "fantasyPoints": 1.4, "statValue": 14, "contributesToScoring": true}, {"statId": 46, "name": "Interceptions Thrown", "abbreviation": "INT", "fantasyPoints": 0, "statValue": 0, "contributesToScoring": true}, {"statId": 47, "name": "300+ Yards Passing Game", "abbreviation": "300+Pass", "fantasyPoints": 0, "statValue": 0, "contributesToScoring": true}, {"statId": 48, "name": "100+ Rushing Game", "abbreviation": "100+Rush", "fantasyPoints": 0, "statValue": 0, "contributesToScoring": true}], "statsDescription": "2 PaTD, 249 PaYds, 14 RuYds", "timeRemainingUnit": "PMR", "timeRemaining": 0, "maxTimeRemaining": 0, "competition": {"competitionId": 5674048, "name": "TEN 16 @ DEN 14", "nameDisplay": [{"value": "TEN", "isEmphasized": true}, {"value": " 16"}, {"value": " @ "}, {"value": "DEN"}, {"value": " 14"}], "timeStatus": "Final", "competitionStatus": "ScoresOfficial", "attributes": {"quarter": "4", "timeRemaining": "Final", "homeTeamScore": "14", "awayTeamScore": "16"}, "startTime": "2020-09-15T02:20:00.0000000Z"}, "attributes": {}, "playerStates": []}, {"firstName": "D'Andre", "lastName": "Swift", "shortName": "D. Swift", "displayName": "D'Andre Swift", "rosterPositionId": 627, "rosterPosition": "BN", "rosterPositionSortOrder": 10, "eTag": "258", "playerUtilizations": [{"displayKey": "ALL", "value": "8.33"}], "playerLink": [], "isNonScoring": true, "percentDrafted": 8.33, "draftableId": 14884992, "score": 11.3, "stats": [{"statId": 37, "name": "Receiving Touchdowns", "abbreviation": "RecTD", "fantasyPoints": 0, "statValue": 0, "contributesToScoring": true}, {"statId": 38, "name": "Rushing Touchdowns", "abbreviation": "RuTD", "fantasyPoints": 6, "statValue": 1, "contributesToScoring": true}, {"statId": 40, "name": "Receiving Yards", "abbreviation": "RecYds", "fantasyPoints": 1.5, "statValue": 15, "contributesToScoring": true}, {"statId": 41, "name": "Rushing Yards", "abbreviation": "RuYds", "fantasyPoints": 0.8, "statValue": 8, "contributesToScoring": true}, {"statId": 44, "name": "Receptions", "abbreviation": "REC", "fantasyPoints": 3, "statValue": 3, "contributesToScoring": true}, {"statId": 48, "name": "100+ Rushing Game", "abbreviation": "100+Rush", "fantasyPoints": 0, "statValue": 0, "contributesToScoring": true}, {"statId": 49, "name": "100+ Receiving Game", "abbreviation": "100+Rec", "fantasyPoints": 0, "statValue": 0, "contributesToScoring": true}, {"statId": 467, "name": "Targets", "abbreviation": "Targets", "fantasyPoints": 0, "statValue": 5, "contributesToScoring": false}], "statsDescription": "1 RuTD, 15 RecYds, 8 RuYds, 3 REC", "timeRemainingUnit": "PMR", "timeRemaining": 0, "maxTimeRemaining": 0, "competition": {"competitionId": 5673322, "name": "CHI 27 @ DET 23", "nameDisplay": [{"value": "CHI"}, {"value": " 27"}, {"value": " @ "}, {"value": "DET", "isEmphasized": true}, {"value": " 23"}], "timeStatus": "Final", "competitionStatus": "ScoresOfficial", "attributes": {"quarter": "4", "timeRemaining": "Final", "homeTeamScore": "23", "awayTeamScore": "27"}, "startTime": "2020-09-13T17:00:00.0000000Z"}, "attributes": {}, "playerStates": []}, {"firstName": "Diontae", "lastName": "Johnson", "shortName": "D. Johnson", "displayName": "Diontae Johnson", "rosterPositionId": 627, "rosterPosition": "BN", "rosterPositionSortOrder": 11, "eTag": "364", "playerUtilizations": [{"displayKey": "ALL", "value": "8.33"}], "playerLink": [], "isNonScoring": true, "percentDrafted": 8.33, "draftableId": 14885028, "score": 10.7, "stats": [{"statId": 37, "name": "Receiving Touchdowns", "abbreviation": "RecTD", "fantasyPoints": 0, "statValue": 0, "contributesToScoring": true}, {"statId": 40, "name": "Receiving Yards", "abbreviation": "RecYds", "fantasyPoints": 5.7, "statValue": 57, "contributesToScoring": true}, {"statId": 44, "name": "Receptions", "abbreviation": "REC", "fantasyPoints": 6, "statValue": 6, "contributesToScoring": true}, {"statId": 45, "name": "Punt Return Touchdowns", "abbreviation": "PuntTD", "fantasyPoints": 0, "statValue": 0, "contributesToScoring": true}, {"statId": 49, "name": "100+ Receiving Game", "abbreviation": "100+Rec", "fantasyPoints": 0, "statValue": 0, "contributesToScoring": true}, {"statId": 50, "name": "Fumbles Lost", "abbreviation": "FUM", "fantasyPoints": -1, "statValue": 1, "contributesToScoring": true}, {"statId": 467, "name": "Targets", "abbreviation": "Targets", "fantasyPoints": 0, "statValue": 0, "contributesToScoring": false}], "statsDescription": "57 RecYds, 6 REC, 1 FUM", "timeRemainingUnit": "PMR", "timeRemaining": 0, "maxTimeRemaining": 0, "competition": {"competitionId": 5674036, "name": "PIT 26 @ NYG 16", "nameDisplay": [{"value": "PIT", "isEmphasized": true}, {"value": " 26"}, {"value": " @ "}, {"value": "NYG"}, {"value": " 16"}], "timeStatus": "Final", "competitionStatus": "ScoresOfficial", "attributes": {"quarter": "4", "timeRemaining": "Final", "homeTeamScore": "16", "awayTeamScore": "26"}, "startTime": "2020-09-14T23:10:00.0000000Z"}, "attributes": {}, "playerStates": []}, {"firstName": "Henry", "lastName": "Ruggs III", "shortName": "H. Ruggs III", "displayName": "Henry Ruggs III", "rosterPositionId": 627, "rosterPosition": "BN", "rosterPositionSortOrder": 12, "eTag": "444", "playerUtilizations": [{"displayKey": "ALL", "value": "8.33"}], "playerLink": [], "isNonScoring": true, "percentDrafted": 8.33, "draftableId": 14885173, "score": 9.6, "stats": [{"statId": 37, "name": "Receiving Touchdowns", "abbreviation": "RecTD", "fantasyPoints": 0, "statValue": 0, "contributesToScoring": true}, {"statId": 38, "name": "Rushing Touchdowns", "abbreviation": "RuTD", "fantasyPoints": 0, "statValue": 0, "contributesToScoring": true}, {"statId": 40, "name": "Receiving Yards", "abbreviation": "RecYds", "fantasyPoints": 5.5, "statValue": 55, "contributesToScoring": true}, {"statId": 41, "name": "Rushing Yards", "abbreviation": "RuYds", "fantasyPoints": 1.1, "statValue": 11, "contributesToScoring": true}, {"statId": 44, "name": "Receptions", "abbreviation": "REC", "fantasyPoints": 3, "statValue": 3, "contributesToScoring": true}, {"statId": 48, "name": "100+ Rushing Game", "abbreviation": "100+Rush", "fantasyPoints": 0, "statValue": 0, "contributesToScoring": true}, {"statId": 49, "name": "100+ Receiving Game", "abbreviation": "100+Rec", "fantasyPoints": 0, "statValue": 0, "contributesToScoring": true}, {"statId": 467, "name": "Targets", "abbreviation": "Targets", "fantasyPoints": 0, "statValue": 0, "contributesToScoring": false}], "statsDescription": "55 RecYds, 11 RuYds, 3 REC", "timeRemainingUnit": "PMR", "timeRemaining": 0, "maxTimeRemaining": 0, "competition": {"competitionId": 5673940, "name": "LV 34 @ CAR 30", "nameDisplay": [{"value": "LV", "isEmphasized": true}, {"value": " 34"}, {"value": " @ "}, {"value": "CAR"}, {"value": " 30"}], "timeStatus": "Final", "competitionStatus": "ScoresOfficial", "attributes": {"quarter": "4", "timeRemaining": "Final", "homeTeamScore": "30", "awayTeamScore": "34"}, "startTime": "2020-09-13T17:00:00.0000000Z"}, "attributes": {}, "playerStates": []}, {"firstName": "DJ", "lastName": "Moore", "shortName": "D. Moore", "displayName": "DJ Moore", "rosterPositionId": 627, "rosterPosition": "BN", "rosterPositionSortOrder": 13, "eTag": "430", "playerUtilizations": [{"displayKey": "ALL", "value": "8.33"}], "playerLink": [], "isNonScoring": true, "percentDrafted": 8.33, "draftableId": 14884869, "score": 9.4, "stats": [{"statId": 37, "name": "Receiving Touchdowns", "abbreviation": "RecTD", "fantasyPoints": 0, "statValue": 0, "contributesToScoring": true}, {"statId": 40, "name": "Receiving Yards", "abbreviation": "RecYds", "fantasyPoints": 5.4, "statValue": 54, "contributesToScoring": true}, {"statId": 44, "name": "Receptions", "abbreviation": "REC", "fantasyPoints": 4, "statValue": 4, "contributesToScoring": true}, {"statId": 49, "name": "100+ Receiving Game", "abbreviation": "100+Rec", "fantasyPoints": 0, "statValue": 0, "contributesToScoring": true}, {"statId": 65, "name": "Kick Return Touchdowns", "abbreviation": "KRetTD", "fantasyPoints": 0, "statValue": 0, "contributesToScoring": true}, {"statId": 467, "name": "Targets", "abbreviation": "Targets", "fantasyPoints": 0, "statValue": 0, "contributesToScoring": false}], "statsDescription": "54 RecYds, 4 REC", "timeRemainingUnit": "PMR", "timeRemaining": 0, "maxTimeRemaining": 0, "competition": {"competitionId": 5673940, "name": "LV 34 @ CAR 30", "nameDisplay": [{"value": "LV"}, {"value": " 34"}, {"value": " @ "}, {"value": "CAR", "isEmphasized": true}, {"value": " 30"}], "timeStatus": "Final", "competitionStatus": "ScoresOfficial", "attributes": {"quarter": "4", "timeRemaining": "Final", "homeTeamScore": "30", "awayTeamScore": "34"}, "startTime": "2020-09-13T17:00:00.0000000Z"}, "attributes": {}, "playerStates": []}, {"firstName": "Carlos", "lastName": "Hyde", "shortName": "C. Hyde", "displayName": "Carlos Hyde", "rosterPositionId": 627, "rosterPosition": "BN", "rosterPositionSortOrder": 14, "eTag": "531", "playerUtilizations": [{"displayKey": "ALL", "value": "8.33"}], "playerLink": [], "isNonScoring": true, "percentDrafted": 8.33, "draftableId": 14885376, "score": 8.3, "stats": [{"statId": 38, "name": "Rushing Touchdowns", "abbreviation": "RuTD", "fantasyPoints": 6, "statValue": 1, "contributesToScoring": true}, {"statId": 41, "name": "Rushing Yards", "abbreviation": "RuYds", "fantasyPoints": 2.3, "statValue": 23, "contributesToScoring": true}, {"statId": 48, "name": "100+ Rushing Game", "abbreviation": "100+Rush", "fantasyPoints": 0, "statValue": 0, "contributesToScoring": true}], "statsDescription": "1 RuTD, 23 RuYds", "timeRemainingUnit": "PMR", "timeRemaining": 0, "maxTimeRemaining": 0, "competition": {"competitionId": 5673562, "name": "SEA 38 @ ATL 25", "nameDisplay": [{"value": "SEA", "isEmphasized": true}, {"value": " 38"}, {"value": " @ "}, {"value": "ATL"}, {"value": " 25"}], "timeStatus": "Final", "competitionStatus": "ScoresOfficial", "attributes": {"quarter": "4", "timeRemaining": "Final", "homeTeamScore": "25", "awayTeamScore": "38"}, "startTime": "2020-09-13T17:00:00.0000000Z"}, "attributes": {}, "playerStates": []}, {"firstName": "Tyler", "lastName": "Boyd", "shortName": "T. Boyd", "displayName": "Tyler Boyd", "rosterPositionId": 627, "rosterPosition": "BN", "rosterPositionSortOrder": 15, "eTag": "165", "playerUtilizations": [{"displayKey": "ALL", "value": "8.33"}], "playerLink": [], "isNonScoring": true, "percentDrafted": 8.33, "draftableId": 14884958, "score": 7.3, "stats": [{"statId": 37, "name": "Receiving Touchdowns", "abbreviation": "RecTD", "fantasyPoints": 0, "statValue": 0, "contributesToScoring": true}, {"statId": 40, "name": "Receiving Yards", "abbreviation": "RecYds", "fantasyPoints": 3.3, "statValue": 33, "contributesToScoring": true}, {"statId": 44, "name": "Receptions", "abbreviation": "REC", "fantasyPoints": 4, "statValue": 4, "contributesToScoring": true}, {"statId": 49, "name": "100+ Receiving Game", "abbreviation": "100+Rec", "fantasyPoints": 0, "statValue": 0, "contributesToScoring": true}, {"statId": 467, "name": "Targets", "abbreviation": "Targets", "fantasyPoints": 0, "statValue": 5, "contributesToScoring": false}], "statsDescription": "33 RecYds, 4 REC", "timeRemainingUnit": "PMR", "timeRemaining": 0, "maxTimeRemaining": 0, "competition": {"competitionId": 5673964, "name": "LAC 16 @ CIN 13", "nameDisplay": [{"value": "LAC"}, {"value": " 16"}, {"value": " @ "}, {"value": "CIN", "isEmphasized": true}, {"value": " 13"}], "timeStatus": "Final", "competitionStatus": "ScoresOfficial", "attributes": {"quarter": "4", "timeRemaining": "Final", "homeTeamScore": "13", "awayTeamScore": "16"}, "startTime": "2020-09-13T20:05:00.0000000Z"}, "attributes": {}, "playerStates": []}, {"firstName": "Rob", "lastName": "Gronkowski", "shortName": "R. Gronkowski", "displayName": "Rob Gronkowski", "rosterPositionId": 627, "rosterPosition": "BN", "rosterPositionSortOrder": 16, "eTag": "351", "playerUtilizations": [{"displayKey": "ALL", "value": "8.33"}], "playerLink": [], "isNonScoring": true, "percentDrafted": 8.33, "draftableId": 14885029, "score": 3.1, "stats": [{"statId": 37, "name": "Receiving Touchdowns", "abbreviation": "RecTD", "fantasyPoints": 0, "statValue": 0, "contributesToScoring": true}, {"statId": 40, "name": "Receiving Yards", "abbreviation": "RecYds", "fantasyPoints": 1.1, "statValue": 11, "contributesToScoring": true}, {"statId": 44, "name": "Receptions", "abbreviation": "REC", "fantasyPoints": 2, "statValue": 2, "contributesToScoring": true}, {"statId": 49, "name": "100+ Receiving Game", "abbreviation": "100+Rec", "fantasyPoints": 0, "statValue": 0, "contributesToScoring": true}, {"statId": 467, "name": "Targets", "abbreviation": "Targets", "fantasyPoints": 0, "statValue": 3, "contributesToScoring": false}], "statsDescription": "11 RecYds, 2 REC", "timeRemainingUnit": "PMR", "timeRemaining": 0, "maxTimeRemaining": 0, "competition": {"competitionId": 5673346, "name": "TB 23 @ NO 34", "nameDisplay": [{"value": "TB", "isEmphasized": true}, {"value": " 23"}, {"value": " @ "}, {"value": "NO"}, {"value": " 34"}], "timeStatus": "Final", "competitionStatus": "ScoresOfficial", "attributes": {"quarter": "4", "timeRemaining": "Final", "homeTeamScore": "34", "awayTeamScore": "23"}, "startTime": "2020-09-13T20:25:00.0000000Z"}, "attributes": {}, "playerStates": []}, {"firstName": "Irv", "lastName": "Smith Jr.", "shortName": "I. Smith Jr.", "displayName": "Irv Smith Jr.", "rosterPositionId": 627, "rosterPosition": "BN", "rosterPositionSortOrder": 17, "eTag": "72", "playerUtilizations": [{"displayKey": "ALL", "value": "8.33"}], "playerLink": [], "isNonScoring": true, "percentDrafted": 8.33, "draftableId": 14885229, "score": 2.1, "stats": [{"statId": 37, "name": "Receiving Touchdowns", "abbreviation": "RecTD", "fantasyPoints": 0, "statValue": 0, "contributesToScoring": true}, {"statId": 40, "name": "Receiving Yards", "abbreviation": "RecYds", "fantasyPoints": 1.1, "statValue": 11, "contributesToScoring": true}, {"statId": 44, "name": "Receptions", "abbreviation": "REC", "fantasyPoints": 1, "statValue": 1, "contributesToScoring": true}, {"statId": 49, "name": "100+ Receiving Game", "abbreviation": "100+Rec", "fantasyPoints": 0, "statValue": 0, "contributesToScoring": true}, {"statId": 467, "name": "Targets", "abbreviation": "Targets", "fantasyPoints": 0, "statValue": 1, "contributesToScoring": false}], "statsDescription": "11 RecYds, 1 REC", "timeRemainingUnit": "PMR", "timeRemaining": 0, "maxTimeRemaining": 0, "competition": {"competitionId": 5673850, "name": "GB 43 @ MIN 34", "nameDisplay": [{"value": "GB"}, {"value": " 43"}, {"value": " @ "}, {"value": "MIN", "isEmphasized": true}, {"value": " 34"}], "timeStatus": "Final", "competitionStatus": "ScoresOfficial", "attributes": {"quarter": "4", "timeRemaining": "Final", "homeTeamScore": "34", "awayTeamScore": "43"}, "startTime": "2020-09-13T17:00:00.0000000Z"}, "attributes": {}, "playerStates": []}, {"firstName": "Christian", "lastName": "Kirk", "shortName": "C. Kirk", "displayName": "Christian Kirk", "rosterPositionId": 627, "rosterPosition": "BN", "rosterPositionSortOrder": 18, "eTag": "370", "playerUtilizations": [{"displayKey": "ALL", "value": "8.33"}], "playerLink": [], "isNonScoring": true, "percentDrafted": 8.33, "draftableId": 14885069, "score": 1, "stats": [{"statId": 37, "name": "Receiving Touchdowns", "abbreviation": "RecTD", "fantasyPoints": 0, "statValue": 0, "contributesToScoring": true}, {"statId": 40, "name": "Receiving Yards", "abbreviation": "RecYds", "fantasyPoints": 0, "statValue": 0, "contributesToScoring": true}, {"statId": 44, "name": "Receptions", "abbreviation": "REC", "fantasyPoints": 1, "statValue": 1, "contributesToScoring": true}, {"statId": 45, "name": "Punt Return Touchdowns", "abbreviation": "PuntTD", "fantasyPoints": 0, "statValue": 0, "contributesToScoring": true}, {"statId": 49, "name": "100+ Receiving Game", "abbreviation": "100+Rec", "fantasyPoints": 0, "statValue": 0, "contributesToScoring": true}, {"statId": 467, "name": "Targets", "abbreviation": "Targets", "fantasyPoints": 0, "statValue": 5, "contributesToScoring": false}], "statsDescription": "1 REC", "timeRemainingUnit": "PMR", "timeRemaining": 0, "maxTimeRemaining": 0, "competition": {"competitionId": 5673988, "name": "ARI 24 @ SF 20", "nameDisplay": [{"value": "ARI", "isEmphasized": true}, {"value": " 24"}, {"value": " @ "}, {"value": "SF"}, {"value": " 20"}], "timeStatus": "Final", "competitionStatus": "ScoresOfficial", "attributes": {"quarter": "4", "timeRemaining": "Final", "homeTeamScore": "20", "awayTeamScore": "24"}, "startTime": "2020-09-13T20:25:00.0000000Z"}, "attributes": {}, "playerStates": []}, {"firstName": "Anthony", "lastName": "McFarland Jr.", "shortName": "A. McFarland Jr.", "displayName": "Anthony McFarland Jr.", "rosterPositionId": 627, "rosterPosition": "BN", "rosterPositionSortOrder": 19, "eTag": "1", "playerUtilizations": [{"displayKey": "ALL", "value": "8.33"}], "playerLink": [], "isNonScoring": true, "percentDrafted": 8.33, "draftableId": 14885398, "score": 0, "stats": [], "statsDescription": "", "timeRemainingUnit": "PMR", "timeRemaining": 0, "maxTimeRemaining": 0, "competition": {"competitionId": 5674036, "name": "PIT 26 @ NYG 16", "nameDisplay": [{"value": "PIT", "isEmphasized": true}, {"value": " 26"}, {"value": " @ "}, {"value": "NYG"}, {"value": " 16"}], "timeStatus": "Final", "competitionStatus": "ScoresOfficial", "attributes": {"quarter": "4", "timeRemaining": "Final", "homeTeamScore": "16", "awayTeamScore": "26"}, "startTime": "2020-09-14T23:10:00.0000000Z"}, "attributes": {}, "playerStates": []}, {"firstName": "Ryquell", "lastName": "Armstead", "shortName": "R. Armstead", "displayName": "Ryquell Armstead", "rosterPositionId": 627, "rosterPosition": "BN", "rosterPositionSortOrder": 20, "eTag": "1", "playerUtilizations": [{"displayKey": "ALL", "value": "8.33"}], "playerLink": [], "isNonScoring": true, "percentDrafted": 8.33, "draftableId": 14885461, "score": 0, "stats": [], "statsDescription": "", "timeRemainingUnit": "PMR", "timeRemaining": 0, "maxTimeRemaining": 0, "competition": {"competitionId": 5673868, "name": "IND 20 @ JAX 27", "nameDisplay": [{"value": "IND"}, {"value": " 20"}, {"value": " @ "}, {"value": "JAX", "isEmphasized": true}, {"value": " 27"}], "timeStatus": "Final", "competitionStatus": "ScoresOfficial", "attributes": {"quarter": "4", "timeRemaining": "Final", "homeTeamScore": "27", "awayTeamScore": "20"}, "startTime": "2020-09-13T17:00:00.0000000Z"}, "attributes": {}, "playerStates": []}], "scoringDivider": "BENCH PLAYERS"}, "draftGroupId": 37605, "contestKey": "89306793", "entryKey": "2058478452", "lineupId": -1, "userName": "sansbacon", "userKey": "725157", "userEntryCount": 1, "userEntryIndex": 1, "timeRemaining": 0, "timeRemainingUnit": "PMR", "maxTimeRemaining": 1200, "timeRemainingOpponent": 0, "rank": 5, "fantasyPoints": 154, "fantasyPointsOpponent": 197.28, "userNameOpponent": "fowlerredcats", "winningValue": 0}]}