{"entries": [{"roster": {"scorecards": [{"firstName": "Russell", "lastName": "Wilson", "shortName": "R. Wilson", "displayName": "Russell Wilson", "rosterPositionId": 66, "rosterPosition": "QB", "rosterPositionSortOrder": 1, "eTag": "549", "playerUtilizations": [{"displayKey": "ALL", "value": "33.33"}], "playerLink": [], "percentDrafted": 33.33, "draftableId": 14884981, "score": 34.78, "stats": [{"statId": 36, "name": "Passing Touchdowns", "abbreviation": "PaTD", "fantasyPoints": 16, "statValue": 4, "contributesToScoring": true}, {"statId": 38, "name": "Rushing Touchdowns", "abbreviation": "RuTD", "fantasyPoints": 0, "statValue": 0, "contributesToScoring": true}, {"statId": 39, "name": "Passing Yards", "abbreviation": "PaYds", "fantasyPoints": 12.88, "statValue": 322, "contributesToScoring": true}, {"statId": 41, "name": "Rushing Yards", "abbreviation": "RuYds", "fantasyPoints": 2.9, "statValue": 29, "contributesToScoring": true}, {"statId": 46, "name": "Interceptions Thrown", "abbreviation": "INT", "fantasyPoints": 0, "statValue": 0, "contributesToScoring": true}, {"statId": 47, "name": "300+ Yards Passing Game", "abbreviation": "300+Pass", "fantasyPoints": 3, "statValue": 1, "contributesToScoring": true}, {"statId": 48, "name": "100+ Rushing Game", "abbreviation": "100+Rush", "fantasyPoints": 0, "statValue": 0, "contributesToScoring": true}, {"statId": 558, "name": "Offensive Fumble Recovery TDs", "abbreviation": "OFR TD", "fantasyPoints": 0, "statValue": 0, "contributesToScoring": true}], "statsDescription": "4 PaTD, 322 PaYds, 29 RuYds, 1 300+Pass", "timeRemainingUnit": "PMR", "timeRemaining": 0, "maxTimeRemaining": 0, "competition": {"competitionId": 5673562, "name": "SEA 38 @ ATL 25", "nameDisplay": [{"value": "SEA", "isEmphasized": true}, {"value": " 38"}, {"value": " @ "}, {"value": "ATL"}, {"value": " 25"}], "timeStatus": "Final", "competitionStatus": "ScoresOfficial", "attributes": {"quarter": "4", "timeRemaining": "Final", "homeTeamScore": "25", "awayTeamScore": "38"}, "startTime": "2020-09-13T17:00:00.0000000Z"}, "attributes": {}, "playerStates": []}, {"firstName": "Ezekiel", "lastName": "Elliott", "shortName": "E. Elliott", "displayName": "Ezekiel Elliott", "rosterPositionId": 67, "rosterPosition": "RB", "rosterPositionSortOrder": 2, "eTag": "509", "playerUtilizations": [{"displayKey": "ALL", "value": "33.33"}], "playerLink": [], "percentDrafted": 33.33, "draftableId": 14884790, "score": 27.7, "stats": [{"statId": 37, "name": "Receiving Touchdowns", "abbreviation": "RecTD", "fantasyPoints": 6, "statValue": 1, "contributesToScoring": true}, {"statId": 38, "name": "Rushing Touchdowns", "abbreviation": "RuTD", "fantasyPoints": 6, "statValue": 1, "contributesToScoring": true}, {"statId": 40, "name": "Receiving Yards", "abbreviation": "RecYds", "fantasyPoints": 3.1, "statValue": 31, "contributesToScoring": true}, {"statId": 41, "name": "Rushing Yards", "abbreviation": "RuYds", "fantasyPoints": 9.6, "statValue": 96, "contributesToScoring": true}, {"statId": 44, "name": "Receptions", "abbreviation": "REC", "fantasyPoints": 3, "statValue": 3, "contributesToScoring": true}, {"statId": 48, "name": "100+ Rushing Game", "abbreviation": "100+Rush", "fantasyPoints": 0, "statValue": 0, "contributesToScoring": true}, {"statId": 49, "name": "100+ Receiving Game", "abbreviation": "100+Rec", "fantasyPoints": 0, "statValue": 0, "contributesToScoring": true}, {"statId": 467, "name": "Targets", "abbreviation": "Targets", "fantasyPoints": 0, "statValue": 0, "contributesToScoring": false}], "statsDescription": "1 RecTD, 1 RuTD, 31 RecYds, 96 RuYds, 3 REC", "timeRemainingUnit": "PMR", "timeRemaining": 0, "maxTimeRemaining": 0, "competition": {"competitionId": 5674012, "name": "DAL 17 @ LAR 20", "nameDisplay": [{"value": "DAL", "isEmphasized": true}, {"value": " 17"}, {"value": " @ "}, {"value": "LAR"}, {"value": " 20"}], "timeStatus": "Final", "competitionStatus": "ScoresOfficial", "attributes": {"quarter": "4", "timeRemaining": "Final", "homeTeamScore": "20", "awayTeamScore": "17"}, "startTime": "2020-09-14T00:20:00.0000000Z"}, "attributes": {}, "playerStates": []}, {"firstName": "Alvin", "lastName": "Kamara", "shortName": "A. Kamara", "displayName": "Alvin Kamara", "rosterPositionId": 67, "rosterPosition": "RB", "rosterPositionSortOrder": 3, "eTag": "503", "playerUtilizations": [{"displayKey": "ALL", "value": "33.33"}], "playerLink": [], "percentDrafted": 33.33, "draftableId": 14884799, "score": 23.7, "stats": [{"statId": 37, "name": "Receiving Touchdowns", "abbreviation": "RecTD", "fantasyPoints": 6, "statValue": 1, "contributesToScoring": true}, {"statId": 38, "name": "Rushing Touchdowns", "abbreviation": "RuTD", "fantasyPoints": 6, "statValue": 1, "contributesToScoring": true}, {"statId": 40, "name": "Receiving Yards", "abbreviation": "RecYds", "fantasyPoints": 5.1, "statValue": 51, "contributesToScoring": true}, {"statId": 41, "name": "Rushing Yards", "abbreviation": "RuYds", "fantasyPoints": 1.6, "statValue": 16, "contributesToScoring": true}, {"statId": 44, "name": "Receptions", "abbreviation": "REC", "fantasyPoints": 5, "statValue": 5, "contributesToScoring": true}, {"statId": 48, "name": "100+ Rushing Game", "abbreviation": "100+Rush", "fantasyPoints": 0, "statValue": 0, "contributesToScoring": true}, {"statId": 49, "name": "100+ Receiving Game", "abbreviation": "100+Rec", "fantasyPoints": 0, "statValue": 0, "contributesToScoring": true}, {"statId": 467, "name": "Targets", "abbreviation": "Targets", "fantasyPoints": 0, "statValue": 8, "contributesToScoring": false}], "statsDescription": "1 RecTD, 1 RuTD, 51 RecYds, 16 RuYds, 5 REC", "timeRemainingUnit": "PMR", "timeRemaining": 0, "maxTimeRemaining": 0, "competition": {"competitionId": 5673346, "name": "TB 23 @ NO 34", "nameDisplay": [{"value": "TB"}, {"value": " 23"}, {"value": " @ "}, {"value": "NO", "isEmphasized": true}, {"value": " 34"}], "timeStatus": "Final", "competitionStatus": "ScoresOfficial", "attributes": {"quarter": "4", "timeRemaining": "Final", "homeTeamScore": "34", "awayTeamScore": "23"}, "startTime": "2020-09-13T20:25:00.0000000Z"}, "attributes": {}, "playerStates": []}, {"firstName": "Adam", "lastName": "Thielen", "shortName": "A. Thielen", "displayName": "Adam Thielen", "rosterPositionId": 68, "rosterPosition": "WR", "rosterPositionSortOrder": 4, "eTag": "373", "playerUtilizations": [{"displayKey": "ALL", "value": "33.33"}], "playerLink": [], "percentDrafted": 33.33, "draftableId": 14884874, "score": 34, "stats": [{"statId": 37, "name": "Receiving Touchdowns", "abbreviation": "RecTD", "fantasyPoints": 12, "statValue": 2, "contributesToScoring": true}, {"statId": 40, "name": "Receiving Yards", "abbreviation": "RecYds", "fantasyPoints": 11, "statValue": 110, "contributesToScoring": true}, {"statId": 44, "name": "Receptions", "abbreviation": "REC", "fantasyPoints": 6, "statValue": 6, "contributesToScoring": true}, {"statId": 49, "name": "100+ Receiving Game", "abbreviation": "100+Rec", "fantasyPoints": 3, "statValue": 1, "contributesToScoring": true}, {"statId": 51, "name": "2 Point Conversions", "abbreviation": "2PT", "fantasyPoints": 2, "statValue": 1, "contributesToScoring": true}, {"statId": 70, "name": "2PTs Passing", "abbreviation": "2PtPass", "fantasyPoints": 0, "statValue": 0, "contributesToScoring": true}, {"statId": 467, "name": "Targets", "abbreviation": "Targets", "fantasyPoints": 0, "statValue": 8, "contributesToScoring": false}], "statsDescription": "2 RecTD, 110 RecYds, 6 REC, 1 100+Rec, 1 2PT", "timeRemainingUnit": "PMR", "timeRemaining": 0, "maxTimeRemaining": 0, "competition": {"competitionId": 5673850, "name": "GB 43 @ MIN 34", "nameDisplay": [{"value": "GB"}, {"value": " 43"}, {"value": " @ "}, {"value": "MIN", "isEmphasized": true}, {"value": " 34"}], "timeStatus": "Final", "competitionStatus": "ScoresOfficial", "attributes": {"quarter": "4", "timeRemaining": "Final", "homeTeamScore": "34", "awayTeamScore": "43"}, "startTime": "2020-09-13T17:00:00.0000000Z"}, "attributes": {}, "playerStates": []}, {"firstName": "DeAndre", "lastName": "Hopkins", "shortName": "D. Hopkins", "displayName": "DeAndre Hopkins", "rosterPositionId": 68, "rosterPosition": "WR", "rosterPositionSortOrder": 5, "eTag": "398", "playerUtilizations": [{"displayKey": "ALL", "value": "33.33"}], "playerLink": [], "percentDrafted": 33.33, "draftableId": 14884826, "score": 32.1, "stats": [{"statId": 37, "name": "Receiving Touchdowns", "abbreviation": "RecTD", "fantasyPoints": 0, "statValue": 0, "contributesToScoring": true}, {"statId": 40, "name": "Receiving Yards", "abbreviation": "RecYds", "fantasyPoints": 15.1, "statValue": 151, "contributesToScoring": true}, {"statId": 44, "name": "Receptions", "abbreviation": "REC", "fantasyPoints": 14, "statValue": 14, "contributesToScoring": true}, {"statId": 49, "name": "100+ Receiving Game", "abbreviation": "100+Rec", "fantasyPoints": 3, "statValue": 1, "contributesToScoring": true}, {"statId": 467, "name": "Targets", "abbreviation": "Targets", "fantasyPoints": 0, "statValue": 16, "contributesToScoring": false}], "statsDescription": "151 RecYds, 14 REC, 1 100+Rec", "timeRemainingUnit": "PMR", "timeRemaining": 0, "maxTimeRemaining": 0, "competition": {"competitionId": 5673988, "name": "ARI 24 @ SF 20", "nameDisplay": [{"value": "ARI", "isEmphasized": true}, {"value": " 24"}, {"value": " @ "}, {"value": "SF"}, {"value": " 20"}], "timeStatus": "Final", "competitionStatus": "ScoresOfficial", "attributes": {"quarter": "4", "timeRemaining": "Final", "homeTeamScore": "20", "awayTeamScore": "24"}, "startTime": "2020-09-13T20:25:00.0000000Z"}, "attributes": {}, "playerStates": []}, {"firstName": "JuJu", "lastName": "Smith-Schuster", "shortName": "J. Smith-Schuster", "displayName": "JuJu Smith-Schuster", "rosterPositionId": 68, "rosterPosition": "WR", "rosterPositionSortOrder": 6, "eTag": "335", "playerUtilizations": [{"displayKey": "ALL", "value": "33.33"}], "playerLink": [], "percentDrafted": 33.33, "draftableId": 14884880, "score": 24.9, "stats": [{"statId": 37, "name": "Receiving Touchdowns", "abbreviation": "RecTD", "fantasyPoints": 12, "statValue": 2, "contributesToScoring": true}, {"statId": 40, "name": "Receiving Yards", "abbreviation": "RecYds", "fantasyPoints": 6.9, "statValue": 69, "contributesToScoring": true}, {"statId": 44, "name": "Receptions", "abbreviation": "REC", "fantasyPoints": 6, "statValue": 6, "contributesToScoring": true}, {"statId": 49, "name": "100+ Receiving Game", "abbreviation": "100+Rec", "fantasyPoints": 0, "statValue": 0, "contributesToScoring": true}, {"statId": 65, "name": "Kick Return Touchdowns", "abbreviation": "KRetTD", "fantasyPoints": 0, "statValue": 0, "contributesToScoring": true}, {"statId": 467, "name": "Targets", "abbreviation": "Targets", "fantasyPoints": 0, "statValue": 0, "contributesToScoring": false}, {"statId": 558, "name": "Offensive Fumble Recovery TDs", "abbreviation": "OFR TD", "fantasyPoints": 0, "statValue": 0, "contributesToScoring": true}], "statsDescription": "2 RecTD, 69 RecYds, 6 REC", "timeRemainingUnit": "PMR", "timeRemaining": 0, "maxTimeRemaining": 0, "competition": {"competitionId": 5674036, "name": "PIT 26 @ NYG 16", "nameDisplay": [{"value": "PIT", "isEmphasized": true}, {"value": " 26"}, {"value": " @ "}, {"value": "NYG"}, {"value": " 16"}], "timeStatus": "Final", "competitionStatus": "ScoresOfficial", "attributes": {"quarter": "4", "timeRemaining": "Final", "homeTeamScore": "16", "awayTeamScore": "26"}, "startTime": "2020-09-14T23:10:00.0000000Z"}, "attributes": {}, "playerStates": []}, {"firstName": "Darren", "lastName": "Waller", "shortName": "D. Waller", "displayName": "Darren Waller", "rosterPositionId": 69, "rosterPosition": "TE", "rosterPositionSortOrder": 7, "eTag": "442", "playerUtilizations": [{"displayKey": "ALL", "value": "33.33"}], "playerLink": [], "percentDrafted": 33.33, "draftableId": 14884949, "score": 10.5, "stats": [{"statId": 37, "name": "Receiving Touchdowns", "abbreviation": "RecTD", "fantasyPoints": 0, "statValue": 0, "contributesToScoring": true}, {"statId": 40, "name": "Receiving Yards", "abbreviation": "RecYds", "fantasyPoints": 4.5, "statValue": 45, "contributesToScoring": true}, {"statId": 44, "name": "Receptions", "abbreviation": "REC", "fantasyPoints": 6, "statValue": 6, "contributesToScoring": true}, {"statId": 49, "name": "100+ Receiving Game", "abbreviation": "100+Rec", "fantasyPoints": 0, "statValue": 0, "contributesToScoring": true}, {"statId": 467, "name": "Targets", "abbreviation": "Targets", "fantasyPoints": 0, "statValue": 0, "contributesToScoring": false}], "statsDescription": "45 RecYds, 6 REC", "timeRemainingUnit": "PMR", "timeRemaining": 0, "maxTimeRemaining": 0, "competition": {"competitionId": 5673940, "name": "LV 34 @ CAR 30", "nameDisplay": [{"value": "LV", "isEmphasized": true}, {"value": " 34"}, {"value": " @ "}, {"value": "CAR"}, {"value": " 30"}], "timeStatus": "Final", "competitionStatus": "ScoresOfficial", "attributes": {"quarter": "4", "timeRemaining": "Final", "homeTeamScore": "30", "awayTeamScore": "34"}, "startTime": "2020-09-13T17:00:00.0000000Z"}, "attributes": {}, "playerStates": []}, {"firstName": "Dalvin", "lastName": "Cook", "shortName": "D. Cook", "displayName": "Dalvin Cook", "rosterPositionId": 70, "rosterPosition": "FLEX", "rosterPositionSortOrder": 8, "eTag": "365", "playerUtilizations": [{"displayKey": "ALL", "value": "33.33"}], "playerLink": [], "percentDrafted": 33.33, "draftableId": 14884803, "score": 21.8, "stats": [{"statId": 37, "name": "Receiving Touchdowns", "abbreviation": "RecTD", "fantasyPoints": 0, "statValue": 0, "contributesToScoring": true}, {"statId": 38, "name": "Rushing Touchdowns", "abbreviation": "RuTD", "fantasyPoints": 12, "statValue": 2, "contributesToScoring": true}, {"statId": 40, "name": "Receiving Yards", "abbreviation": "RecYds", "fantasyPoints": -0.2, "statValue": -2, "contributesToScoring": true}, {"statId": 41, "name": "Rushing Yards", "abbreviation": "RuYds", "fantasyPoints": 5, "statValue": 50, "contributesToScoring": true}, {"statId": 44, "name": "Receptions", "abbreviation": "REC", "fantasyPoints": 1, "statValue": 1, "contributesToScoring": true}, {"statId": 48, "name": "100+ Rushing Game", "abbreviation": "100+Rush", "fantasyPoints": 0, "statValue": 0, "contributesToScoring": true}, {"statId": 49, "name": "100+ Receiving Game", "abbreviation": "100+Rec", "fantasyPoints": 0, "statValue": 0, "contributesToScoring": true}, {"statId": 51, "name": "2 Point Conversions", "abbreviation": "2PT", "fantasyPoints": 4, "statValue": 2, "contributesToScoring": true}, {"statId": 70, "name": "2PTs Passing", "abbreviation": "2PtPass", "fantasyPoints": 0, "statValue": 0, "contributesToScoring": true}, {"statId": 467, "name": "Targets", "abbreviation": "Targets", "fantasyPoints": 0, "statValue": 2, "contributesToScoring": false}], "statsDescription": "2 RuTD, 50 RuYds, 1 REC, 2 2PT", "timeRemainingUnit": "PMR", "timeRemaining": 0, "maxTimeRemaining": 0, "competition": {"competitionId": 5673850, "name": "GB 43 @ MIN 34", "nameDisplay": [{"value": "GB"}, {"value": " 43"}, {"value": " @ "}, {"value": "MIN", "isEmphasized": true}, {"value": " 34"}], "timeStatus": "Final", "competitionStatus": "ScoresOfficial", "attributes": {"quarter": "4", "timeRemaining": "Final", "homeTeamScore": "34", "awayTeamScore": "43"}, "startTime": "2020-09-13T17:00:00.0000000Z"}, "attributes": {}, "playerStates": []}, {"firstName": "Deshaun", "lastName": "Watson", "shortName": "D. Watson", "displayName": "Deshaun Watson", "rosterPositionId": 627, "rosterPosition": "BN", "rosterPositionSortOrder": 9, "eTag": "491", "playerUtilizations": [{"displayKey": "ALL", "value": "33.33"}], "playerLink": [], "isNonScoring": true, "percentDrafted": 33.33, "draftableId": 14884978, "score": 21.82, "stats": [{"statId": 36, "name": "Passing Touchdowns", "abbreviation": "PaTD", "fantasyPoints": 4, "statValue": 1, "contributesToScoring": true}, {"statId": 38, "name": "Rushing Touchdowns", "abbreviation": "RuTD", "fantasyPoints": 6, "statValue": 1, "contributesToScoring": true}, {"statId": 39, "name": "Passing Yards", "abbreviation": "PaYds", "fantasyPoints": 10.12, "statValue": 253, "contributesToScoring": true}, {"statId": 41, "name": "Rushing Yards", "abbreviation": "RuYds", "fantasyPoints": 2.7, "statValue": 27, "contributesToScoring": true}, {"statId": 46, "name": "Interceptions Thrown", "abbreviation": "INT", "fantasyPoints": -1, "statValue": 1, "contributesToScoring": true}, {"statId": 47, "name": "300+ Yards Passing Game", "abbreviation": "300+Pass", "fantasyPoints": 0, "statValue": 0, "contributesToScoring": true}, {"statId": 48, "name": "100+ Rushing Game", "abbreviation": "100+Rush", "fantasyPoints": 0, "statValue": 0, "contributesToScoring": true}], "statsDescription": "1 PaTD, 1 RuTD, 253 PaYds, 27 RuYds, 1 INT", "timeRemainingUnit": "PMR", "timeRemaining": 0, "maxTimeRemaining": 0, "competition": {"competitionId": 5673802, "name": "HOU 20 @ KC 34", "nameDisplay": [{"value": "HOU", "isEmphasized": true}, {"value": " 20"}, {"value": " @ "}, {"value": "KC"}, {"value": " 34"}], "timeStatus": "Final", "competitionStatus": "ScoresOfficial", "attributes": {"quarter": "4", "timeRemaining": "Final", "homeTeamScore": "34", "awayTeamScore": "20"}, "startTime": "2020-09-11T00:20:00.0000000Z"}, "attributes": {}, "playerStates": []}, {"firstName": "Derrick", "lastName": "Henry", "shortName": "D. Henry", "displayName": "Derrick Henry", "rosterPositionId": 627, "rosterPosition": "BN", "rosterPositionSortOrder": 10, "eTag": "549", "playerUtilizations": [{"displayKey": "ALL", "value": "33.33"}], "playerLink": [], "isNonScoring": true, "percentDrafted": 33.33, "draftableId": 14884795, "score": 19.1, "stats": [{"statId": 37, "name": "Receiving Touchdowns", "abbreviation": "RecTD", "fantasyPoints": 0, "statValue": 0, "contributesToScoring": true}, {"statId": 38, "name": "Rushing Touchdowns", "abbreviation": "RuTD", "fantasyPoints": 0, "statValue": 0, "contributesToScoring": true}, {"statId": 40, "name": "Receiving Yards", "abbreviation": "RecYds", "fantasyPoints": 1.5, "statValue": 15, "contributesToScoring": true}, {"statId": 41, "name": "Rushing Yards", "abbreviation": "RuYds", "fantasyPoints": 11.6, "statValue": 116, "contributesToScoring": true}, {"statId": 44, "name": "Receptions", "abbreviation": "REC", "fantasyPoints": 3, "statValue": 3, "contributesToScoring": true}, {"statId": 48, "name": "100+ Rushing Game", "abbreviation": "100+Rush", "fantasyPoints": 3, "statValue": 1, "contributesToScoring": true}, {"statId": 49, "name": "100+ Receiving Game", "abbreviation": "100+Rec", "fantasyPoints": 0, "statValue": 0, "contributesToScoring": true}, {"statId": 467, "name": "Targets", "abbreviation": "Targets", "fantasyPoints": 0, "statValue": 0, "contributesToScoring": false}], "statsDescription": "15 RecYds, 116 RuYds, 3 REC, 1 100+Rush", "timeRemainingUnit": "PMR", "timeRemaining": 0, "maxTimeRemaining": 0, "competition": {"competitionId": 5674048, "name": "TEN 16 @ DEN 14", "nameDisplay": [{"value": "TEN", "isEmphasized": true}, {"value": " 16"}, {"value": " @ "}, {"value": "DEN"}, {"value": " 14"}], "timeStatus": "Final", "competitionStatus": "ScoresOfficial", "attributes": {"quarter": "4", "timeRemaining": "Final", "homeTeamScore": "14", "awayTeamScore": "16"}, "startTime": "2020-09-15T02:20:00.0000000Z"}, "attributes": {}, "playerStates": []}, {"firstName": "Carson", "lastName": "Wentz", "shortName": "C. Wentz", "displayName": "Carson Wentz", "rosterPositionId": 627, "rosterPosition": "BN", "rosterPositionSortOrder": 11, "eTag": "469", "playerUtilizations": [{"displayKey": "ALL", "value": "33.33"}], "playerLink": [], "isNonScoring": true, "percentDrafted": 33.33, "draftableId": 14885074, "score": 16, "stats": [{"statId": 36, "name": "Passing Touchdowns", "abbreviation": "PaTD", "fantasyPoints": 8, "statValue": 2, "contributesToScoring": true}, {"statId": 38, "name": "Rushing Touchdowns", "abbreviation": "RuTD", "fantasyPoints": 0, "statValue": 0, "contributesToScoring": true}, {"statId": 39, "name": "Passing Yards", "abbreviation": "PaYds", "fantasyPoints": 10.8, "statValue": 270, "contributesToScoring": true}, {"statId": 41, "name": "Rushing Yards", "abbreviation": "RuYds", "fantasyPoints": 0.2, "statValue": 2, "contributesToScoring": true}, {"statId": 46, "name": "Interceptions Thrown", "abbreviation": "INT", "fantasyPoints": -2, "statValue": 2, "contributesToScoring": true}, {"statId": 47, "name": "300+ Yards Passing Game", "abbreviation": "300+Pass", "fantasyPoints": 0, "statValue": 0, "contributesToScoring": true}, {"statId": 48, "name": "100+ Rushing Game", "abbreviation": "100+Rush", "fantasyPoints": 0, "statValue": 0, "contributesToScoring": true}, {"statId": 50, "name": "Fumbles Lost", "abbreviation": "FUM", "fantasyPoints": -1, "statValue": 1, "contributesToScoring": true}], "statsDescription": "2 PaTD, 270 PaYds, 2 RuYds, 2 INT, 1 FUM", "timeRemainingUnit": "PMR", "timeRemaining": 0, "maxTimeRemaining": 0, "competition": {"competitionId": 5673832, "name": "PHI 17 @ WAS 27", "nameDisplay": [{"value": "PHI", "isEmphasized": true}, {"value": " 17"}, {"value": " @ "}, {"value": "WAS"}, {"value": " 27"}], "timeStatus": "Final", "competitionStatus": "ScoresOfficial", "attributes": {"quarter": "4", "timeRemaining": "Final", "homeTeamScore": "27", "awayTeamScore": "17"}, "startTime": "2020-09-13T17:00:00.0000000Z"}, "attributes": {}, "playerStates": []}, {"firstName": "Allen", "lastName": "Robinson II", "shortName": "A. Robinson II", "displayName": "Allen Robinson II", "rosterPositionId": 627, "rosterPosition": "BN", "rosterPositionSortOrder": 12, "eTag": "425", "playerUtilizations": [{"displayKey": "ALL", "value": "33.33"}], "playerLink": [], "isNonScoring": true, "percentDrafted": 33.33, "draftableId": 14884859, "score": 12.3, "stats": [{"statId": 37, "name": "Receiving Touchdowns", "abbreviation": "RecTD", "fantasyPoints": 0, "statValue": 0, "contributesToScoring": true}, {"statId": 38, "name": "Rushing Touchdowns", "abbreviation": "RuTD", "fantasyPoints": 0, "statValue": 0, "contributesToScoring": true}, {"statId": 40, "name": "Receiving Yards", "abbreviation": "RecYds", "fantasyPoints": 7.4, "statValue": 74, "contributesToScoring": true}, {"statId": 41, "name": "Rushing Yards", "abbreviation": "RuYds", "fantasyPoints": -0.1, "statValue": -1, "contributesToScoring": true}, {"statId": 44, "name": "Receptions", "abbreviation": "REC", "fantasyPoints": 5, "statValue": 5, "contributesToScoring": true}, {"statId": 48, "name": "100+ Rushing Game", "abbreviation": "100+Rush", "fantasyPoints": 0, "statValue": 0, "contributesToScoring": true}, {"statId": 49, "name": "100+ Receiving Game", "abbreviation": "100+Rec", "fantasyPoints": 0, "statValue": 0, "contributesToScoring": true}, {"statId": 467, "name": "Targets", "abbreviation": "Targets", "fantasyPoints": 0, "statValue": 9, "contributesToScoring": false}], "statsDescription": "74 RecYds, 5 REC", "timeRemainingUnit": "PMR", "timeRemaining": 0, "maxTimeRemaining": 0, "competition": {"competitionId": 5673322, "name": "CHI 27 @ DET 23", "nameDisplay": [{"value": "CHI", "isEmphasized": true}, {"value": " 27"}, {"value": " @ "}, {"value": "DET"}, {"value": " 23"}], "timeStatus": "Final", "competitionStatus": "ScoresOfficial", "attributes": {"quarter": "4", "timeRemaining": "Final", "homeTeamScore": "23", "awayTeamScore": "27"}, "startTime": "2020-09-13T17:00:00.0000000Z"}, "attributes": {}, "playerStates": []}, {"firstName": "Terry", "lastName": "McLaurin", "shortName": "T. McLaurin", "displayName": "Terry McLaurin", "rosterPositionId": 627, "rosterPosition": "BN", "rosterPositionSortOrder": 13, "eTag": "443", "playerUtilizations": [{"displayKey": "ALL", "value": "33.33"}], "playerLink": [], "isNonScoring": true, "percentDrafted": 33.33, "draftableId": 14884895, "score": 11.1, "stats": [{"statId": 37, "name": "Receiving Touchdowns", "abbreviation": "RecTD", "fantasyPoints": 0, "statValue": 0, "contributesToScoring": true}, {"statId": 40, "name": "Receiving Yards", "abbreviation": "RecYds", "fantasyPoints": 6.1, "statValue": 61, "contributesToScoring": true}, {"statId": 44, "name": "Receptions", "abbreviation": "REC", "fantasyPoints": 5, "statValue": 5, "contributesToScoring": true}, {"statId": 49, "name": "100+ Receiving Game", "abbreviation": "100+Rec", "fantasyPoints": 0, "statValue": 0, "contributesToScoring": true}, {"statId": 467, "name": "Targets", "abbreviation": "Targets", "fantasyPoints": 0, "statValue": 0, "contributesToScoring": false}], "statsDescription": "61 RecYds, 5 REC", "timeRemainingUnit": "PMR", "timeRemaining": 0, "maxTimeRemaining": 0, "competition": {"competitionId": 5673832, "name": "PHI 17 @ WAS 27", "nameDisplay": [{"value": "PHI"}, {"value": " 17"}, {"value": " @ "}, {"value": "WAS", "isEmphasized": true}, {"value": " 27"}], "timeStatus": "Final", "competitionStatus": "ScoresOfficial", "attributes": {"quarter": "4", "timeRemaining": "Final", "homeTeamScore": "27", "awayTeamScore": "17"}, "startTime": "2020-09-13T17:00:00.0000000Z"}, "attributes": {}, "playerStates": []}, {"firstName": "A.J.", "lastName": "Brown", "shortName": "A. Brown", "displayName": "A.J. Brown", "rosterPositionId": 627, "rosterPosition": "BN", "rosterPositionSortOrder": 14, "eTag": "541", "playerUtilizations": [{"displayKey": "ALL", "value": "33.33"}], "playerLink": [], "isNonScoring": true, "percentDrafted": 33.33, "draftableId": 14884862, "score": 8.9, "stats": [{"statId": 37, "name": "Receiving Touchdowns", "abbreviation": "RecTD", "fantasyPoints": 0, "statValue": 0, "contributesToScoring": true}, {"statId": 40, "name": "Receiving Yards", "abbreviation": "RecYds", "fantasyPoints": 3.9, "statValue": 39, "contributesToScoring": true}, {"statId": 44, "name": "Receptions", "abbreviation": "REC", "fantasyPoints": 5, "statValue": 5, "contributesToScoring": true}, {"statId": 49, "name": "100+ Receiving Game", "abbreviation": "100+Rec", "fantasyPoints": 0, "statValue": 0, "contributesToScoring": true}, {"statId": 467, "name": "Targets", "abbreviation": "Targets", "fantasyPoints": 0, "statValue": 0, "contributesToScoring": false}], "statsDescription": "39 RecYds, 5 REC", "timeRemainingUnit": "PMR", "timeRemaining": 0, "maxTimeRemaining": 0, "competition": {"competitionId": 5674048, "name": "TEN 16 @ DEN 14", "nameDisplay": [{"value": "TEN", "isEmphasized": true}, {"value": " 16"}, {"value": " @ "}, {"value": "DEN"}, {"value": " 14"}], "timeStatus": "Final", "competitionStatus": "ScoresOfficial", "attributes": {"quarter": "4", "timeRemaining": "Final", "homeTeamScore": "14", "awayTeamScore": "16"}, "startTime": "2020-09-15T02:20:00.0000000Z"}, "attributes": {}, "playerStates": []}, {"firstName": "Joe", "lastName": "Mixon", "shortName": "J. Mixon", "displayName": "Joe Mixon", "rosterPositionId": 627, "rosterPosition": "BN", "rosterPositionSortOrder": 15, "eTag": "426", "playerUtilizations": [{"displayKey": "ALL", "value": "33.33"}], "playerLink": [], "isNonScoring": true, "percentDrafted": 33.33, "draftableId": 14884810, "score": 7.1, "stats": [{"statId": 37, "name": "Receiving Touchdowns", "abbreviation": "RecTD", "fantasyPoints": 0, "statValue": 0, "contributesToScoring": true}, {"statId": 38, "name": "Rushing Touchdowns", "abbreviation": "RuTD", "fantasyPoints": 0, "statValue": 0, "contributesToScoring": true}, {"statId": 40, "name": "Receiving Yards", "abbreviation": "RecYds", "fantasyPoints": 0.2, "statValue": 2, "contributesToScoring": true}, {"statId": 41, "name": "Rushing Yards", "abbreviation": "RuYds", "fantasyPoints": 6.9, "statValue": 69, "contributesToScoring": true}, {"statId": 44, "name": "Receptions", "abbreviation": "REC", "fantasyPoints": 1, "statValue": 1, "contributesToScoring": true}, {"statId": 48, "name": "100+ Rushing Game", "abbreviation": "100+Rush", "fantasyPoints": 0, "statValue": 0, "contributesToScoring": true}, {"statId": 49, "name": "100+ Receiving Game", "abbreviation": "100+Rec", "fantasyPoints": 0, "statValue": 0, "contributesToScoring": true}, {"statId": 50, "name": "Fumbles Lost", "abbreviation": "FUM", "fantasyPoints": -1, "statValue": 1, "contributesToScoring": true}, {"statId": 467, "name": "Targets", "abbreviation": "Targets", "fantasyPoints": 0, "statValue": 2, "contributesToScoring": false}, {"statId": 558, "name": "Offensive Fumble Recovery TDs", "abbreviation": "OFR TD", "fantasyPoints": 0, "statValue": 0, "contributesToScoring": true}], "statsDescription": "2 RecYds, 69 RuYds, 1 REC, 1 FUM", "timeRemainingUnit": "PMR", "timeRemaining": 0, "maxTimeRemaining": 0, "competition": {"competitionId": 5673964, "name": "LAC 16 @ CIN 13", "nameDisplay": [{"value": "LAC"}, {"value": " 16"}, {"value": " @ "}, {"value": "CIN", "isEmphasized": true}, {"value": " 13"}], "timeStatus": "Final", "competitionStatus": "ScoresOfficial", "attributes": {"quarter": "4", "timeRemaining": "Final", "homeTeamScore": "13", "awayTeamScore": "16"}, "startTime": "2020-09-13T20:05:00.0000000Z"}, "attributes": {}, "playerStates": []}, {"firstName": "Hayden", "lastName": "Hurst", "shortName": "H. Hurst", "displayName": "Hayden Hurst", "rosterPositionId": 627, "rosterPosition": "BN", "rosterPositionSortOrder": 16, "eTag": "455", "playerUtilizations": [{"displayKey": "ALL", "value": "33.33"}], "playerLink": [], "isNonScoring": true, "percentDrafted": 33.33, "draftableId": 14885057, "score": 6.8, "stats": [{"statId": 37, "name": "Receiving Touchdowns", "abbreviation": "RecTD", "fantasyPoints": 0, "statValue": 0, "contributesToScoring": true}, {"statId": 40, "name": "Receiving Yards", "abbreviation": "RecYds", "fantasyPoints": 3.8, "statValue": 38, "contributesToScoring": true}, {"statId": 44, "name": "Receptions", "abbreviation": "REC", "fantasyPoints": 3, "statValue": 3, "contributesToScoring": true}, {"statId": 49, "name": "100+ Receiving Game", "abbreviation": "100+Rec", "fantasyPoints": 0, "statValue": 0, "contributesToScoring": true}, {"statId": 467, "name": "Targets", "abbreviation": "Targets", "fantasyPoints": 0, "statValue": 0, "contributesToScoring": false}], "statsDescription": "38 RecYds, 3 REC", "timeRemainingUnit": "PMR", "timeRemaining": 0, "maxTimeRemaining": 0, "competition": {"competitionId": 5673562, "name": "SEA 38 @ ATL 25", "nameDisplay": [{"value": "SEA"}, {"value": " 38"}, {"value": " @ "}, {"value": "ATL", "isEmphasized": true}, {"value": " 25"}], "timeStatus": "Final", "competitionStatus": "ScoresOfficial", "attributes": {"quarter": "4", "timeRemaining": "Final", "homeTeamScore": "25", "awayTeamScore": "38"}, "startTime": "2020-09-13T17:00:00.0000000Z"}, "attributes": {}, "playerStates": []}, {"firstName": "Odell", "lastName": "Beckham Jr.", "shortName": "O. Beckham Jr.", "displayName": "Odell Beckham Jr.", "rosterPositionId": 627, "rosterPosition": "BN", "rosterPositionSortOrder": 17, "eTag": "236", "playerUtilizations": [{"displayKey": "ALL", "value": "33.33"}], "playerLink": [], "isNonScoring": true, "percentDrafted": 33.33, "draftableId": 14884851, "score": 5.2, "stats": [{"statId": 37, "name": "Receiving Touchdowns", "abbreviation": "RecTD", "fantasyPoints": 0, "statValue": 0, "contributesToScoring": true}, {"statId": 40, "name": "Receiving Yards", "abbreviation": "RecYds", "fantasyPoints": 2.2, "statValue": 22, "contributesToScoring": true}, {"statId": 44, "name": "Receptions", "abbreviation": "REC", "fantasyPoints": 3, "statValue": 3, "contributesToScoring": true}, {"statId": 49, "name": "100+ Receiving Game", "abbreviation": "100+Rec", "fantasyPoints": 0, "statValue": 0, "contributesToScoring": true}, {"statId": 467, "name": "Targets", "abbreviation": "Targets", "fantasyPoints": 0, "statValue": 10, "contributesToScoring": false}], "statsDescription": "22 RecYds, 3 REC", "timeRemainingUnit": "PMR", "timeRemaining": 0, "maxTimeRemaining": 0, "competition": {"competitionId": 5673892, "name": "CLE 6 @ BAL 38", "nameDisplay": [{"value": "CLE", "isEmphasized": true}, {"value": " 6"}, {"value": " @ "}, {"value": "BAL"}, {"value": " 38"}], "timeStatus": "Final", "competitionStatus": "ScoresOfficial", "attributes": {"quarter": "4", "timeRemaining": "Final", "homeTeamScore": "38", "awayTeamScore": "6"}, "startTime": "2020-09-13T17:00:00.0000000Z"}, "attributes": {}, "playerStates": []}, {"firstName": "Michael", "lastName": "Thomas", "shortName": "M. Thomas", "displayName": "Michael Thomas", "rosterPositionId": 627, "rosterPosition": "BN", "rosterPositionSortOrder": 18, "eTag": "427", "playerUtilizations": [{"displayKey": "ALL", "value": "33.33"}], "playerLink": [], "isNonScoring": true, "percentDrafted": 33.33, "draftableId": 14884796, "score": 4.7, "stats": [{"statId": 37, "name": "Receiving Touchdowns", "abbreviation": "RecTD", "fantasyPoints": 0, "statValue": 0, "contributesToScoring": true}, {"statId": 40, "name": "Receiving Yards", "abbreviation": "RecYds", "fantasyPoints": 1.7, "statValue": 17, "contributesToScoring": true}, {"statId": 44, "name": "Receptions", "abbreviation": "REC", "fantasyPoints": 3, "statValue": 3, "contributesToScoring": true}, {"statId": 49, "name": "100+ Receiving Game", "abbreviation": "100+Rec", "fantasyPoints": 0, "statValue": 0, "contributesToScoring": true}, {"statId": 467, "name": "Targets", "abbreviation": "Targets", "fantasyPoints": 0, "statValue": 5, "contributesToScoring": false}], "statsDescription": "17 RecYds, 3 REC", "timeRemainingUnit": "PMR", "timeRemaining": 0, "maxTimeRemaining": 0, "competition": {"competitionId": 5673346, "name": "TB 23 @ NO 34", "nameDisplay": [{"value": "TB"}, {"value": " 23"}, {"value": " @ "}, {"value": "NO", "isEmphasized": true}, {"value": " 34"}], "timeStatus": "Final", "competitionStatus": "ScoresOfficial", "attributes": {"quarter": "4", "timeRemaining": "Final", "homeTeamScore": "34", "awayTeamScore": "23"}, "startTime": "2020-09-13T20:25:00.0000000Z"}, "attributes": {}, "playerStates": []}, {"firstName": "Evan", "lastName": "Engram", "shortName": "E. Engram", "displayName": "Evan Engram", "rosterPositionId": 627, "rosterPosition": "BN", "rosterPositionSortOrder": 19, "eTag": "376", "playerUtilizations": [{"displayKey": "ALL", "value": "33.33"}], "playerLink": [], "isNonScoring": true, "percentDrafted": 33.33, "draftableId": 14884996, "score": 2.9, "stats": [{"statId": 37, "name": "Receiving Touchdowns", "abbreviation": "RecTD", "fantasyPoints": 0, "statValue": 0, "contributesToScoring": true}, {"statId": 40, "name": "Receiving Yards", "abbreviation": "RecYds", "fantasyPoints": 0.9, "statValue": 9, "contributesToScoring": true}, {"statId": 44, "name": "Receptions", "abbreviation": "REC", "fantasyPoints": 2, "statValue": 2, "contributesToScoring": true}, {"statId": 49, "name": "100+ Receiving Game", "abbreviation": "100+Rec", "fantasyPoints": 0, "statValue": 0, "contributesToScoring": true}, {"statId": 467, "name": "Targets", "abbreviation": "Targets", "fantasyPoints": 0, "statValue": 0, "contributesToScoring": false}], "statsDescription": "9 RecYds, 2 REC", "timeRemainingUnit": "PMR", "timeRemaining": 0, "maxTimeRemaining": 0, "competition": {"competitionId": 5674036, "name": "PIT 26 @ NYG 16", "nameDisplay": [{"value": "PIT"}, {"value": " 26"}, {"value": " @ "}, {"value": "NYG", "isEmphasized": true}, {"value": " 16"}], "timeStatus": "Final", "competitionStatus": "ScoresOfficial", "attributes": {"quarter": "4", "timeRemaining": "Final", "homeTeamScore": "16", "awayTeamScore": "26"}, "startTime": "2020-09-14T23:10:00.0000000Z"}, "attributes": {}, "playerStates": []}, {"firstName": "Miles", "lastName": "Sanders", "shortName": "M. Sanders", "displayName": "Miles Sanders", "rosterPositionId": 627, "rosterPosition": "BN", "rosterPositionSortOrder": 20, "eTag": "1", "playerUtilizations": [{"displayKey": "ALL", "value": "33.33"}], "playerLink": [], "isNonScoring": true, "percentDrafted": 33.33, "draftableId": 14884819, "score": 0, "stats": [], "statsDescription": "", "timeRemainingUnit": "PMR", "timeRemaining": 0, "maxTimeRemaining": 0, "competition": {"competitionId": 5673832, "name": "PHI 17 @ WAS 27", "nameDisplay": [{"value": "PHI", "isEmphasized": true}, {"value": " 17"}, {"value": " @ "}, {"value": "WAS"}, {"value": " 27"}], "timeStatus": "Final", "competitionStatus": "ScoresOfficial", "attributes": {"quarter": "4", "timeRemaining": "Final", "homeTeamScore": "27", "awayTeamScore": "17"}, "startTime": "2020-09-13T17:00:00.0000000Z"}, "attributes": {}, "playerStates": []}], "scoringDivider": "BENCH PLAYERS"}, "draftGroupId": 37605, "contestKey": "89809894", "entryKey": "2152152494", "lineupId": -1, "userName": "sansbacon", "userKey": "725157", "userEntryCount": 1, "userEntryIndex": 1, "timeRemaining": 0, "timeRemainingUnit": "PMR", "maxTimeRemaining": 1200, "timeRemainingOpponent": 0, "rank": 1, "fantasyPoints": 209.48, "fantasyPointsOpponent": 206.2, "userNameOpponent": "Incoma", "winningValue": 0}]}