{"entries": [{"roster": {"scorecards": [{"firstName": "Russell", "lastName": "Wilson", "shortName": "R. Wilson", "displayName": "Russell Wilson", "rosterPositionId": 66, "rosterPosition": "QB", "rosterPositionSortOrder": 1, "eTag": "549", "playerUtilizations": [{"displayKey": "ALL", "value": "33.33"}], "playerLink": [], "percentDrafted": 33.33, "draftableId": 14884980, "score": 34.78, "stats": [{"statId": 36, "name": "Passing Touchdowns", "abbreviation": "PaTD", "fantasyPoints": 16, "statValue": 4, "contributesToScoring": true}, {"statId": 38, "name": "Rushing Touchdowns", "abbreviation": "RuTD", "fantasyPoints": 0, "statValue": 0, "contributesToScoring": true}, {"statId": 39, "name": "Passing Yards", "abbreviation": "PaYds", "fantasyPoints": 12.88, "statValue": 322, "contributesToScoring": true}, {"statId": 41, "name": "Rushing Yards", "abbreviation": "RuYds", "fantasyPoints": 2.9, "statValue": 29, "contributesToScoring": true}, {"statId": 46, "name": "Interceptions Thrown", "abbreviation": "INT", "fantasyPoints": 0, "statValue": 0, "contributesToScoring": true}, {"statId": 47, "name": "300+ Yards Passing Game", "abbreviation": "300+Pass", "fantasyPoints": 3, "statValue": 1, "contributesToScoring": true}, {"statId": 48, "name": "100+ Rushing Game", "abbreviation": "100+Rush", "fantasyPoints": 0, "statValue": 0, "contributesToScoring": true}, {"statId": 558, "name": "Offensive Fumble Recovery TDs", "abbreviation": "OFR TD", "fantasyPoints": 0, "statValue": 0, "contributesToScoring": true}], "statsDescription": "4 PaTD, 322 PaYds, 29 RuYds, 1 300+Pass", "timeRemainingUnit": "PMR", "timeRemaining": 0, "maxTimeRemaining": 0, "competition": {"competitionId": 5673562, "name": "SEA 38 @ ATL 25", "nameDisplay": [{"value": "SEA", "isEmphasized": true}, {"value": " 38"}, {"value": " @ "}, {"value": "ATL"}, {"value": " 25"}], "timeStatus": "Final", "competitionStatus": "ScoresOfficial", "attributes": {"quarter": "4", "timeRemaining": "Final", "homeTeamScore": "25", "awayTeamScore": "38"}, "startTime": "2020-09-13T17:00:00.0000000Z"}, "attributes": {}, "playerStates": []}, {"firstName": "Josh", "lastName": "Jacobs", "shortName": "J. Jacobs", "displayName": "Josh Jacobs", "rosterPositionId": 67, "rosterPosition": "RB", "rosterPositionSortOrder": 2, "eTag": "447", "playerUtilizations": [{"displayKey": "ALL", "value": "33.33"}], "playerLink": [], "percentDrafted": 33.33, "draftableId": 14884816, "score": 35.9, "stats": [{"statId": 37, "name": "Receiving Touchdowns", "abbreviation": "RecTD", "fantasyPoints": 0, "statValue": 0, "contributesToScoring": true}, {"statId": 38, "name": "Rushing Touchdowns", "abbreviation": "RuTD", "fantasyPoints": 18, "statValue": 3, "contributesToScoring": true}, {"statId": 40, "name": "Receiving Yards", "abbreviation": "RecYds", "fantasyPoints": 4.6, "statValue": 46, "contributesToScoring": true}, {"statId": 41, "name": "Rushing Yards", "abbreviation": "RuYds", "fantasyPoints": 9.3, "statValue": 93, "contributesToScoring": true}, {"statId": 44, "name": "Receptions", "abbreviation": "REC", "fantasyPoints": 4, "statValue": 4, "contributesToScoring": true}, {"statId": 48, "name": "100+ Rushing Game", "abbreviation": "100+Rush", "fantasyPoints": 0, "statValue": 0, "contributesToScoring": true}, {"statId": 49, "name": "100+ Receiving Game", "abbreviation": "100+Rec", "fantasyPoints": 0, "statValue": 0, "contributesToScoring": true}, {"statId": 467, "name": "Targets", "abbreviation": "Targets", "fantasyPoints": 0, "statValue": 0, "contributesToScoring": false}], "statsDescription": "3 RuTD, 46 RecYds, 93 RuYds, 4 REC", "timeRemainingUnit": "PMR", "timeRemaining": 0, "maxTimeRemaining": 0, "competition": {"competitionId": 5673940, "name": "LV 34 @ CAR 30", "nameDisplay": [{"value": "LV", "isEmphasized": true}, {"value": " 34"}, {"value": " @ "}, {"value": "CAR"}, {"value": " 30"}], "timeStatus": "Final", "competitionStatus": "ScoresOfficial", "attributes": {"quarter": "4", "timeRemaining": "Final", "homeTeamScore": "30", "awayTeamScore": "34"}, "startTime": "2020-09-13T17:00:00.0000000Z"}, "attributes": {}, "playerStates": []}, {"firstName": "Ezekiel", "lastName": "Elliott", "shortName": "E. Elliott", "displayName": "Ezekiel Elliott", "rosterPositionId": 67, "rosterPosition": "RB", "rosterPositionSortOrder": 3, "eTag": "509", "playerUtilizations": [{"displayKey": "ALL", "value": "33.33"}], "playerLink": [], "percentDrafted": 33.33, "draftableId": 14884790, "score": 27.7, "stats": [{"statId": 37, "name": "Receiving Touchdowns", "abbreviation": "RecTD", "fantasyPoints": 6, "statValue": 1, "contributesToScoring": true}, {"statId": 38, "name": "Rushing Touchdowns", "abbreviation": "RuTD", "fantasyPoints": 6, "statValue": 1, "contributesToScoring": true}, {"statId": 40, "name": "Receiving Yards", "abbreviation": "RecYds", "fantasyPoints": 3.1, "statValue": 31, "contributesToScoring": true}, {"statId": 41, "name": "Rushing Yards", "abbreviation": "RuYds", "fantasyPoints": 9.6, "statValue": 96, "contributesToScoring": true}, {"statId": 44, "name": "Receptions", "abbreviation": "REC", "fantasyPoints": 3, "statValue": 3, "contributesToScoring": true}, {"statId": 48, "name": "100+ Rushing Game", "abbreviation": "100+Rush", "fantasyPoints": 0, "statValue": 0, "contributesToScoring": true}, {"statId": 49, "name": "100+ Receiving Game", "abbreviation": "100+Rec", "fantasyPoints": 0, "statValue": 0, "contributesToScoring": true}, {"statId": 467, "name": "Targets", "abbreviation": "Targets", "fantasyPoints": 0, "statValue": 0, "contributesToScoring": false}], "statsDescription": "1 RecTD, 1 RuTD, 31 RecYds, 96 RuYds, 3 REC", "timeRemainingUnit": "PMR", "timeRemaining": 0, "maxTimeRemaining": 0, "competition": {"competitionId": 5674012, "name": "DAL 17 @ LAR 20", "nameDisplay": [{"value": "DAL", "isEmphasized": true}, {"value": " 17"}, {"value": " @ "}, {"value": "LAR"}, {"value": " 20"}], "timeStatus": "Final", "competitionStatus": "ScoresOfficial", "attributes": {"quarter": "4", "timeRemaining": "Final", "homeTeamScore": "20", "awayTeamScore": "17"}, "startTime": "2020-09-14T00:20:00.0000000Z"}, "attributes": {}, "playerStates": []}, {"firstName": "Davante", "lastName": "Adams", "shortName": "D. Adams", "displayName": "Davante Adams", "rosterPositionId": 68, "rosterPosition": "WR", "rosterPositionSortOrder": 4, "eTag": "399", "playerUtilizations": [{"displayKey": "ALL", "value": "33.33"}], "playerLink": [], "percentDrafted": 33.33, "draftableId": 14884823, "score": 44.6, "stats": [{"statId": 37, "name": "Receiving Touchdowns", "abbreviation": "RecTD", "fantasyPoints": 12, "statValue": 2, "contributesToScoring": true}, {"statId": 40, "name": "Receiving Yards", "abbreviation": "RecYds", "fantasyPoints": 15.6, "statValue": 156, "contributesToScoring": true}, {"statId": 44, "name": "Receptions", "abbreviation": "REC", "fantasyPoints": 14, "statValue": 14, "contributesToScoring": true}, {"statId": 49, "name": "100+ Receiving Game", "abbreviation": "100+Rec", "fantasyPoints": 3, "statValue": 1, "contributesToScoring": true}, {"statId": 65, "name": "Kick Return Touchdowns", "abbreviation": "KRetTD", "fantasyPoints": 0, "statValue": 0, "contributesToScoring": true}, {"statId": 467, "name": "Targets", "abbreviation": "Targets", "fantasyPoints": 0, "statValue": 17, "contributesToScoring": false}], "statsDescription": "2 RecTD, 156 RecYds, 14 REC, 1 100+Rec", "timeRemainingUnit": "PMR", "timeRemaining": 0, "maxTimeRemaining": 0, "competition": {"competitionId": 5673850, "name": "GB 43 @ MIN 34", "nameDisplay": [{"value": "GB", "isEmphasized": true}, {"value": " 43"}, {"value": " @ "}, {"value": "MIN"}, {"value": " 34"}], "timeStatus": "Final", "competitionStatus": "ScoresOfficial", "attributes": {"quarter": "4", "timeRemaining": "Final", "homeTeamScore": "34", "awayTeamScore": "43"}, "startTime": "2020-09-13T17:00:00.0000000Z"}, "attributes": {}, "playerStates": []}, {"firstName": "Calvin", "lastName": "Ridley", "shortName": "C. Ridley", "displayName": "Calvin Ridley", "rosterPositionId": 68, "rosterPosition": "WR", "rosterPositionSortOrder": 5, "eTag": "572", "playerUtilizations": [{"displayKey": "ALL", "value": "33.33"}], "playerLink": [], "percentDrafted": 33.33, "draftableId": 14884883, "score": 36.9, "stats": [{"statId": 37, "name": "Receiving Touchdowns", "abbreviation": "RecTD", "fantasyPoints": 12, "statValue": 2, "contributesToScoring": true}, {"statId": 38, "name": "Rushing Touchdowns", "abbreviation": "RuTD", "fantasyPoints": 0, "statValue": 0, "contributesToScoring": true}, {"statId": 40, "name": "Receiving Yards", "abbreviation": "RecYds", "fantasyPoints": 13, "statValue": 130, "contributesToScoring": true}, {"statId": 41, "name": "Rushing Yards", "abbreviation": "RuYds", "fantasyPoints": -0.1, "statValue": -1, "contributesToScoring": true}, {"statId": 44, "name": "Receptions", "abbreviation": "REC", "fantasyPoints": 9, "statValue": 9, "contributesToScoring": true}, {"statId": 48, "name": "100+ Rushing Game", "abbreviation": "100+Rush", "fantasyPoints": 0, "statValue": 0, "contributesToScoring": true}, {"statId": 49, "name": "100+ Receiving Game", "abbreviation": "100+Rec", "fantasyPoints": 3, "statValue": 1, "contributesToScoring": true}, {"statId": 467, "name": "Targets", "abbreviation": "Targets", "fantasyPoints": 0, "statValue": 0, "contributesToScoring": false}], "statsDescription": "2 RecTD, 130 RecYds, 9 REC, 1 100+Rec", "timeRemainingUnit": "PMR", "timeRemaining": 0, "maxTimeRemaining": 0, "competition": {"competitionId": 5673562, "name": "SEA 38 @ ATL 25", "nameDisplay": [{"value": "SEA"}, {"value": " 38"}, {"value": " @ "}, {"value": "ATL", "isEmphasized": true}, {"value": " 25"}], "timeStatus": "Final", "competitionStatus": "ScoresOfficial", "attributes": {"quarter": "4", "timeRemaining": "Final", "homeTeamScore": "25", "awayTeamScore": "38"}, "startTime": "2020-09-13T17:00:00.0000000Z"}, "attributes": {}, "playerStates": []}, {"firstName": "Julio", "lastName": "Jones", "shortName": "J. Jones", "displayName": "Julio Jones", "rosterPositionId": 68, "rosterPosition": "WR", "rosterPositionSortOrder": 6, "eTag": "561", "playerUtilizations": [{"displayKey": "ALL", "value": "33.33"}], "playerLink": [], "percentDrafted": 33.33, "draftableId": 14884841, "score": 27.7, "stats": [{"statId": 37, "name": "Receiving Touchdowns", "abbreviation": "RecTD", "fantasyPoints": 0, "statValue": 0, "contributesToScoring": true}, {"statId": 40, "name": "Receiving Yards", "abbreviation": "RecYds", "fantasyPoints": 15.7, "statValue": 157, "contributesToScoring": true}, {"statId": 44, "name": "Receptions", "abbreviation": "REC", "fantasyPoints": 9, "statValue": 9, "contributesToScoring": true}, {"statId": 49, "name": "100+ Receiving Game", "abbreviation": "100+Rec", "fantasyPoints": 3, "statValue": 1, "contributesToScoring": true}, {"statId": 467, "name": "Targets", "abbreviation": "Targets", "fantasyPoints": 0, "statValue": 0, "contributesToScoring": false}], "statsDescription": "157 RecYds, 9 REC, 1 100+Rec", "timeRemainingUnit": "PMR", "timeRemaining": 0, "maxTimeRemaining": 0, "competition": {"competitionId": 5673562, "name": "SEA 38 @ ATL 25", "nameDisplay": [{"value": "SEA"}, {"value": " 38"}, {"value": " @ "}, {"value": "ATL", "isEmphasized": true}, {"value": " 25"}], "timeStatus": "Final", "competitionStatus": "ScoresOfficial", "attributes": {"quarter": "4", "timeRemaining": "Final", "homeTeamScore": "25", "awayTeamScore": "38"}, "startTime": "2020-09-13T17:00:00.0000000Z"}, "attributes": {}, "playerStates": []}, {"firstName": "Mark", "lastName": "Andrews", "shortName": "M. Andrews", "displayName": "Mark Andrews", "rosterPositionId": 69, "rosterPosition": "TE", "rosterPositionSortOrder": 7, "eTag": "332", "playerUtilizations": [{"displayKey": "ALL", "value": "33.33"}], "playerLink": [], "percentDrafted": 33.33, "draftableId": 14884877, "score": 22.8, "stats": [{"statId": 37, "name": "Receiving Touchdowns", "abbreviation": "RecTD", "fantasyPoints": 12, "statValue": 2, "contributesToScoring": true}, {"statId": 40, "name": "Receiving Yards", "abbreviation": "RecYds", "fantasyPoints": 5.8, "statValue": 58, "contributesToScoring": true}, {"statId": 44, "name": "Receptions", "abbreviation": "REC", "fantasyPoints": 5, "statValue": 5, "contributesToScoring": true}, {"statId": 49, "name": "100+ Receiving Game", "abbreviation": "100+Rec", "fantasyPoints": 0, "statValue": 0, "contributesToScoring": true}, {"statId": 467, "name": "Targets", "abbreviation": "Targets", "fantasyPoints": 0, "statValue": 6, "contributesToScoring": false}], "statsDescription": "2 RecTD, 58 RecYds, 5 REC", "timeRemainingUnit": "PMR", "timeRemaining": 0, "maxTimeRemaining": 0, "competition": {"competitionId": 5673892, "name": "CLE 6 @ BAL 38", "nameDisplay": [{"value": "CLE"}, {"value": " 6"}, {"value": " @ "}, {"value": "BAL", "isEmphasized": true}, {"value": " 38"}], "timeStatus": "Final", "competitionStatus": "ScoresOfficial", "attributes": {"quarter": "4", "timeRemaining": "Final", "homeTeamScore": "38", "awayTeamScore": "6"}, "startTime": "2020-09-13T17:00:00.0000000Z"}, "attributes": {}, "playerStates": []}, {"firstName": "JuJu", "lastName": "Smith-Schuster", "shortName": "J. Smith-Schuster", "displayName": "JuJu Smith-Schuster", "rosterPositionId": 70, "rosterPosition": "FLEX", "rosterPositionSortOrder": 8, "eTag": "335", "playerUtilizations": [{"displayKey": "ALL", "value": "33.33"}], "playerLink": [], "percentDrafted": 33.33, "draftableId": 14884880, "score": 24.9, "stats": [{"statId": 37, "name": "Receiving Touchdowns", "abbreviation": "RecTD", "fantasyPoints": 12, "statValue": 2, "contributesToScoring": true}, {"statId": 40, "name": "Receiving Yards", "abbreviation": "RecYds", "fantasyPoints": 6.9, "statValue": 69, "contributesToScoring": true}, {"statId": 44, "name": "Receptions", "abbreviation": "REC", "fantasyPoints": 6, "statValue": 6, "contributesToScoring": true}, {"statId": 49, "name": "100+ Receiving Game", "abbreviation": "100+Rec", "fantasyPoints": 0, "statValue": 0, "contributesToScoring": true}, {"statId": 65, "name": "Kick Return Touchdowns", "abbreviation": "KRetTD", "fantasyPoints": 0, "statValue": 0, "contributesToScoring": true}, {"statId": 467, "name": "Targets", "abbreviation": "Targets", "fantasyPoints": 0, "statValue": 0, "contributesToScoring": false}, {"statId": 558, "name": "Offensive Fumble Recovery TDs", "abbreviation": "OFR TD", "fantasyPoints": 0, "statValue": 0, "contributesToScoring": true}], "statsDescription": "2 RecTD, 69 RecYds, 6 REC", "timeRemainingUnit": "PMR", "timeRemaining": 0, "maxTimeRemaining": 0, "competition": {"competitionId": 5674036, "name": "PIT 26 @ NYG 16", "nameDisplay": [{"value": "PIT", "isEmphasized": true}, {"value": " 26"}, {"value": " @ "}, {"value": "NYG"}, {"value": " 16"}], "timeStatus": "Final", "competitionStatus": "ScoresOfficial", "attributes": {"quarter": "4", "timeRemaining": "Final", "homeTeamScore": "16", "awayTeamScore": "26"}, "startTime": "2020-09-14T23:10:00.0000000Z"}, "attributes": {}, "playerStates": []}, {"firstName": "Matt", "lastName": "Ryan", "shortName": "M. Ryan", "displayName": "Matt Ryan", "rosterPositionId": 627, "rosterPosition": "BN", "rosterPositionSortOrder": 9, "eTag": "569", "playerUtilizations": [{"displayKey": "ALL", "value": "33.33"}], "playerLink": [], "isNonScoring": true, "percentDrafted": 33.33, "draftableId": 14885036, "score": 27.9, "stats": [{"statId": 36, "name": "Passing Touchdowns", "abbreviation": "PaTD", "fantasyPoints": 8, "statValue": 2, "contributesToScoring": true}, {"statId": 38, "name": "Rushing Touchdowns", "abbreviation": "RuTD", "fantasyPoints": 0, "statValue": 0, "contributesToScoring": true}, {"statId": 39, "name": "Passing Yards", "abbreviation": "PaYds", "fantasyPoints": 18, "statValue": 450, "contributesToScoring": true}, {"statId": 41, "name": "Rushing Yards", "abbreviation": "RuYds", "fantasyPoints": -0.1, "statValue": -1, "contributesToScoring": true}, {"statId": 46, "name": "Interceptions Thrown", "abbreviation": "INT", "fantasyPoints": -1, "statValue": 1, "contributesToScoring": true}, {"statId": 47, "name": "300+ Yards Passing Game", "abbreviation": "300+Pass", "fantasyPoints": 3, "statValue": 1, "contributesToScoring": true}, {"statId": 48, "name": "100+ Rushing Game", "abbreviation": "100+Rush", "fantasyPoints": 0, "statValue": 0, "contributesToScoring": true}], "statsDescription": "2 PaTD, 450 PaYds, 1 INT, 1 300+Pass", "timeRemainingUnit": "PMR", "timeRemaining": 0, "maxTimeRemaining": 0, "competition": {"competitionId": 5673562, "name": "SEA 38 @ ATL 25", "nameDisplay": [{"value": "SEA"}, {"value": " 38"}, {"value": " @ "}, {"value": "ATL", "isEmphasized": true}, {"value": " 25"}], "timeStatus": "Final", "competitionStatus": "ScoresOfficial", "attributes": {"quarter": "4", "timeRemaining": "Final", "homeTeamScore": "25", "awayTeamScore": "38"}, "startTime": "2020-09-13T17:00:00.0000000Z"}, "attributes": {}, "playerStates": []}, {"firstName": "Alvin", "lastName": "Kamara", "shortName": "A. Kamara", "displayName": "Alvin Kamara", "rosterPositionId": 627, "rosterPosition": "BN", "rosterPositionSortOrder": 10, "eTag": "503", "playerUtilizations": [{"displayKey": "ALL", "value": "33.33"}], "playerLink": [], "isNonScoring": true, "percentDrafted": 33.33, "draftableId": 14884799, "score": 23.7, "stats": [{"statId": 37, "name": "Receiving Touchdowns", "abbreviation": "RecTD", "fantasyPoints": 6, "statValue": 1, "contributesToScoring": true}, {"statId": 38, "name": "Rushing Touchdowns", "abbreviation": "RuTD", "fantasyPoints": 6, "statValue": 1, "contributesToScoring": true}, {"statId": 40, "name": "Receiving Yards", "abbreviation": "RecYds", "fantasyPoints": 5.1, "statValue": 51, "contributesToScoring": true}, {"statId": 41, "name": "Rushing Yards", "abbreviation": "RuYds", "fantasyPoints": 1.6, "statValue": 16, "contributesToScoring": true}, {"statId": 44, "name": "Receptions", "abbreviation": "REC", "fantasyPoints": 5, "statValue": 5, "contributesToScoring": true}, {"statId": 48, "name": "100+ Rushing Game", "abbreviation": "100+Rush", "fantasyPoints": 0, "statValue": 0, "contributesToScoring": true}, {"statId": 49, "name": "100+ Receiving Game", "abbreviation": "100+Rec", "fantasyPoints": 0, "statValue": 0, "contributesToScoring": true}, {"statId": 467, "name": "Targets", "abbreviation": "Targets", "fantasyPoints": 0, "statValue": 8, "contributesToScoring": false}], "statsDescription": "1 RecTD, 1 RuTD, 51 RecYds, 16 RuYds, 5 REC", "timeRemainingUnit": "PMR", "timeRemaining": 0, "maxTimeRemaining": 0, "competition": {"competitionId": 5673346, "name": "TB 23 @ NO 34", "nameDisplay": [{"value": "TB"}, {"value": " 23"}, {"value": " @ "}, {"value": "NO", "isEmphasized": true}, {"value": " 34"}], "timeStatus": "Final", "competitionStatus": "ScoresOfficial", "attributes": {"quarter": "4", "timeRemaining": "Final", "homeTeamScore": "34", "awayTeamScore": "23"}, "startTime": "2020-09-13T20:25:00.0000000Z"}, "attributes": {}, "playerStates": []}, {"firstName": "Robert", "lastName": "Woods", "shortName": "R. Woods", "displayName": "Robert Woods", "rosterPositionId": 627, "rosterPosition": "BN", "rosterPositionSortOrder": 11, "eTag": "545", "playerUtilizations": [{"displayKey": "ALL", "value": "33.33"}], "playerLink": [], "isNonScoring": true, "percentDrafted": 33.33, "draftableId": 14884928, "score": 20.9, "stats": [{"statId": 37, "name": "Receiving Touchdowns", "abbreviation": "RecTD", "fantasyPoints": 0, "statValue": 0, "contributesToScoring": true}, {"statId": 38, "name": "Rushing Touchdowns", "abbreviation": "RuTD", "fantasyPoints": 0, "statValue": 0, "contributesToScoring": true}, {"statId": 40, "name": "Receiving Yards", "abbreviation": "RecYds", "fantasyPoints": 10.5, "statValue": 105, "contributesToScoring": true}, {"statId": 41, "name": "Rushing Yards", "abbreviation": "RuYds", "fantasyPoints": 1.4, "statValue": 14, "contributesToScoring": true}, {"statId": 44, "name": "Receptions", "abbreviation": "REC", "fantasyPoints": 6, "statValue": 6, "contributesToScoring": true}, {"statId": 48, "name": "100+ Rushing Game", "abbreviation": "100+Rush", "fantasyPoints": 0, "statValue": 0, "contributesToScoring": true}, {"statId": 49, "name": "100+ Receiving Game", "abbreviation": "100+Rec", "fantasyPoints": 3, "statValue": 1, "contributesToScoring": true}, {"statId": 467, "name": "Targets", "abbreviation": "Targets", "fantasyPoints": 0, "statValue": 0, "contributesToScoring": false}], "statsDescription": "105 RecYds, 14 RuYds, 6 REC, 1 100+Rec", "timeRemainingUnit": "PMR", "timeRemaining": 0, "maxTimeRemaining": 0, "competition": {"competitionId": 5674012, "name": "DAL 17 @ LAR 20", "nameDisplay": [{"value": "DAL"}, {"value": " 17"}, {"value": " @ "}, {"value": "LAR", "isEmphasized": true}, {"value": " 20"}], "timeStatus": "Final", "competitionStatus": "ScoresOfficial", "attributes": {"quarter": "4", "timeRemaining": "Final", "homeTeamScore": "20", "awayTeamScore": "17"}, "startTime": "2020-09-14T00:20:00.0000000Z"}, "attributes": {}, "playerStates": []}, {"firstName": "Derrick", "lastName": "Henry", "shortName": "D. Henry", "displayName": "Derrick Henry", "rosterPositionId": 627, "rosterPosition": "BN", "rosterPositionSortOrder": 12, "eTag": "549", "playerUtilizations": [{"displayKey": "ALL", "value": "33.33"}], "playerLink": [], "isNonScoring": true, "percentDrafted": 33.33, "draftableId": 14884794, "score": 19.1, "stats": [{"statId": 37, "name": "Receiving Touchdowns", "abbreviation": "RecTD", "fantasyPoints": 0, "statValue": 0, "contributesToScoring": true}, {"statId": 38, "name": "Rushing Touchdowns", "abbreviation": "RuTD", "fantasyPoints": 0, "statValue": 0, "contributesToScoring": true}, {"statId": 40, "name": "Receiving Yards", "abbreviation": "RecYds", "fantasyPoints": 1.5, "statValue": 15, "contributesToScoring": true}, {"statId": 41, "name": "Rushing Yards", "abbreviation": "RuYds", "fantasyPoints": 11.6, "statValue": 116, "contributesToScoring": true}, {"statId": 44, "name": "Receptions", "abbreviation": "REC", "fantasyPoints": 3, "statValue": 3, "contributesToScoring": true}, {"statId": 48, "name": "100+ Rushing Game", "abbreviation": "100+Rush", "fantasyPoints": 3, "statValue": 1, "contributesToScoring": true}, {"statId": 49, "name": "100+ Receiving Game", "abbreviation": "100+Rec", "fantasyPoints": 0, "statValue": 0, "contributesToScoring": true}, {"statId": 467, "name": "Targets", "abbreviation": "Targets", "fantasyPoints": 0, "statValue": 0, "contributesToScoring": false}], "statsDescription": "15 RecYds, 116 RuYds, 3 REC, 1 100+Rush", "timeRemainingUnit": "PMR", "timeRemaining": 0, "maxTimeRemaining": 0, "competition": {"competitionId": 5674048, "name": "TEN 16 @ DEN 14", "nameDisplay": [{"value": "TEN", "isEmphasized": true}, {"value": " 16"}, {"value": " @ "}, {"value": "DEN"}, {"value": " 14"}], "timeStatus": "Final", "competitionStatus": "ScoresOfficial", "attributes": {"quarter": "4", "timeRemaining": "Final", "homeTeamScore": "14", "awayTeamScore": "16"}, "startTime": "2020-09-15T02:20:00.0000000Z"}, "attributes": {}, "playerStates": []}, {"firstName": "Tyler", "lastName": "Lockett", "shortName": "T. Lockett", "displayName": "Tyler Lockett", "rosterPositionId": 627, "rosterPosition": "BN", "rosterPositionSortOrder": 13, "eTag": "548", "playerUtilizations": [{"displayKey": "ALL", "value": "33.33"}], "playerLink": [], "isNonScoring": true, "percentDrafted": 33.33, "draftableId": 14884910, "score": 17.2, "stats": [{"statId": 37, "name": "Receiving Touchdowns", "abbreviation": "RecTD", "fantasyPoints": 0, "statValue": 0, "contributesToScoring": true}, {"statId": 40, "name": "Receiving Yards", "abbreviation": "RecYds", "fantasyPoints": 9.2, "statValue": 92, "contributesToScoring": true}, {"statId": 44, "name": "Receptions", "abbreviation": "REC", "fantasyPoints": 8, "statValue": 8, "contributesToScoring": true}, {"statId": 49, "name": "100+ Receiving Game", "abbreviation": "100+Rec", "fantasyPoints": 0, "statValue": 0, "contributesToScoring": true}, {"statId": 467, "name": "Targets", "abbreviation": "Targets", "fantasyPoints": 0, "statValue": 0, "contributesToScoring": false}], "statsDescription": "92 RecYds, 8 REC", "timeRemainingUnit": "PMR", "timeRemaining": 0, "maxTimeRemaining": 0, "competition": {"competitionId": 5673562, "name": "SEA 38 @ ATL 25", "nameDisplay": [{"value": "SEA", "isEmphasized": true}, {"value": " 38"}, {"value": " @ "}, {"value": "ATL"}, {"value": " 25"}], "timeStatus": "Final", "competitionStatus": "ScoresOfficial", "attributes": {"quarter": "4", "timeRemaining": "Final", "homeTeamScore": "25", "awayTeamScore": "38"}, "startTime": "2020-09-13T17:00:00.0000000Z"}, "attributes": {}, "playerStates": []}, {"firstName": "DJ", "lastName": "Chark Jr.", "shortName": "D. Chark Jr.", "displayName": "DJ Chark Jr.", "rosterPositionId": 627, "rosterPosition": "BN", "rosterPositionSortOrder": 14, "eTag": "397", "playerUtilizations": [{"displayKey": "ALL", "value": "33.33"}], "playerLink": [], "isNonScoring": true, "percentDrafted": 33.33, "draftableId": 14884892, "score": 11.5, "stats": [{"statId": 37, "name": "Receiving Touchdowns", "abbreviation": "RecTD", "fantasyPoints": 6, "statValue": 1, "contributesToScoring": true}, {"statId": 40, "name": "Receiving Yards", "abbreviation": "RecYds", "fantasyPoints": 2.5, "statValue": 25, "contributesToScoring": true}, {"statId": 44, "name": "Receptions", "abbreviation": "REC", "fantasyPoints": 3, "statValue": 3, "contributesToScoring": true}, {"statId": 49, "name": "100+ Receiving Game", "abbreviation": "100+Rec", "fantasyPoints": 0, "statValue": 0, "contributesToScoring": true}, {"statId": 65, "name": "Kick Return Touchdowns", "abbreviation": "KRetTD", "fantasyPoints": 0, "statValue": 0, "contributesToScoring": true}, {"statId": 467, "name": "Targets", "abbreviation": "Targets", "fantasyPoints": 0, "statValue": 3, "contributesToScoring": false}], "statsDescription": "1 RecTD, 25 RecYds, 3 REC", "timeRemainingUnit": "PMR", "timeRemaining": 0, "maxTimeRemaining": 0, "competition": {"competitionId": 5673868, "name": "IND 20 @ JAX 27", "nameDisplay": [{"value": "IND"}, {"value": " 20"}, {"value": " @ "}, {"value": "JAX", "isEmphasized": true}, {"value": " 27"}], "timeStatus": "Final", "competitionStatus": "ScoresOfficial", "attributes": {"quarter": "4", "timeRemaining": "Final", "homeTeamScore": "27", "awayTeamScore": "20"}, "startTime": "2020-09-13T17:00:00.0000000Z"}, "attributes": {}, "playerStates": []}, {"firstName": "DJ", "lastName": "Moore", "shortName": "D. Moore", "displayName": "DJ Moore", "rosterPositionId": 627, "rosterPosition": "BN", "rosterPositionSortOrder": 15, "eTag": "430", "playerUtilizations": [{"displayKey": "ALL", "value": "33.33"}], "playerLink": [], "isNonScoring": true, "percentDrafted": 33.33, "draftableId": 14884871, "score": 9.4, "stats": [{"statId": 37, "name": "Receiving Touchdowns", "abbreviation": "RecTD", "fantasyPoints": 0, "statValue": 0, "contributesToScoring": true}, {"statId": 40, "name": "Receiving Yards", "abbreviation": "RecYds", "fantasyPoints": 5.4, "statValue": 54, "contributesToScoring": true}, {"statId": 44, "name": "Receptions", "abbreviation": "REC", "fantasyPoints": 4, "statValue": 4, "contributesToScoring": true}, {"statId": 49, "name": "100+ Receiving Game", "abbreviation": "100+Rec", "fantasyPoints": 0, "statValue": 0, "contributesToScoring": true}, {"statId": 65, "name": "Kick Return Touchdowns", "abbreviation": "KRetTD", "fantasyPoints": 0, "statValue": 0, "contributesToScoring": true}, {"statId": 467, "name": "Targets", "abbreviation": "Targets", "fantasyPoints": 0, "statValue": 0, "contributesToScoring": false}], "statsDescription": "54 RecYds, 4 REC", "timeRemainingUnit": "PMR", "timeRemaining": 0, "maxTimeRemaining": 0, "competition": {"competitionId": 5673940, "name": "LV 34 @ CAR 30", "nameDisplay": [{"value": "LV"}, {"value": " 34"}, {"value": " @ "}, {"value": "CAR", "isEmphasized": true}, {"value": " 30"}], "timeStatus": "Final", "competitionStatus": "ScoresOfficial", "attributes": {"quarter": "4", "timeRemaining": "Final", "homeTeamScore": "30", "awayTeamScore": "34"}, "startTime": "2020-09-13T17:00:00.0000000Z"}, "attributes": {}, "playerStates": []}, {"firstName": "George", "lastName": "Kittle", "shortName": "G. Kittle", "displayName": "George Kittle", "rosterPositionId": 627, "rosterPosition": "BN", "rosterPositionSortOrder": 16, "eTag": "417", "playerUtilizations": [{"displayKey": "ALL", "value": "33.33"}], "playerLink": [], "isNonScoring": true, "percentDrafted": 33.33, "draftableId": 14884835, "score": 9.3, "stats": [{"statId": 37, "name": "Receiving Touchdowns", "abbreviation": "RecTD", "fantasyPoints": 0, "statValue": 0, "contributesToScoring": true}, {"statId": 38, "name": "Rushing Touchdowns", "abbreviation": "RuTD", "fantasyPoints": 0, "statValue": 0, "contributesToScoring": true}, {"statId": 40, "name": "Receiving Yards", "abbreviation": "RecYds", "fantasyPoints": 4.4, "statValue": 44, "contributesToScoring": true}, {"statId": 41, "name": "Rushing Yards", "abbreviation": "RuYds", "fantasyPoints": 0.9, "statValue": 9, "contributesToScoring": true}, {"statId": 44, "name": "Receptions", "abbreviation": "REC", "fantasyPoints": 4, "statValue": 4, "contributesToScoring": true}, {"statId": 48, "name": "100+ Rushing Game", "abbreviation": "100+Rush", "fantasyPoints": 0, "statValue": 0, "contributesToScoring": true}, {"statId": 49, "name": "100+ Receiving Game", "abbreviation": "100+Rec", "fantasyPoints": 0, "statValue": 0, "contributesToScoring": true}, {"statId": 467, "name": "Targets", "abbreviation": "Targets", "fantasyPoints": 0, "statValue": 5, "contributesToScoring": false}], "statsDescription": "44 RecYds, 9 RuYds, 4 REC", "timeRemainingUnit": "PMR", "timeRemaining": 0, "maxTimeRemaining": 0, "competition": {"competitionId": 5673988, "name": "ARI 24 @ SF 20", "nameDisplay": [{"value": "ARI"}, {"value": " 24"}, {"value": " @ "}, {"value": "SF", "isEmphasized": true}, {"value": " 20"}], "timeStatus": "Final", "competitionStatus": "ScoresOfficial", "attributes": {"quarter": "4", "timeRemaining": "Final", "homeTeamScore": "20", "awayTeamScore": "24"}, "startTime": "2020-09-13T20:25:00.0000000Z"}, "attributes": {}, "playerStates": []}, {"firstName": "Joe", "lastName": "Mixon", "shortName": "J. Mixon", "displayName": "Joe Mixon", "rosterPositionId": 627, "rosterPosition": "BN", "rosterPositionSortOrder": 17, "eTag": "426", "playerUtilizations": [{"displayKey": "ALL", "value": "33.33"}], "playerLink": [], "isNonScoring": true, "percentDrafted": 33.33, "draftableId": 14884810, "score": 7.1, "stats": [{"statId": 37, "name": "Receiving Touchdowns", "abbreviation": "RecTD", "fantasyPoints": 0, "statValue": 0, "contributesToScoring": true}, {"statId": 38, "name": "Rushing Touchdowns", "abbreviation": "RuTD", "fantasyPoints": 0, "statValue": 0, "contributesToScoring": true}, {"statId": 40, "name": "Receiving Yards", "abbreviation": "RecYds", "fantasyPoints": 0.2, "statValue": 2, "contributesToScoring": true}, {"statId": 41, "name": "Rushing Yards", "abbreviation": "RuYds", "fantasyPoints": 6.9, "statValue": 69, "contributesToScoring": true}, {"statId": 44, "name": "Receptions", "abbreviation": "REC", "fantasyPoints": 1, "statValue": 1, "contributesToScoring": true}, {"statId": 48, "name": "100+ Rushing Game", "abbreviation": "100+Rush", "fantasyPoints": 0, "statValue": 0, "contributesToScoring": true}, {"statId": 49, "name": "100+ Receiving Game", "abbreviation": "100+Rec", "fantasyPoints": 0, "statValue": 0, "contributesToScoring": true}, {"statId": 50, "name": "Fumbles Lost", "abbreviation": "FUM", "fantasyPoints": -1, "statValue": 1, "contributesToScoring": true}, {"statId": 467, "name": "Targets", "abbreviation": "Targets", "fantasyPoints": 0, "statValue": 2, "contributesToScoring": false}, {"statId": 558, "name": "Offensive Fumble Recovery TDs", "abbreviation": "OFR TD", "fantasyPoints": 0, "statValue": 0, "contributesToScoring": true}], "statsDescription": "2 RecYds, 69 RuYds, 1 REC, 1 FUM", "timeRemainingUnit": "PMR", "timeRemaining": 0, "maxTimeRemaining": 0, "competition": {"competitionId": 5673964, "name": "LAC 16 @ CIN 13", "nameDisplay": [{"value": "LAC"}, {"value": " 16"}, {"value": " @ "}, {"value": "CIN", "isEmphasized": true}, {"value": " 13"}], "timeStatus": "Final", "competitionStatus": "ScoresOfficial", "attributes": {"quarter": "4", "timeRemaining": "Final", "homeTeamScore": "13", "awayTeamScore": "16"}, "startTime": "2020-09-13T20:05:00.0000000Z"}, "attributes": {}, "playerStates": []}, {"firstName": "Nick", "lastName": "Chubb", "shortName": "N. Chubb", "displayName": "Nick Chubb", "rosterPositionId": 627, "rosterPosition": "BN", "rosterPositionSortOrder": 18, "eTag": "379", "playerUtilizations": [{"displayKey": "ALL", "value": "33.33"}], "playerLink": [], "isNonScoring": true, "percentDrafted": 33.33, "draftableId": 14884807, "score": 6.6, "stats": [{"statId": 37, "name": "Receiving Touchdowns", "abbreviation": "RecTD", "fantasyPoints": 0, "statValue": 0, "contributesToScoring": true}, {"statId": 38, "name": "Rushing Touchdowns", "abbreviation": "RuTD", "fantasyPoints": 0, "statValue": 0, "contributesToScoring": true}, {"statId": 40, "name": "Receiving Yards", "abbreviation": "RecYds", "fantasyPoints": 0.6, "statValue": 6, "contributesToScoring": true}, {"statId": 41, "name": "Rushing Yards", "abbreviation": "RuYds", "fantasyPoints": 6, "statValue": 60, "contributesToScoring": true}, {"statId": 44, "name": "Receptions", "abbreviation": "REC", "fantasyPoints": 1, "statValue": 1, "contributesToScoring": true}, {"statId": 48, "name": "100+ Rushing Game", "abbreviation": "100+Rush", "fantasyPoints": 0, "statValue": 0, "contributesToScoring": true}, {"statId": 49, "name": "100+ Receiving Game", "abbreviation": "100+Rec", "fantasyPoints": 0, "statValue": 0, "contributesToScoring": true}, {"statId": 50, "name": "Fumbles Lost", "abbreviation": "FUM", "fantasyPoints": -1, "statValue": 1, "contributesToScoring": true}, {"statId": 467, "name": "Targets", "abbreviation": "Targets", "fantasyPoints": 0, "statValue": 1, "contributesToScoring": false}], "statsDescription": "6 RecYds, 60 RuYds, 1 REC, 1 FUM", "timeRemainingUnit": "PMR", "timeRemaining": 0, "maxTimeRemaining": 0, "competition": {"competitionId": 5673892, "name": "CLE 6 @ BAL 38", "nameDisplay": [{"value": "CLE", "isEmphasized": true}, {"value": " 6"}, {"value": " @ "}, {"value": "BAL"}, {"value": " 38"}], "timeStatus": "Final", "competitionStatus": "ScoresOfficial", "attributes": {"quarter": "4", "timeRemaining": "Final", "homeTeamScore": "38", "awayTeamScore": "6"}, "startTime": "2020-09-13T17:00:00.0000000Z"}, "attributes": {}, "playerStates": []}, {"firstName": "Rob", "lastName": "Gronkowski", "shortName": "R. Gronkowski", "displayName": "Rob Gronkowski", "rosterPositionId": 627, "rosterPosition": "BN", "rosterPositionSortOrder": 19, "eTag": "351", "playerUtilizations": [{"displayKey": "ALL", "value": "33.33"}], "playerLink": [], "isNonScoring": true, "percentDrafted": 33.33, "draftableId": 14885031, "score": 3.1, "stats": [{"statId": 37, "name": "Receiving Touchdowns", "abbreviation": "RecTD", "fantasyPoints": 0, "statValue": 0, "contributesToScoring": true}, {"statId": 40, "name": "Receiving Yards", "abbreviation": "RecYds", "fantasyPoints": 1.1, "statValue": 11, "contributesToScoring": true}, {"statId": 44, "name": "Receptions", "abbreviation": "REC", "fantasyPoints": 2, "statValue": 2, "contributesToScoring": true}, {"statId": 49, "name": "100+ Receiving Game", "abbreviation": "100+Rec", "fantasyPoints": 0, "statValue": 0, "contributesToScoring": true}, {"statId": 467, "name": "Targets", "abbreviation": "Targets", "fantasyPoints": 0, "statValue": 3, "contributesToScoring": false}], "statsDescription": "11 RecYds, 2 REC", "timeRemainingUnit": "PMR", "timeRemaining": 0, "maxTimeRemaining": 0, "competition": {"competitionId": 5673346, "name": "TB 23 @ NO 34", "nameDisplay": [{"value": "TB", "isEmphasized": true}, {"value": " 23"}, {"value": " @ "}, {"value": "NO"}, {"value": " 34"}], "timeStatus": "Final", "competitionStatus": "ScoresOfficial", "attributes": {"quarter": "4", "timeRemaining": "Final", "homeTeamScore": "34", "awayTeamScore": "23"}, "startTime": "2020-09-13T20:25:00.0000000Z"}, "attributes": {}, "playerStates": []}, {"firstName": "Kenny", "lastName": "Golladay", "shortName": "K. Golladay", "displayName": "Kenny Golladay", "rosterPositionId": 627, "rosterPosition": "BN", "rosterPositionSortOrder": 20, "eTag": "1", "playerUtilizations": [{"displayKey": "ALL", "value": "33.33"}], "playerLink": [], "isNonScoring": true, "percentDrafted": 33.33, "draftableId": 14884844, "score": 0, "stats": [], "statsDescription": "", "timeRemainingUnit": "PMR", "timeRemaining": 0, "maxTimeRemaining": 0, "competition": {"competitionId": 5673322, "name": "CHI 27 @ DET 23", "nameDisplay": [{"value": "CHI"}, {"value": " 27"}, {"value": " @ "}, {"value": "DET", "isEmphasized": true}, {"value": " 23"}], "timeStatus": "Final", "competitionStatus": "ScoresOfficial", "attributes": {"quarter": "4", "timeRemaining": "Final", "homeTeamScore": "23", "awayTeamScore": "27"}, "startTime": "2020-09-13T17:00:00.0000000Z"}, "attributes": {}, "playerStates": []}], "scoringDivider": "BENCH PLAYERS"}, "draftGroupId": 37605, "contestKey": "89992084", "entryKey": "2157655895", "lineupId": -1, "userName": "sansbacon", "userKey": "725157", "userEntryCount": 1, "userEntryIndex": 1, "timeRemaining": 0, "timeRemainingUnit": "PMR", "maxTimeRemaining": 1200, "timeRemainingOpponent": 0, "rank": 1, "fantasyPoints": 255.28, "fantasyPointsOpponent": 185.36, "userNameOpponent": "funny09", "winningValue": 0}]}