{"entries": [{"roster": {"scorecards": [{"firstName": "Lamar", "lastName": "Jackson", "shortName": "L. Jackson", "displayName": "Lamar Jackson", "rosterPositionId": 66, "rosterPosition": "QB", "rosterPositionSortOrder": 1, "eTag": "348", "playerUtilizations": [{"displayKey": "ALL", "value": "33.33"}], "playerLink": [], "percentDrafted": 33.33, "draftableId": 14884847, "score": 27.5, "stats": [{"statId": 36, "name": "Passing Touchdowns", "abbreviation": "PaTD", "fantasyPoints": 12, "statValue": 3, "contributesToScoring": true}, {"statId": 38, "name": "Rushing Touchdowns", "abbreviation": "RuTD", "fantasyPoints": 0, "statValue": 0, "contributesToScoring": true}, {"statId": 39, "name": "Passing Yards", "abbreviation": "PaYds", "fantasyPoints": 11, "statValue": 275, "contributesToScoring": true}, {"statId": 41, "name": "Rushing Yards", "abbreviation": "RuYds", "fantasyPoints": 4.5, "statValue": 45, "contributesToScoring": true}, {"statId": 46, "name": "Interceptions Thrown", "abbreviation": "INT", "fantasyPoints": 0, "statValue": 0, "contributesToScoring": true}, {"statId": 47, "name": "300+ Yards Passing Game", "abbreviation": "300+Pass", "fantasyPoints": 0, "statValue": 0, "contributesToScoring": true}, {"statId": 48, "name": "100+ Rushing Game", "abbreviation": "100+Rush", "fantasyPoints": 0, "statValue": 0, "contributesToScoring": true}], "statsDescription": "3 PaTD, 275 PaYds, 45 RuYds", "timeRemainingUnit": "PMR", "timeRemaining": 0, "maxTimeRemaining": 0, "competition": {"competitionId": 5673892, "name": "CLE 6 @ BAL 38", "nameDisplay": [{"value": "CLE"}, {"value": " 6"}, {"value": " @ "}, {"value": "BAL", "isEmphasized": true}, {"value": " 38"}], "timeStatus": "Final", "competitionStatus": "ScoresOfficial", "attributes": {"quarter": "4", "timeRemaining": "Final", "homeTeamScore": "38", "awayTeamScore": "6"}, "startTime": "2020-09-13T17:00:00.0000000Z"}, "attributes": {}, "playerStates": []}, {"firstName": "Christian", "lastName": "McCaffrey", "shortName": "C. McCaffrey", "displayName": "Christian McCaffrey", "rosterPositionId": 67, "rosterPosition": "RB", "rosterPositionSortOrder": 2, "eTag": "447", "playerUtilizations": [{"displayKey": "ALL", "value": "33.33"}], "playerLink": [], "percentDrafted": 33.33, "draftableId": 14884784, "score": 28.4, "stats": [{"statId": 37, "name": "Receiving Touchdowns", "abbreviation": "RecTD", "fantasyPoints": 0, "statValue": 0, "contributesToScoring": true}, {"statId": 38, "name": "Rushing Touchdowns", "abbreviation": "RuTD", "fantasyPoints": 12, "statValue": 2, "contributesToScoring": true}, {"statId": 40, "name": "Receiving Yards", "abbreviation": "RecYds", "fantasyPoints": 3.8, "statValue": 38, "contributesToScoring": true}, {"statId": 41, "name": "Rushing Yards", "abbreviation": "RuYds", "fantasyPoints": 9.6, "statValue": 96, "contributesToScoring": true}, {"statId": 44, "name": "Receptions", "abbreviation": "REC", "fantasyPoints": 3, "statValue": 3, "contributesToScoring": true}, {"statId": 48, "name": "100+ Rushing Game", "abbreviation": "100+Rush", "fantasyPoints": 0, "statValue": 0, "contributesToScoring": true}, {"statId": 49, "name": "100+ Receiving Game", "abbreviation": "100+Rec", "fantasyPoints": 0, "statValue": 0, "contributesToScoring": true}, {"statId": 65, "name": "Kick Return Touchdowns", "abbreviation": "KRetTD", "fantasyPoints": 0, "statValue": 0, "contributesToScoring": true}, {"statId": 467, "name": "Targets", "abbreviation": "Targets", "fantasyPoints": 0, "statValue": 0, "contributesToScoring": false}], "statsDescription": "2 RuTD, 38 RecYds, 96 RuYds, 3 REC", "timeRemainingUnit": "PMR", "timeRemaining": 0, "maxTimeRemaining": 0, "competition": {"competitionId": 5673940, "name": "LV 34 @ CAR 30", "nameDisplay": [{"value": "LV"}, {"value": " 34"}, {"value": " @ "}, {"value": "CAR", "isEmphasized": true}, {"value": " 30"}], "timeStatus": "Final", "competitionStatus": "ScoresOfficial", "attributes": {"quarter": "4", "timeRemaining": "Final", "homeTeamScore": "30", "awayTeamScore": "34"}, "startTime": "2020-09-13T17:00:00.0000000Z"}, "attributes": {}, "playerStates": []}, {"firstName": "Chris", "lastName": "Carson", "shortName": "C. Carson", "displayName": "Chris Carson", "rosterPositionId": 67, "rosterPosition": "RB", "rosterPositionSortOrder": 3, "eTag": "543", "playerUtilizations": [{"displayKey": "ALL", "value": "33.33"}], "playerLink": [], "percentDrafted": 33.33, "draftableId": 14884931, "score": 24.6, "stats": [{"statId": 37, "name": "Receiving Touchdowns", "abbreviation": "RecTD", "fantasyPoints": 12, "statValue": 2, "contributesToScoring": true}, {"statId": 38, "name": "Rushing Touchdowns", "abbreviation": "RuTD", "fantasyPoints": 0, "statValue": 0, "contributesToScoring": true}, {"statId": 40, "name": "Receiving Yards", "abbreviation": "RecYds", "fantasyPoints": 4.5, "statValue": 45, "contributesToScoring": true}, {"statId": 41, "name": "Rushing Yards", "abbreviation": "RuYds", "fantasyPoints": 2.1, "statValue": 21, "contributesToScoring": true}, {"statId": 44, "name": "Receptions", "abbreviation": "REC", "fantasyPoints": 6, "statValue": 6, "contributesToScoring": true}, {"statId": 48, "name": "100+ Rushing Game", "abbreviation": "100+Rush", "fantasyPoints": 0, "statValue": 0, "contributesToScoring": true}, {"statId": 49, "name": "100+ Receiving Game", "abbreviation": "100+Rec", "fantasyPoints": 0, "statValue": 0, "contributesToScoring": true}, {"statId": 467, "name": "Targets", "abbreviation": "Targets", "fantasyPoints": 0, "statValue": 0, "contributesToScoring": false}], "statsDescription": "2 RecTD, 45 RecYds, 21 RuYds, 6 REC", "timeRemainingUnit": "PMR", "timeRemaining": 0, "maxTimeRemaining": 0, "competition": {"competitionId": 5673562, "name": "SEA 38 @ ATL 25", "nameDisplay": [{"value": "SEA", "isEmphasized": true}, {"value": " 38"}, {"value": " @ "}, {"value": "ATL"}, {"value": " 25"}], "timeStatus": "Final", "competitionStatus": "ScoresOfficial", "attributes": {"quarter": "4", "timeRemaining": "Final", "homeTeamScore": "25", "awayTeamScore": "38"}, "startTime": "2020-09-13T17:00:00.0000000Z"}, "attributes": {}, "playerStates": []}, {"firstName": "Davante", "lastName": "Adams", "shortName": "D. Adams", "displayName": "Davante Adams", "rosterPositionId": 68, "rosterPosition": "WR", "rosterPositionSortOrder": 4, "eTag": "399", "playerUtilizations": [{"displayKey": "ALL", "value": "33.33"}], "playerLink": [], "percentDrafted": 33.33, "draftableId": 14884823, "score": 44.6, "stats": [{"statId": 37, "name": "Receiving Touchdowns", "abbreviation": "RecTD", "fantasyPoints": 12, "statValue": 2, "contributesToScoring": true}, {"statId": 40, "name": "Receiving Yards", "abbreviation": "RecYds", "fantasyPoints": 15.6, "statValue": 156, "contributesToScoring": true}, {"statId": 44, "name": "Receptions", "abbreviation": "REC", "fantasyPoints": 14, "statValue": 14, "contributesToScoring": true}, {"statId": 49, "name": "100+ Receiving Game", "abbreviation": "100+Rec", "fantasyPoints": 3, "statValue": 1, "contributesToScoring": true}, {"statId": 65, "name": "Kick Return Touchdowns", "abbreviation": "KRetTD", "fantasyPoints": 0, "statValue": 0, "contributesToScoring": true}, {"statId": 467, "name": "Targets", "abbreviation": "Targets", "fantasyPoints": 0, "statValue": 17, "contributesToScoring": false}], "statsDescription": "2 RecTD, 156 RecYds, 14 REC, 1 100+Rec", "timeRemainingUnit": "PMR", "timeRemaining": 0, "maxTimeRemaining": 0, "competition": {"competitionId": 5673850, "name": "GB 43 @ MIN 34", "nameDisplay": [{"value": "GB", "isEmphasized": true}, {"value": " 43"}, {"value": " @ "}, {"value": "MIN"}, {"value": " 34"}], "timeStatus": "Final", "competitionStatus": "ScoresOfficial", "attributes": {"quarter": "4", "timeRemaining": "Final", "homeTeamScore": "34", "awayTeamScore": "43"}, "startTime": "2020-09-13T17:00:00.0000000Z"}, "attributes": {}, "playerStates": []}, {"firstName": "Calvin", "lastName": "Ridley", "shortName": "C. Ridley", "displayName": "Calvin Ridley", "rosterPositionId": 68, "rosterPosition": "WR", "rosterPositionSortOrder": 5, "eTag": "572", "playerUtilizations": [{"displayKey": "ALL", "value": "33.33"}], "playerLink": [], "percentDrafted": 33.33, "draftableId": 14884883, "score": 36.9, "stats": [{"statId": 37, "name": "Receiving Touchdowns", "abbreviation": "RecTD", "fantasyPoints": 12, "statValue": 2, "contributesToScoring": true}, {"statId": 38, "name": "Rushing Touchdowns", "abbreviation": "RuTD", "fantasyPoints": 0, "statValue": 0, "contributesToScoring": true}, {"statId": 40, "name": "Receiving Yards", "abbreviation": "RecYds", "fantasyPoints": 13, "statValue": 130, "contributesToScoring": true}, {"statId": 41, "name": "Rushing Yards", "abbreviation": "RuYds", "fantasyPoints": -0.1, "statValue": -1, "contributesToScoring": true}, {"statId": 44, "name": "Receptions", "abbreviation": "REC", "fantasyPoints": 9, "statValue": 9, "contributesToScoring": true}, {"statId": 48, "name": "100+ Rushing Game", "abbreviation": "100+Rush", "fantasyPoints": 0, "statValue": 0, "contributesToScoring": true}, {"statId": 49, "name": "100+ Receiving Game", "abbreviation": "100+Rec", "fantasyPoints": 3, "statValue": 1, "contributesToScoring": true}, {"statId": 467, "name": "Targets", "abbreviation": "Targets", "fantasyPoints": 0, "statValue": 0, "contributesToScoring": false}], "statsDescription": "2 RecTD, 130 RecYds, 9 REC, 1 100+Rec", "timeRemainingUnit": "PMR", "timeRemaining": 0, "maxTimeRemaining": 0, "competition": {"competitionId": 5673562, "name": "SEA 38 @ ATL 25", "nameDisplay": [{"value": "SEA"}, {"value": " 38"}, {"value": " @ "}, {"value": "ATL", "isEmphasized": true}, {"value": " 25"}], "timeStatus": "Final", "competitionStatus": "ScoresOfficial", "attributes": {"quarter": "4", "timeRemaining": "Final", "homeTeamScore": "25", "awayTeamScore": "38"}, "startTime": "2020-09-13T17:00:00.0000000Z"}, "attributes": {}, "playerStates": []}, {"firstName": "Adam", "lastName": "Thielen", "shortName": "A. Thielen", "displayName": "Adam Thielen", "rosterPositionId": 68, "rosterPosition": "WR", "rosterPositionSortOrder": 6, "eTag": "373", "playerUtilizations": [{"displayKey": "ALL", "value": "33.33"}], "playerLink": [], "percentDrafted": 33.33, "draftableId": 14884874, "score": 34, "stats": [{"statId": 37, "name": "Receiving Touchdowns", "abbreviation": "RecTD", "fantasyPoints": 12, "statValue": 2, "contributesToScoring": true}, {"statId": 40, "name": "Receiving Yards", "abbreviation": "RecYds", "fantasyPoints": 11, "statValue": 110, "contributesToScoring": true}, {"statId": 44, "name": "Receptions", "abbreviation": "REC", "fantasyPoints": 6, "statValue": 6, "contributesToScoring": true}, {"statId": 49, "name": "100+ Receiving Game", "abbreviation": "100+Rec", "fantasyPoints": 3, "statValue": 1, "contributesToScoring": true}, {"statId": 51, "name": "2 Point Conversions", "abbreviation": "2PT", "fantasyPoints": 2, "statValue": 1, "contributesToScoring": true}, {"statId": 70, "name": "2PTs Passing", "abbreviation": "2PtPass", "fantasyPoints": 0, "statValue": 0, "contributesToScoring": true}, {"statId": 467, "name": "Targets", "abbreviation": "Targets", "fantasyPoints": 0, "statValue": 8, "contributesToScoring": false}], "statsDescription": "2 RecTD, 110 RecYds, 6 REC, 1 100+Rec, 1 2PT", "timeRemainingUnit": "PMR", "timeRemaining": 0, "maxTimeRemaining": 0, "competition": {"competitionId": 5673850, "name": "GB 43 @ MIN 34", "nameDisplay": [{"value": "GB"}, {"value": " 43"}, {"value": " @ "}, {"value": "MIN", "isEmphasized": true}, {"value": " 34"}], "timeStatus": "Final", "competitionStatus": "ScoresOfficial", "attributes": {"quarter": "4", "timeRemaining": "Final", "homeTeamScore": "34", "awayTeamScore": "43"}, "startTime": "2020-09-13T17:00:00.0000000Z"}, "attributes": {}, "playerStates": []}, {"firstName": "Mark", "lastName": "Andrews", "shortName": "M. Andrews", "displayName": "Mark Andrews", "rosterPositionId": 69, "rosterPosition": "TE", "rosterPositionSortOrder": 7, "eTag": "332", "playerUtilizations": [{"displayKey": "ALL", "value": "33.33"}], "playerLink": [], "percentDrafted": 33.33, "draftableId": 14884876, "score": 22.8, "stats": [{"statId": 37, "name": "Receiving Touchdowns", "abbreviation": "RecTD", "fantasyPoints": 12, "statValue": 2, "contributesToScoring": true}, {"statId": 40, "name": "Receiving Yards", "abbreviation": "RecYds", "fantasyPoints": 5.8, "statValue": 58, "contributesToScoring": true}, {"statId": 44, "name": "Receptions", "abbreviation": "REC", "fantasyPoints": 5, "statValue": 5, "contributesToScoring": true}, {"statId": 49, "name": "100+ Receiving Game", "abbreviation": "100+Rec", "fantasyPoints": 0, "statValue": 0, "contributesToScoring": true}, {"statId": 467, "name": "Targets", "abbreviation": "Targets", "fantasyPoints": 0, "statValue": 6, "contributesToScoring": false}], "statsDescription": "2 RecTD, 58 RecYds, 5 REC", "timeRemainingUnit": "PMR", "timeRemaining": 0, "maxTimeRemaining": 0, "competition": {"competitionId": 5673892, "name": "CLE 6 @ BAL 38", "nameDisplay": [{"value": "CLE"}, {"value": " 6"}, {"value": " @ "}, {"value": "BAL", "isEmphasized": true}, {"value": " 38"}], "timeStatus": "Final", "competitionStatus": "ScoresOfficial", "attributes": {"quarter": "4", "timeRemaining": "Final", "homeTeamScore": "38", "awayTeamScore": "6"}, "startTime": "2020-09-13T17:00:00.0000000Z"}, "attributes": {}, "playerStates": []}, {"firstName": "DeAndre", "lastName": "Hopkins", "shortName": "D. Hopkins", "displayName": "DeAndre Hopkins", "rosterPositionId": 70, "rosterPosition": "FLEX", "rosterPositionSortOrder": 8, "eTag": "398", "playerUtilizations": [{"displayKey": "ALL", "value": "33.33"}], "playerLink": [], "percentDrafted": 33.33, "draftableId": 14884826, "score": 32.1, "stats": [{"statId": 37, "name": "Receiving Touchdowns", "abbreviation": "RecTD", "fantasyPoints": 0, "statValue": 0, "contributesToScoring": true}, {"statId": 40, "name": "Receiving Yards", "abbreviation": "RecYds", "fantasyPoints": 15.1, "statValue": 151, "contributesToScoring": true}, {"statId": 44, "name": "Receptions", "abbreviation": "REC", "fantasyPoints": 14, "statValue": 14, "contributesToScoring": true}, {"statId": 49, "name": "100+ Receiving Game", "abbreviation": "100+Rec", "fantasyPoints": 3, "statValue": 1, "contributesToScoring": true}, {"statId": 467, "name": "Targets", "abbreviation": "Targets", "fantasyPoints": 0, "statValue": 16, "contributesToScoring": false}], "statsDescription": "151 RecYds, 14 REC, 1 100+Rec", "timeRemainingUnit": "PMR", "timeRemaining": 0, "maxTimeRemaining": 0, "competition": {"competitionId": 5673988, "name": "ARI 24 @ SF 20", "nameDisplay": [{"value": "ARI", "isEmphasized": true}, {"value": " 24"}, {"value": " @ "}, {"value": "SF"}, {"value": " 20"}], "timeStatus": "Final", "competitionStatus": "ScoresOfficial", "attributes": {"quarter": "4", "timeRemaining": "Final", "homeTeamScore": "20", "awayTeamScore": "24"}, "startTime": "2020-09-13T20:25:00.0000000Z"}, "attributes": {}, "playerStates": []}, {"firstName": "Julio", "lastName": "Jones", "shortName": "J. Jones", "displayName": "Julio Jones", "rosterPositionId": 627, "rosterPosition": "BN", "rosterPositionSortOrder": 9, "eTag": "561", "playerUtilizations": [{"displayKey": "ALL", "value": "33.33"}], "playerLink": [], "isNonScoring": true, "percentDrafted": 33.33, "draftableId": 14884841, "score": 27.7, "stats": [{"statId": 37, "name": "Receiving Touchdowns", "abbreviation": "RecTD", "fantasyPoints": 0, "statValue": 0, "contributesToScoring": true}, {"statId": 40, "name": "Receiving Yards", "abbreviation": "RecYds", "fantasyPoints": 15.7, "statValue": 157, "contributesToScoring": true}, {"statId": 44, "name": "Receptions", "abbreviation": "REC", "fantasyPoints": 9, "statValue": 9, "contributesToScoring": true}, {"statId": 49, "name": "100+ Receiving Game", "abbreviation": "100+Rec", "fantasyPoints": 3, "statValue": 1, "contributesToScoring": true}, {"statId": 467, "name": "Targets", "abbreviation": "Targets", "fantasyPoints": 0, "statValue": 0, "contributesToScoring": false}], "statsDescription": "157 RecYds, 9 REC, 1 100+Rec", "timeRemainingUnit": "PMR", "timeRemaining": 0, "maxTimeRemaining": 0, "competition": {"competitionId": 5673562, "name": "SEA 38 @ ATL 25", "nameDisplay": [{"value": "SEA"}, {"value": " 38"}, {"value": " @ "}, {"value": "ATL", "isEmphasized": true}, {"value": " 25"}], "timeStatus": "Final", "competitionStatus": "ScoresOfficial", "attributes": {"quarter": "4", "timeRemaining": "Final", "homeTeamScore": "25", "awayTeamScore": "38"}, "startTime": "2020-09-13T17:00:00.0000000Z"}, "attributes": {}, "playerStates": []}, {"firstName": "Will", "lastName": "Fuller V", "shortName": "W. Fuller V", "displayName": "Will Fuller V", "rosterPositionId": 627, "rosterPosition": "BN", "rosterPositionSortOrder": 10, "eTag": "491", "playerUtilizations": [{"displayKey": "ALL", "value": "33.33"}], "playerLink": [], "isNonScoring": true, "percentDrafted": 33.33, "draftableId": 14885016, "score": 22.2, "stats": [{"statId": 37, "name": "Receiving Touchdowns", "abbreviation": "RecTD", "fantasyPoints": 0, "statValue": 0, "contributesToScoring": true}, {"statId": 40, "name": "Receiving Yards", "abbreviation": "RecYds", "fantasyPoints": 11.2, "statValue": 112, "contributesToScoring": true}, {"statId": 44, "name": "Receptions", "abbreviation": "REC", "fantasyPoints": 8, "statValue": 8, "contributesToScoring": true}, {"statId": 49, "name": "100+ Receiving Game", "abbreviation": "100+Rec", "fantasyPoints": 3, "statValue": 1, "contributesToScoring": true}, {"statId": 467, "name": "Targets", "abbreviation": "Targets", "fantasyPoints": 0, "statValue": 10, "contributesToScoring": false}], "statsDescription": "112 RecYds, 8 REC, 1 100+Rec", "timeRemainingUnit": "PMR", "timeRemaining": 0, "maxTimeRemaining": 0, "competition": {"competitionId": 5673802, "name": "HOU 20 @ KC 34", "nameDisplay": [{"value": "HOU", "isEmphasized": true}, {"value": " 20"}, {"value": " @ "}, {"value": "KC"}, {"value": " 34"}], "timeStatus": "Final", "competitionStatus": "ScoresOfficial", "attributes": {"quarter": "4", "timeRemaining": "Final", "homeTeamScore": "34", "awayTeamScore": "20"}, "startTime": "2020-09-11T00:20:00.0000000Z"}, "attributes": {}, "playerStates": []}, {"firstName": "Dalvin", "lastName": "Cook", "shortName": "D. Cook", "displayName": "Dalvin Cook", "rosterPositionId": 627, "rosterPosition": "BN", "rosterPositionSortOrder": 11, "eTag": "365", "playerUtilizations": [{"displayKey": "ALL", "value": "33.33"}], "playerLink": [], "isNonScoring": true, "percentDrafted": 33.33, "draftableId": 14884802, "score": 21.8, "stats": [{"statId": 37, "name": "Receiving Touchdowns", "abbreviation": "RecTD", "fantasyPoints": 0, "statValue": 0, "contributesToScoring": true}, {"statId": 38, "name": "Rushing Touchdowns", "abbreviation": "RuTD", "fantasyPoints": 12, "statValue": 2, "contributesToScoring": true}, {"statId": 40, "name": "Receiving Yards", "abbreviation": "RecYds", "fantasyPoints": -0.2, "statValue": -2, "contributesToScoring": true}, {"statId": 41, "name": "Rushing Yards", "abbreviation": "RuYds", "fantasyPoints": 5, "statValue": 50, "contributesToScoring": true}, {"statId": 44, "name": "Receptions", "abbreviation": "REC", "fantasyPoints": 1, "statValue": 1, "contributesToScoring": true}, {"statId": 48, "name": "100+ Rushing Game", "abbreviation": "100+Rush", "fantasyPoints": 0, "statValue": 0, "contributesToScoring": true}, {"statId": 49, "name": "100+ Receiving Game", "abbreviation": "100+Rec", "fantasyPoints": 0, "statValue": 0, "contributesToScoring": true}, {"statId": 51, "name": "2 Point Conversions", "abbreviation": "2PT", "fantasyPoints": 4, "statValue": 2, "contributesToScoring": true}, {"statId": 70, "name": "2PTs Passing", "abbreviation": "2PtPass", "fantasyPoints": 0, "statValue": 0, "contributesToScoring": true}, {"statId": 467, "name": "Targets", "abbreviation": "Targets", "fantasyPoints": 0, "statValue": 2, "contributesToScoring": false}], "statsDescription": "2 RuTD, 50 RuYds, 1 REC, 2 2PT", "timeRemainingUnit": "PMR", "timeRemaining": 0, "maxTimeRemaining": 0, "competition": {"competitionId": 5673850, "name": "GB 43 @ MIN 34", "nameDisplay": [{"value": "GB"}, {"value": " 43"}, {"value": " @ "}, {"value": "MIN", "isEmphasized": true}, {"value": " 34"}], "timeStatus": "Final", "competitionStatus": "ScoresOfficial", "attributes": {"quarter": "4", "timeRemaining": "Final", "homeTeamScore": "34", "awayTeamScore": "43"}, "startTime": "2020-09-13T17:00:00.0000000Z"}, "attributes": {}, "playerStates": []}, {"firstName": "Robert", "lastName": "Woods", "shortName": "R. Woods", "displayName": "Robert Woods", "rosterPositionId": 627, "rosterPosition": "BN", "rosterPositionSortOrder": 12, "eTag": "545", "playerUtilizations": [{"displayKey": "ALL", "value": "33.33"}], "playerLink": [], "isNonScoring": true, "percentDrafted": 33.33, "draftableId": 14884928, "score": 20.9, "stats": [{"statId": 37, "name": "Receiving Touchdowns", "abbreviation": "RecTD", "fantasyPoints": 0, "statValue": 0, "contributesToScoring": true}, {"statId": 38, "name": "Rushing Touchdowns", "abbreviation": "RuTD", "fantasyPoints": 0, "statValue": 0, "contributesToScoring": true}, {"statId": 40, "name": "Receiving Yards", "abbreviation": "RecYds", "fantasyPoints": 10.5, "statValue": 105, "contributesToScoring": true}, {"statId": 41, "name": "Rushing Yards", "abbreviation": "RuYds", "fantasyPoints": 1.4, "statValue": 14, "contributesToScoring": true}, {"statId": 44, "name": "Receptions", "abbreviation": "REC", "fantasyPoints": 6, "statValue": 6, "contributesToScoring": true}, {"statId": 48, "name": "100+ Rushing Game", "abbreviation": "100+Rush", "fantasyPoints": 0, "statValue": 0, "contributesToScoring": true}, {"statId": 49, "name": "100+ Receiving Game", "abbreviation": "100+Rec", "fantasyPoints": 3, "statValue": 1, "contributesToScoring": true}, {"statId": 467, "name": "Targets", "abbreviation": "Targets", "fantasyPoints": 0, "statValue": 0, "contributesToScoring": false}], "statsDescription": "105 RecYds, 14 RuYds, 6 REC, 1 100+Rec", "timeRemainingUnit": "PMR", "timeRemaining": 0, "maxTimeRemaining": 0, "competition": {"competitionId": 5674012, "name": "DAL 17 @ LAR 20", "nameDisplay": [{"value": "DAL"}, {"value": " 17"}, {"value": " @ "}, {"value": "LAR", "isEmphasized": true}, {"value": " 20"}], "timeStatus": "Final", "competitionStatus": "ScoresOfficial", "attributes": {"quarter": "4", "timeRemaining": "Final", "homeTeamScore": "20", "awayTeamScore": "17"}, "startTime": "2020-09-14T00:20:00.0000000Z"}, "attributes": {}, "playerStates": []}, {"firstName": "Dak", "lastName": "Prescott", "shortName": "D. Prescott", "displayName": "Dak Prescott", "rosterPositionId": 627, "rosterPosition": "BN", "rosterPositionSortOrder": 13, "eTag": "512", "playerUtilizations": [{"displayKey": "ALL", "value": "33.33"}], "playerLink": [], "isNonScoring": true, "percentDrafted": 33.33, "draftableId": 14884933, "score": 17.64, "stats": [{"statId": 36, "name": "Passing Touchdowns", "abbreviation": "PaTD", "fantasyPoints": 4, "statValue": 1, "contributesToScoring": true}, {"statId": 38, "name": "Rushing Touchdowns", "abbreviation": "RuTD", "fantasyPoints": 0, "statValue": 0, "contributesToScoring": true}, {"statId": 39, "name": "Passing Yards", "abbreviation": "PaYds", "fantasyPoints": 10.64, "statValue": 266, "contributesToScoring": true}, {"statId": 41, "name": "Rushing Yards", "abbreviation": "RuYds", "fantasyPoints": 3, "statValue": 30, "contributesToScoring": true}, {"statId": 46, "name": "Interceptions Thrown", "abbreviation": "INT", "fantasyPoints": 0, "statValue": 0, "contributesToScoring": true}, {"statId": 47, "name": "300+ Yards Passing Game", "abbreviation": "300+Pass", "fantasyPoints": 0, "statValue": 0, "contributesToScoring": true}, {"statId": 48, "name": "100+ Rushing Game", "abbreviation": "100+Rush", "fantasyPoints": 0, "statValue": 0, "contributesToScoring": true}], "statsDescription": "1 PaTD, 266 PaYds, 30 RuYds", "timeRemainingUnit": "PMR", "timeRemaining": 0, "maxTimeRemaining": 0, "competition": {"competitionId": 5674012, "name": "DAL 17 @ LAR 20", "nameDisplay": [{"value": "DAL", "isEmphasized": true}, {"value": " 17"}, {"value": " @ "}, {"value": "LAR"}, {"value": " 20"}], "timeStatus": "Final", "competitionStatus": "ScoresOfficial", "attributes": {"quarter": "4", "timeRemaining": "Final", "homeTeamScore": "20", "awayTeamScore": "17"}, "startTime": "2020-09-14T00:20:00.0000000Z"}, "attributes": {}, "playerStates": []}, {"firstName": "Melvin", "lastName": "Gordon III", "shortName": "M. Gordon III", "displayName": "Melvin Gordon III", "rosterPositionId": 627, "rosterPosition": "BN", "rosterPositionSortOrder": 14, "eTag": "534", "playerUtilizations": [{"displayKey": "ALL", "value": "33.33"}], "playerLink": [], "isNonScoring": true, "percentDrafted": 33.33, "draftableId": 14884919, "score": 16.6, "stats": [{"statId": 37, "name": "Receiving Touchdowns", "abbreviation": "RecTD", "fantasyPoints": 0, "statValue": 0, "contributesToScoring": true}, {"statId": 38, "name": "Rushing Touchdowns", "abbreviation": "RuTD", "fantasyPoints": 6, "statValue": 1, "contributesToScoring": true}, {"statId": 40, "name": "Receiving Yards", "abbreviation": "RecYds", "fantasyPoints": 0.8, "statValue": 8, "contributesToScoring": true}, {"statId": 41, "name": "Rushing Yards", "abbreviation": "RuYds", "fantasyPoints": 7.8, "statValue": 78, "contributesToScoring": true}, {"statId": 44, "name": "Receptions", "abbreviation": "REC", "fantasyPoints": 3, "statValue": 3, "contributesToScoring": true}, {"statId": 48, "name": "100+ Rushing Game", "abbreviation": "100+Rush", "fantasyPoints": 0, "statValue": 0, "contributesToScoring": true}, {"statId": 49, "name": "100+ Receiving Game", "abbreviation": "100+Rec", "fantasyPoints": 0, "statValue": 0, "contributesToScoring": true}, {"statId": 50, "name": "Fumbles Lost", "abbreviation": "FUM", "fantasyPoints": -1, "statValue": 1, "contributesToScoring": true}, {"statId": 467, "name": "Targets", "abbreviation": "Targets", "fantasyPoints": 0, "statValue": 0, "contributesToScoring": false}], "statsDescription": "1 RuTD, 8 RecYds, 78 RuYds, 3 REC, 1 FUM", "timeRemainingUnit": "PMR", "timeRemaining": 0, "maxTimeRemaining": 0, "competition": {"competitionId": 5674048, "name": "TEN 16 @ DEN 14", "nameDisplay": [{"value": "TEN"}, {"value": " 16"}, {"value": " @ "}, {"value": "DEN", "isEmphasized": true}, {"value": " 14"}], "timeStatus": "Final", "competitionStatus": "ScoresOfficial", "attributes": {"quarter": "4", "timeRemaining": "Final", "homeTeamScore": "14", "awayTeamScore": "16"}, "startTime": "2020-09-15T02:20:00.0000000Z"}, "attributes": {}, "playerStates": []}, {"firstName": "Allen", "lastName": "Robinson II", "shortName": "A. Robinson II", "displayName": "Allen Robinson II", "rosterPositionId": 627, "rosterPosition": "BN", "rosterPositionSortOrder": 15, "eTag": "425", "playerUtilizations": [{"displayKey": "ALL", "value": "33.33"}], "playerLink": [], "isNonScoring": true, "percentDrafted": 33.33, "draftableId": 14884859, "score": 12.3, "stats": [{"statId": 37, "name": "Receiving Touchdowns", "abbreviation": "RecTD", "fantasyPoints": 0, "statValue": 0, "contributesToScoring": true}, {"statId": 38, "name": "Rushing Touchdowns", "abbreviation": "RuTD", "fantasyPoints": 0, "statValue": 0, "contributesToScoring": true}, {"statId": 40, "name": "Receiving Yards", "abbreviation": "RecYds", "fantasyPoints": 7.4, "statValue": 74, "contributesToScoring": true}, {"statId": 41, "name": "Rushing Yards", "abbreviation": "RuYds", "fantasyPoints": -0.1, "statValue": -1, "contributesToScoring": true}, {"statId": 44, "name": "Receptions", "abbreviation": "REC", "fantasyPoints": 5, "statValue": 5, "contributesToScoring": true}, {"statId": 48, "name": "100+ Rushing Game", "abbreviation": "100+Rush", "fantasyPoints": 0, "statValue": 0, "contributesToScoring": true}, {"statId": 49, "name": "100+ Receiving Game", "abbreviation": "100+Rec", "fantasyPoints": 0, "statValue": 0, "contributesToScoring": true}, {"statId": 467, "name": "Targets", "abbreviation": "Targets", "fantasyPoints": 0, "statValue": 9, "contributesToScoring": false}], "statsDescription": "74 RecYds, 5 REC", "timeRemainingUnit": "PMR", "timeRemaining": 0, "maxTimeRemaining": 0, "competition": {"competitionId": 5673322, "name": "CHI 27 @ DET 23", "nameDisplay": [{"value": "CHI", "isEmphasized": true}, {"value": " 27"}, {"value": " @ "}, {"value": "DET"}, {"value": " 23"}], "timeStatus": "Final", "competitionStatus": "ScoresOfficial", "attributes": {"quarter": "4", "timeRemaining": "Final", "homeTeamScore": "23", "awayTeamScore": "27"}, "startTime": "2020-09-13T17:00:00.0000000Z"}, "attributes": {}, "playerStates": []}, {"firstName": "Terry", "lastName": "McLaurin", "shortName": "T. McLaurin", "displayName": "Terry McLaurin", "rosterPositionId": 627, "rosterPosition": "BN", "rosterPositionSortOrder": 16, "eTag": "443", "playerUtilizations": [{"displayKey": "ALL", "value": "33.33"}], "playerLink": [], "isNonScoring": true, "percentDrafted": 33.33, "draftableId": 14884895, "score": 11.1, "stats": [{"statId": 37, "name": "Receiving Touchdowns", "abbreviation": "RecTD", "fantasyPoints": 0, "statValue": 0, "contributesToScoring": true}, {"statId": 40, "name": "Receiving Yards", "abbreviation": "RecYds", "fantasyPoints": 6.1, "statValue": 61, "contributesToScoring": true}, {"statId": 44, "name": "Receptions", "abbreviation": "REC", "fantasyPoints": 5, "statValue": 5, "contributesToScoring": true}, {"statId": 49, "name": "100+ Receiving Game", "abbreviation": "100+Rec", "fantasyPoints": 0, "statValue": 0, "contributesToScoring": true}, {"statId": 467, "name": "Targets", "abbreviation": "Targets", "fantasyPoints": 0, "statValue": 0, "contributesToScoring": false}], "statsDescription": "61 RecYds, 5 REC", "timeRemainingUnit": "PMR", "timeRemaining": 0, "maxTimeRemaining": 0, "competition": {"competitionId": 5673832, "name": "PHI 17 @ WAS 27", "nameDisplay": [{"value": "PHI"}, {"value": " 17"}, {"value": " @ "}, {"value": "WAS", "isEmphasized": true}, {"value": " 27"}], "timeStatus": "Final", "competitionStatus": "ScoresOfficial", "attributes": {"quarter": "4", "timeRemaining": "Final", "homeTeamScore": "27", "awayTeamScore": "17"}, "startTime": "2020-09-13T17:00:00.0000000Z"}, "attributes": {}, "playerStates": []}, {"firstName": "George", "lastName": "Kittle", "shortName": "G. Kittle", "displayName": "George Kittle", "rosterPositionId": 627, "rosterPosition": "BN", "rosterPositionSortOrder": 17, "eTag": "417", "playerUtilizations": [{"displayKey": "ALL", "value": "33.33"}], "playerLink": [], "isNonScoring": true, "percentDrafted": 33.33, "draftableId": 14884835, "score": 9.3, "stats": [{"statId": 37, "name": "Receiving Touchdowns", "abbreviation": "RecTD", "fantasyPoints": 0, "statValue": 0, "contributesToScoring": true}, {"statId": 38, "name": "Rushing Touchdowns", "abbreviation": "RuTD", "fantasyPoints": 0, "statValue": 0, "contributesToScoring": true}, {"statId": 40, "name": "Receiving Yards", "abbreviation": "RecYds", "fantasyPoints": 4.4, "statValue": 44, "contributesToScoring": true}, {"statId": 41, "name": "Rushing Yards", "abbreviation": "RuYds", "fantasyPoints": 0.9, "statValue": 9, "contributesToScoring": true}, {"statId": 44, "name": "Receptions", "abbreviation": "REC", "fantasyPoints": 4, "statValue": 4, "contributesToScoring": true}, {"statId": 48, "name": "100+ Rushing Game", "abbreviation": "100+Rush", "fantasyPoints": 0, "statValue": 0, "contributesToScoring": true}, {"statId": 49, "name": "100+ Receiving Game", "abbreviation": "100+Rec", "fantasyPoints": 0, "statValue": 0, "contributesToScoring": true}, {"statId": 467, "name": "Targets", "abbreviation": "Targets", "fantasyPoints": 0, "statValue": 5, "contributesToScoring": false}], "statsDescription": "44 RecYds, 9 RuYds, 4 REC", "timeRemainingUnit": "PMR", "timeRemaining": 0, "maxTimeRemaining": 0, "competition": {"competitionId": 5673988, "name": "ARI 24 @ SF 20", "nameDisplay": [{"value": "ARI"}, {"value": " 24"}, {"value": " @ "}, {"value": "SF", "isEmphasized": true}, {"value": " 20"}], "timeStatus": "Final", "competitionStatus": "ScoresOfficial", "attributes": {"quarter": "4", "timeRemaining": "Final", "homeTeamScore": "20", "awayTeamScore": "24"}, "startTime": "2020-09-13T20:25:00.0000000Z"}, "attributes": {}, "playerStates": []}, {"firstName": "Mike", "lastName": "Evans", "shortName": "M. Evans", "displayName": "Mike Evans", "rosterPositionId": 627, "rosterPosition": "BN", "rosterPositionSortOrder": 18, "eTag": "212", "playerUtilizations": [{"displayKey": "ALL", "value": "33.33"}], "playerLink": [], "isNonScoring": true, "percentDrafted": 33.33, "draftableId": 14884856, "score": 7.2, "stats": [{"statId": 37, "name": "Receiving Touchdowns", "abbreviation": "RecTD", "fantasyPoints": 6, "statValue": 1, "contributesToScoring": true}, {"statId": 40, "name": "Receiving Yards", "abbreviation": "RecYds", "fantasyPoints": 0.2, "statValue": 2, "contributesToScoring": true}, {"statId": 44, "name": "Receptions", "abbreviation": "REC", "fantasyPoints": 1, "statValue": 1, "contributesToScoring": true}, {"statId": 49, "name": "100+ Receiving Game", "abbreviation": "100+Rec", "fantasyPoints": 0, "statValue": 0, "contributesToScoring": true}, {"statId": 467, "name": "Targets", "abbreviation": "Targets", "fantasyPoints": 0, "statValue": 4, "contributesToScoring": false}], "statsDescription": "1 RecTD, 2 RecYds, 1 REC", "timeRemainingUnit": "PMR", "timeRemaining": 0, "maxTimeRemaining": 0, "competition": {"competitionId": 5673346, "name": "TB 23 @ NO 34", "nameDisplay": [{"value": "TB", "isEmphasized": true}, {"value": " 23"}, {"value": " @ "}, {"value": "NO"}, {"value": " 34"}], "timeStatus": "Final", "competitionStatus": "ScoresOfficial", "attributes": {"quarter": "4", "timeRemaining": "Final", "homeTeamScore": "34", "awayTeamScore": "23"}, "startTime": "2020-09-13T20:25:00.0000000Z"}, "attributes": {}, "playerStates": []}, {"firstName": "Nick", "lastName": "Chubb", "shortName": "N. Chubb", "displayName": "Nick Chubb", "rosterPositionId": 627, "rosterPosition": "BN", "rosterPositionSortOrder": 19, "eTag": "379", "playerUtilizations": [{"displayKey": "ALL", "value": "33.33"}], "playerLink": [], "isNonScoring": true, "percentDrafted": 33.33, "draftableId": 14884807, "score": 6.6, "stats": [{"statId": 37, "name": "Receiving Touchdowns", "abbreviation": "RecTD", "fantasyPoints": 0, "statValue": 0, "contributesToScoring": true}, {"statId": 38, "name": "Rushing Touchdowns", "abbreviation": "RuTD", "fantasyPoints": 0, "statValue": 0, "contributesToScoring": true}, {"statId": 40, "name": "Receiving Yards", "abbreviation": "RecYds", "fantasyPoints": 0.6, "statValue": 6, "contributesToScoring": true}, {"statId": 41, "name": "Rushing Yards", "abbreviation": "RuYds", "fantasyPoints": 6, "statValue": 60, "contributesToScoring": true}, {"statId": 44, "name": "Receptions", "abbreviation": "REC", "fantasyPoints": 1, "statValue": 1, "contributesToScoring": true}, {"statId": 48, "name": "100+ Rushing Game", "abbreviation": "100+Rush", "fantasyPoints": 0, "statValue": 0, "contributesToScoring": true}, {"statId": 49, "name": "100+ Receiving Game", "abbreviation": "100+Rec", "fantasyPoints": 0, "statValue": 0, "contributesToScoring": true}, {"statId": 50, "name": "Fumbles Lost", "abbreviation": "FUM", "fantasyPoints": -1, "statValue": 1, "contributesToScoring": true}, {"statId": 467, "name": "Targets", "abbreviation": "Targets", "fantasyPoints": 0, "statValue": 1, "contributesToScoring": false}], "statsDescription": "6 RecYds, 60 RuYds, 1 REC, 1 FUM", "timeRemainingUnit": "PMR", "timeRemaining": 0, "maxTimeRemaining": 0, "competition": {"competitionId": 5673892, "name": "CLE 6 @ BAL 38", "nameDisplay": [{"value": "CLE", "isEmphasized": true}, {"value": " 6"}, {"value": " @ "}, {"value": "BAL"}, {"value": " 38"}], "timeStatus": "Final", "competitionStatus": "ScoresOfficial", "attributes": {"quarter": "4", "timeRemaining": "Final", "homeTeamScore": "38", "awayTeamScore": "6"}, "startTime": "2020-09-13T17:00:00.0000000Z"}, "attributes": {}, "playerStates": []}, {"firstName": "James", "lastName": "Conner", "shortName": "J. Conner", "displayName": "James Conner", "rosterPositionId": 627, "rosterPosition": "BN", "rosterPositionSortOrder": 20, "eTag": "354", "playerUtilizations": [{"displayKey": "ALL", "value": "33.33"}], "playerLink": [], "isNonScoring": true, "percentDrafted": 33.33, "draftableId": 14884922, "score": 3.7, "stats": [{"statId": 37, "name": "Receiving Touchdowns", "abbreviation": "RecTD", "fantasyPoints": 0, "statValue": 0, "contributesToScoring": true}, {"statId": 38, "name": "Rushing Touchdowns", "abbreviation": "RuTD", "fantasyPoints": 0, "statValue": 0, "contributesToScoring": true}, {"statId": 40, "name": "Receiving Yards", "abbreviation": "RecYds", "fantasyPoints": 0.8, "statValue": 8, "contributesToScoring": true}, {"statId": 41, "name": "Rushing Yards", "abbreviation": "RuYds", "fantasyPoints": 0.9, "statValue": 9, "contributesToScoring": true}, {"statId": 44, "name": "Receptions", "abbreviation": "REC", "fantasyPoints": 2, "statValue": 2, "contributesToScoring": true}, {"statId": 48, "name": "100+ Rushing Game", "abbreviation": "100+Rush", "fantasyPoints": 0, "statValue": 0, "contributesToScoring": true}, {"statId": 49, "name": "100+ Receiving Game", "abbreviation": "100+Rec", "fantasyPoints": 0, "statValue": 0, "contributesToScoring": true}, {"statId": 467, "name": "Targets", "abbreviation": "Targets", "fantasyPoints": 0, "statValue": 0, "contributesToScoring": false}, {"statId": 558, "name": "Offensive Fumble Recovery TDs", "abbreviation": "OFR TD", "fantasyPoints": 0, "statValue": 0, "contributesToScoring": true}], "statsDescription": "8 RecYds, 9 RuYds, 2 REC", "timeRemainingUnit": "PMR", "timeRemaining": 0, "maxTimeRemaining": 0, "competition": {"competitionId": 5674036, "name": "PIT 26 @ NYG 16", "nameDisplay": [{"value": "PIT", "isEmphasized": true}, {"value": " 26"}, {"value": " @ "}, {"value": "NYG"}, {"value": " 16"}], "timeStatus": "Final", "competitionStatus": "ScoresOfficial", "attributes": {"quarter": "4", "timeRemaining": "Final", "homeTeamScore": "16", "awayTeamScore": "26"}, "startTime": "2020-09-14T23:10:00.0000000Z"}, "attributes": {}, "playerStates": []}], "scoringDivider": "BENCH PLAYERS"}, "draftGroupId": 37605, "contestKey": "90040689", "entryKey": "2159159922", "lineupId": -1, "userName": "sansbacon", "userKey": "725157", "userEntryCount": 1, "userEntryIndex": 1, "timeRemaining": 0, "timeRemainingUnit": "PMR", "maxTimeRemaining": 1200, "timeRemainingOpponent": 0, "rank": 1, "fantasyPoints": 250.9, "fantasyPointsOpponent": 181.98, "userNameOpponent": "Psx120", "winningValue": 0}]}