{"entries": [{"roster": {"scorecards": [{"firstName": "Lamar", "lastName": "Jackson", "shortName": "L. Jackson", "displayName": "Lamar Jackson", "rosterPositionId": 66, "rosterPosition": "QB", "rosterPositionSortOrder": 1, "eTag": "348", "playerUtilizations": [{"displayKey": "ALL", "value": "33.33"}], "playerLink": [], "percentDrafted": 33.33, "draftableId": 14884848, "score": 27.5, "stats": [{"statId": 36, "name": "Passing Touchdowns", "abbreviation": "PaTD", "fantasyPoints": 12, "statValue": 3, "contributesToScoring": true}, {"statId": 38, "name": "Rushing Touchdowns", "abbreviation": "RuTD", "fantasyPoints": 0, "statValue": 0, "contributesToScoring": true}, {"statId": 39, "name": "Passing Yards", "abbreviation": "PaYds", "fantasyPoints": 11, "statValue": 275, "contributesToScoring": true}, {"statId": 41, "name": "Rushing Yards", "abbreviation": "RuYds", "fantasyPoints": 4.5, "statValue": 45, "contributesToScoring": true}, {"statId": 46, "name": "Interceptions Thrown", "abbreviation": "INT", "fantasyPoints": 0, "statValue": 0, "contributesToScoring": true}, {"statId": 47, "name": "300+ Yards Passing Game", "abbreviation": "300+Pass", "fantasyPoints": 0, "statValue": 0, "contributesToScoring": true}, {"statId": 48, "name": "100+ Rushing Game", "abbreviation": "100+Rush", "fantasyPoints": 0, "statValue": 0, "contributesToScoring": true}], "statsDescription": "3 PaTD, 275 PaYds, 45 RuYds", "timeRemainingUnit": "PMR", "timeRemaining": 0, "maxTimeRemaining": 0, "competition": {"competitionId": 5673892, "name": "CLE 6 @ BAL 38", "nameDisplay": [{"value": "CLE"}, {"value": " 6"}, {"value": " @ "}, {"value": "BAL", "isEmphasized": true}, {"value": " 38"}], "timeStatus": "Final", "competitionStatus": "ScoresOfficial", "attributes": {"quarter": "4", "timeRemaining": "Final", "homeTeamScore": "38", "awayTeamScore": "6"}, "startTime": "2020-09-13T17:00:00.0000000Z"}, "attributes": {}, "playerStates": []}, {"firstName": "Josh", "lastName": "Jacobs", "shortName": "J. Jacobs", "displayName": "Josh Jacobs", "rosterPositionId": 67, "rosterPosition": "RB", "rosterPositionSortOrder": 2, "eTag": "447", "playerUtilizations": [{"displayKey": "ALL", "value": "33.33"}], "playerLink": [], "percentDrafted": 33.33, "draftableId": 14884816, "score": 35.9, "stats": [{"statId": 37, "name": "Receiving Touchdowns", "abbreviation": "RecTD", "fantasyPoints": 0, "statValue": 0, "contributesToScoring": true}, {"statId": 38, "name": "Rushing Touchdowns", "abbreviation": "RuTD", "fantasyPoints": 18, "statValue": 3, "contributesToScoring": true}, {"statId": 40, "name": "Receiving Yards", "abbreviation": "RecYds", "fantasyPoints": 4.6, "statValue": 46, "contributesToScoring": true}, {"statId": 41, "name": "Rushing Yards", "abbreviation": "RuYds", "fantasyPoints": 9.3, "statValue": 93, "contributesToScoring": true}, {"statId": 44, "name": "Receptions", "abbreviation": "REC", "fantasyPoints": 4, "statValue": 4, "contributesToScoring": true}, {"statId": 48, "name": "100+ Rushing Game", "abbreviation": "100+Rush", "fantasyPoints": 0, "statValue": 0, "contributesToScoring": true}, {"statId": 49, "name": "100+ Receiving Game", "abbreviation": "100+Rec", "fantasyPoints": 0, "statValue": 0, "contributesToScoring": true}, {"statId": 467, "name": "Targets", "abbreviation": "Targets", "fantasyPoints": 0, "statValue": 0, "contributesToScoring": false}], "statsDescription": "3 RuTD, 46 RecYds, 93 RuYds, 4 REC", "timeRemainingUnit": "PMR", "timeRemaining": 0, "maxTimeRemaining": 0, "competition": {"competitionId": 5673940, "name": "LV 34 @ CAR 30", "nameDisplay": [{"value": "LV", "isEmphasized": true}, {"value": " 34"}, {"value": " @ "}, {"value": "CAR"}, {"value": " 30"}], "timeStatus": "Final", "competitionStatus": "ScoresOfficial", "attributes": {"quarter": "4", "timeRemaining": "Final", "homeTeamScore": "30", "awayTeamScore": "34"}, "startTime": "2020-09-13T17:00:00.0000000Z"}, "attributes": {}, "playerStates": []}, {"firstName": "Christian", "lastName": "McCaffrey", "shortName": "C. McCaffrey", "displayName": "Christian McCaffrey", "rosterPositionId": 67, "rosterPosition": "RB", "rosterPositionSortOrder": 3, "eTag": "447", "playerUtilizations": [{"displayKey": "ALL", "value": "33.33"}], "playerLink": [], "percentDrafted": 33.33, "draftableId": 14884784, "score": 28.4, "stats": [{"statId": 37, "name": "Receiving Touchdowns", "abbreviation": "RecTD", "fantasyPoints": 0, "statValue": 0, "contributesToScoring": true}, {"statId": 38, "name": "Rushing Touchdowns", "abbreviation": "RuTD", "fantasyPoints": 12, "statValue": 2, "contributesToScoring": true}, {"statId": 40, "name": "Receiving Yards", "abbreviation": "RecYds", "fantasyPoints": 3.8, "statValue": 38, "contributesToScoring": true}, {"statId": 41, "name": "Rushing Yards", "abbreviation": "RuYds", "fantasyPoints": 9.6, "statValue": 96, "contributesToScoring": true}, {"statId": 44, "name": "Receptions", "abbreviation": "REC", "fantasyPoints": 3, "statValue": 3, "contributesToScoring": true}, {"statId": 48, "name": "100+ Rushing Game", "abbreviation": "100+Rush", "fantasyPoints": 0, "statValue": 0, "contributesToScoring": true}, {"statId": 49, "name": "100+ Receiving Game", "abbreviation": "100+Rec", "fantasyPoints": 0, "statValue": 0, "contributesToScoring": true}, {"statId": 65, "name": "Kick Return Touchdowns", "abbreviation": "KRetTD", "fantasyPoints": 0, "statValue": 0, "contributesToScoring": true}, {"statId": 467, "name": "Targets", "abbreviation": "Targets", "fantasyPoints": 0, "statValue": 0, "contributesToScoring": false}], "statsDescription": "2 RuTD, 38 RecYds, 96 RuYds, 3 REC", "timeRemainingUnit": "PMR", "timeRemaining": 0, "maxTimeRemaining": 0, "competition": {"competitionId": 5673940, "name": "LV 34 @ CAR 30", "nameDisplay": [{"value": "LV"}, {"value": " 34"}, {"value": " @ "}, {"value": "CAR", "isEmphasized": true}, {"value": " 30"}], "timeStatus": "Final", "competitionStatus": "ScoresOfficial", "attributes": {"quarter": "4", "timeRemaining": "Final", "homeTeamScore": "30", "awayTeamScore": "34"}, "startTime": "2020-09-13T17:00:00.0000000Z"}, "attributes": {}, "playerStates": []}, {"firstName": "Adam", "lastName": "Thielen", "shortName": "A. Thielen", "displayName": "Adam Thielen", "rosterPositionId": 68, "rosterPosition": "WR", "rosterPositionSortOrder": 4, "eTag": "373", "playerUtilizations": [{"displayKey": "ALL", "value": "33.33"}], "playerLink": [], "percentDrafted": 33.33, "draftableId": 14884872, "score": 34, "stats": [{"statId": 37, "name": "Receiving Touchdowns", "abbreviation": "RecTD", "fantasyPoints": 12, "statValue": 2, "contributesToScoring": true}, {"statId": 40, "name": "Receiving Yards", "abbreviation": "RecYds", "fantasyPoints": 11, "statValue": 110, "contributesToScoring": true}, {"statId": 44, "name": "Receptions", "abbreviation": "REC", "fantasyPoints": 6, "statValue": 6, "contributesToScoring": true}, {"statId": 49, "name": "100+ Receiving Game", "abbreviation": "100+Rec", "fantasyPoints": 3, "statValue": 1, "contributesToScoring": true}, {"statId": 51, "name": "2 Point Conversions", "abbreviation": "2PT", "fantasyPoints": 2, "statValue": 1, "contributesToScoring": true}, {"statId": 70, "name": "2PTs Passing", "abbreviation": "2PtPass", "fantasyPoints": 0, "statValue": 0, "contributesToScoring": true}, {"statId": 467, "name": "Targets", "abbreviation": "Targets", "fantasyPoints": 0, "statValue": 8, "contributesToScoring": false}], "statsDescription": "2 RecTD, 110 RecYds, 6 REC, 1 100+Rec, 1 2PT", "timeRemainingUnit": "PMR", "timeRemaining": 0, "maxTimeRemaining": 0, "competition": {"competitionId": 5673850, "name": "GB 43 @ MIN 34", "nameDisplay": [{"value": "GB"}, {"value": " 43"}, {"value": " @ "}, {"value": "MIN", "isEmphasized": true}, {"value": " 34"}], "timeStatus": "Final", "competitionStatus": "ScoresOfficial", "attributes": {"quarter": "4", "timeRemaining": "Final", "homeTeamScore": "34", "awayTeamScore": "43"}, "startTime": "2020-09-13T17:00:00.0000000Z"}, "attributes": {}, "playerStates": []}, {"firstName": "Will", "lastName": "Fuller V", "shortName": "W. Fuller V", "displayName": "Will Fuller V", "rosterPositionId": 68, "rosterPosition": "WR", "rosterPositionSortOrder": 5, "eTag": "491", "playerUtilizations": [{"displayKey": "ALL", "value": "33.33"}], "playerLink": [], "percentDrafted": 33.33, "draftableId": 14885016, "score": 22.2, "stats": [{"statId": 37, "name": "Receiving Touchdowns", "abbreviation": "RecTD", "fantasyPoints": 0, "statValue": 0, "contributesToScoring": true}, {"statId": 40, "name": "Receiving Yards", "abbreviation": "RecYds", "fantasyPoints": 11.2, "statValue": 112, "contributesToScoring": true}, {"statId": 44, "name": "Receptions", "abbreviation": "REC", "fantasyPoints": 8, "statValue": 8, "contributesToScoring": true}, {"statId": 49, "name": "100+ Receiving Game", "abbreviation": "100+Rec", "fantasyPoints": 3, "statValue": 1, "contributesToScoring": true}, {"statId": 467, "name": "Targets", "abbreviation": "Targets", "fantasyPoints": 0, "statValue": 10, "contributesToScoring": false}], "statsDescription": "112 RecYds, 8 REC, 1 100+Rec", "timeRemainingUnit": "PMR", "timeRemaining": 0, "maxTimeRemaining": 0, "competition": {"competitionId": 5673802, "name": "HOU 20 @ KC 34", "nameDisplay": [{"value": "HOU", "isEmphasized": true}, {"value": " 20"}, {"value": " @ "}, {"value": "KC"}, {"value": " 34"}], "timeStatus": "Final", "competitionStatus": "ScoresOfficial", "attributes": {"quarter": "4", "timeRemaining": "Final", "homeTeamScore": "34", "awayTeamScore": "20"}, "startTime": "2020-09-11T00:20:00.0000000Z"}, "attributes": {}, "playerStates": []}, {"firstName": "Marquise", "lastName": "Brown", "shortName": "M. Brown", "displayName": "Marquise Brown", "rosterPositionId": 68, "rosterPosition": "WR", "rosterPositionSortOrder": 6, "eTag": "281", "playerUtilizations": [{"displayKey": "ALL", "value": "33.33"}], "playerLink": [], "percentDrafted": 33.33, "draftableId": 14884945, "score": 18.1, "stats": [{"statId": 37, "name": "Receiving Touchdowns", "abbreviation": "RecTD", "fantasyPoints": 0, "statValue": 0, "contributesToScoring": true}, {"statId": 40, "name": "Receiving Yards", "abbreviation": "RecYds", "fantasyPoints": 10.1, "statValue": 101, "contributesToScoring": true}, {"statId": 44, "name": "Receptions", "abbreviation": "REC", "fantasyPoints": 5, "statValue": 5, "contributesToScoring": true}, {"statId": 49, "name": "100+ Receiving Game", "abbreviation": "100+Rec", "fantasyPoints": 3, "statValue": 1, "contributesToScoring": true}, {"statId": 467, "name": "Targets", "abbreviation": "Targets", "fantasyPoints": 0, "statValue": 6, "contributesToScoring": false}], "statsDescription": "101 RecYds, 5 REC, 1 100+Rec", "timeRemainingUnit": "PMR", "timeRemaining": 0, "maxTimeRemaining": 0, "competition": {"competitionId": 5673892, "name": "CLE 6 @ BAL 38", "nameDisplay": [{"value": "CLE"}, {"value": " 6"}, {"value": " @ "}, {"value": "BAL", "isEmphasized": true}, {"value": " 38"}], "timeStatus": "Final", "competitionStatus": "ScoresOfficial", "attributes": {"quarter": "4", "timeRemaining": "Final", "homeTeamScore": "38", "awayTeamScore": "6"}, "startTime": "2020-09-13T17:00:00.0000000Z"}, "attributes": {}, "playerStates": []}, {"firstName": "Travis", "lastName": "Kelce", "shortName": "T. Kelce", "displayName": "Travis Kelce", "rosterPositionId": 69, "rosterPosition": "TE", "rosterPositionSortOrder": 7, "eTag": "472", "playerUtilizations": [{"displayKey": "ALL", "value": "33.33"}], "playerLink": [], "percentDrafted": 33.33, "draftableId": 14884838, "score": 17, "stats": [{"statId": 37, "name": "Receiving Touchdowns", "abbreviation": "RecTD", "fantasyPoints": 6, "statValue": 1, "contributesToScoring": true}, {"statId": 40, "name": "Receiving Yards", "abbreviation": "RecYds", "fantasyPoints": 5, "statValue": 50, "contributesToScoring": true}, {"statId": 44, "name": "Receptions", "abbreviation": "REC", "fantasyPoints": 6, "statValue": 6, "contributesToScoring": true}, {"statId": 49, "name": "100+ Receiving Game", "abbreviation": "100+Rec", "fantasyPoints": 0, "statValue": 0, "contributesToScoring": true}, {"statId": 467, "name": "Targets", "abbreviation": "Targets", "fantasyPoints": 0, "statValue": 6, "contributesToScoring": false}], "statsDescription": "1 RecTD, 50 RecYds, 6 REC", "timeRemainingUnit": "PMR", "timeRemaining": 0, "maxTimeRemaining": 0, "competition": {"competitionId": 5673802, "name": "HOU 20 @ KC 34", "nameDisplay": [{"value": "HOU"}, {"value": " 20"}, {"value": " @ "}, {"value": "KC", "isEmphasized": true}, {"value": " 34"}], "timeStatus": "Final", "competitionStatus": "ScoresOfficial", "attributes": {"quarter": "4", "timeRemaining": "Final", "homeTeamScore": "34", "awayTeamScore": "20"}, "startTime": "2020-09-11T00:20:00.0000000Z"}, "attributes": {}, "playerStates": []}, {"firstName": "Chris", "lastName": "Carson", "shortName": "C. Carson", "displayName": "Chris Carson", "rosterPositionId": 70, "rosterPosition": "FLEX", "rosterPositionSortOrder": 8, "eTag": "543", "playerUtilizations": [{"displayKey": "ALL", "value": "33.33"}], "playerLink": [], "percentDrafted": 33.33, "draftableId": 14884931, "score": 24.6, "stats": [{"statId": 37, "name": "Receiving Touchdowns", "abbreviation": "RecTD", "fantasyPoints": 12, "statValue": 2, "contributesToScoring": true}, {"statId": 38, "name": "Rushing Touchdowns", "abbreviation": "RuTD", "fantasyPoints": 0, "statValue": 0, "contributesToScoring": true}, {"statId": 40, "name": "Receiving Yards", "abbreviation": "RecYds", "fantasyPoints": 4.5, "statValue": 45, "contributesToScoring": true}, {"statId": 41, "name": "Rushing Yards", "abbreviation": "RuYds", "fantasyPoints": 2.1, "statValue": 21, "contributesToScoring": true}, {"statId": 44, "name": "Receptions", "abbreviation": "REC", "fantasyPoints": 6, "statValue": 6, "contributesToScoring": true}, {"statId": 48, "name": "100+ Rushing Game", "abbreviation": "100+Rush", "fantasyPoints": 0, "statValue": 0, "contributesToScoring": true}, {"statId": 49, "name": "100+ Receiving Game", "abbreviation": "100+Rec", "fantasyPoints": 0, "statValue": 0, "contributesToScoring": true}, {"statId": 467, "name": "Targets", "abbreviation": "Targets", "fantasyPoints": 0, "statValue": 0, "contributesToScoring": false}], "statsDescription": "2 RecTD, 45 RecYds, 21 RuYds, 6 REC", "timeRemainingUnit": "PMR", "timeRemaining": 0, "maxTimeRemaining": 0, "competition": {"competitionId": 5673562, "name": "SEA 38 @ ATL 25", "nameDisplay": [{"value": "SEA", "isEmphasized": true}, {"value": " 38"}, {"value": " @ "}, {"value": "ATL"}, {"value": " 25"}], "timeStatus": "Final", "competitionStatus": "ScoresOfficial", "attributes": {"quarter": "4", "timeRemaining": "Final", "homeTeamScore": "25", "awayTeamScore": "38"}, "startTime": "2020-09-13T17:00:00.0000000Z"}, "attributes": {}, "playerStates": []}, {"firstName": "Patrick", "lastName": "Mahomes", "shortName": "P. Mahomes", "displayName": "Patrick Mahomes", "rosterPositionId": 627, "rosterPosition": "BN", "rosterPositionSortOrder": 9, "eTag": "479", "playerUtilizations": [{"displayKey": "ALL", "value": "33.33"}], "playerLink": [], "isNonScoring": true, "percentDrafted": 33.33, "draftableId": 14884849, "score": 20.44, "stats": [{"statId": 36, "name": "Passing Touchdowns", "abbreviation": "PaTD", "fantasyPoints": 12, "statValue": 3, "contributesToScoring": true}, {"statId": 39, "name": "Passing Yards", "abbreviation": "PaYds", "fantasyPoints": 8.44, "statValue": 211, "contributesToScoring": true}, {"statId": 46, "name": "Interceptions Thrown", "abbreviation": "INT", "fantasyPoints": 0, "statValue": 0, "contributesToScoring": true}, {"statId": 47, "name": "300+ Yards Passing Game", "abbreviation": "300+Pass", "fantasyPoints": 0, "statValue": 0, "contributesToScoring": true}], "statsDescription": "3 PaTD, 211 PaYds", "timeRemainingUnit": "PMR", "timeRemaining": 0, "maxTimeRemaining": 0, "competition": {"competitionId": 5673802, "name": "HOU 20 @ KC 34", "nameDisplay": [{"value": "HOU"}, {"value": " 20"}, {"value": " @ "}, {"value": "KC", "isEmphasized": true}, {"value": " 34"}], "timeStatus": "Final", "competitionStatus": "ScoresOfficial", "attributes": {"quarter": "4", "timeRemaining": "Final", "homeTeamScore": "34", "awayTeamScore": "20"}, "startTime": "2020-09-11T00:20:00.0000000Z"}, "attributes": {}, "playerStates": []}, {"firstName": "Aaron", "lastName": "Jones", "shortName": "A. Jones", "displayName": "Aaron Jones", "rosterPositionId": 627, "rosterPosition": "BN", "rosterPositionSortOrder": 10, "eTag": "410", "playerUtilizations": [{"displayKey": "ALL", "value": "33.33"}], "playerLink": [], "isNonScoring": true, "percentDrafted": 33.33, "draftableId": 14884822, "score": 17.6, "stats": [{"statId": 37, "name": "Receiving Touchdowns", "abbreviation": "RecTD", "fantasyPoints": 0, "statValue": 0, "contributesToScoring": true}, {"statId": 38, "name": "Rushing Touchdowns", "abbreviation": "RuTD", "fantasyPoints": 6, "statValue": 1, "contributesToScoring": true}, {"statId": 40, "name": "Receiving Yards", "abbreviation": "RecYds", "fantasyPoints": 1, "statValue": 10, "contributesToScoring": true}, {"statId": 41, "name": "Rushing Yards", "abbreviation": "RuYds", "fantasyPoints": 6.6, "statValue": 66, "contributesToScoring": true}, {"statId": 44, "name": "Receptions", "abbreviation": "REC", "fantasyPoints": 4, "statValue": 4, "contributesToScoring": true}, {"statId": 48, "name": "100+ Rushing Game", "abbreviation": "100+Rush", "fantasyPoints": 0, "statValue": 0, "contributesToScoring": true}, {"statId": 49, "name": "100+ Receiving Game", "abbreviation": "100+Rec", "fantasyPoints": 0, "statValue": 0, "contributesToScoring": true}, {"statId": 467, "name": "Targets", "abbreviation": "Targets", "fantasyPoints": 0, "statValue": 6, "contributesToScoring": false}], "statsDescription": "1 RuTD, 10 RecYds, 66 RuYds, 4 REC", "timeRemainingUnit": "PMR", "timeRemaining": 0, "maxTimeRemaining": 0, "competition": {"competitionId": 5673850, "name": "GB 43 @ MIN 34", "nameDisplay": [{"value": "GB", "isEmphasized": true}, {"value": " 43"}, {"value": " @ "}, {"value": "MIN"}, {"value": " 34"}], "timeStatus": "Final", "competitionStatus": "ScoresOfficial", "attributes": {"quarter": "4", "timeRemaining": "Final", "homeTeamScore": "34", "awayTeamScore": "43"}, "startTime": "2020-09-13T17:00:00.0000000Z"}, "attributes": {}, "playerStates": []}, {"firstName": "Tyler", "lastName": "Lockett", "shortName": "T. Lockett", "displayName": "Tyler Lockett", "rosterPositionId": 627, "rosterPosition": "BN", "rosterPositionSortOrder": 11, "eTag": "548", "playerUtilizations": [{"displayKey": "ALL", "value": "33.33"}], "playerLink": [], "isNonScoring": true, "percentDrafted": 33.33, "draftableId": 14884910, "score": 17.2, "stats": [{"statId": 37, "name": "Receiving Touchdowns", "abbreviation": "RecTD", "fantasyPoints": 0, "statValue": 0, "contributesToScoring": true}, {"statId": 40, "name": "Receiving Yards", "abbreviation": "RecYds", "fantasyPoints": 9.2, "statValue": 92, "contributesToScoring": true}, {"statId": 44, "name": "Receptions", "abbreviation": "REC", "fantasyPoints": 8, "statValue": 8, "contributesToScoring": true}, {"statId": 49, "name": "100+ Receiving Game", "abbreviation": "100+Rec", "fantasyPoints": 0, "statValue": 0, "contributesToScoring": true}, {"statId": 467, "name": "Targets", "abbreviation": "Targets", "fantasyPoints": 0, "statValue": 0, "contributesToScoring": false}], "statsDescription": "92 RecYds, 8 REC", "timeRemainingUnit": "PMR", "timeRemaining": 0, "maxTimeRemaining": 0, "competition": {"competitionId": 5673562, "name": "SEA 38 @ ATL 25", "nameDisplay": [{"value": "SEA", "isEmphasized": true}, {"value": " 38"}, {"value": " @ "}, {"value": "ATL"}, {"value": " 25"}], "timeStatus": "Final", "competitionStatus": "ScoresOfficial", "attributes": {"quarter": "4", "timeRemaining": "Final", "homeTeamScore": "25", "awayTeamScore": "38"}, "startTime": "2020-09-13T17:00:00.0000000Z"}, "attributes": {}, "playerStates": []}, {"firstName": "Allen", "lastName": "Robinson II", "shortName": "A. Robinson II", "displayName": "Allen Robinson II", "rosterPositionId": 627, "rosterPosition": "BN", "rosterPositionSortOrder": 12, "eTag": "425", "playerUtilizations": [{"displayKey": "ALL", "value": "33.33"}], "playerLink": [], "isNonScoring": true, "percentDrafted": 33.33, "draftableId": 14884857, "score": 12.3, "stats": [{"statId": 37, "name": "Receiving Touchdowns", "abbreviation": "RecTD", "fantasyPoints": 0, "statValue": 0, "contributesToScoring": true}, {"statId": 38, "name": "Rushing Touchdowns", "abbreviation": "RuTD", "fantasyPoints": 0, "statValue": 0, "contributesToScoring": true}, {"statId": 40, "name": "Receiving Yards", "abbreviation": "RecYds", "fantasyPoints": 7.4, "statValue": 74, "contributesToScoring": true}, {"statId": 41, "name": "Rushing Yards", "abbreviation": "RuYds", "fantasyPoints": -0.1, "statValue": -1, "contributesToScoring": true}, {"statId": 44, "name": "Receptions", "abbreviation": "REC", "fantasyPoints": 5, "statValue": 5, "contributesToScoring": true}, {"statId": 48, "name": "100+ Rushing Game", "abbreviation": "100+Rush", "fantasyPoints": 0, "statValue": 0, "contributesToScoring": true}, {"statId": 49, "name": "100+ Receiving Game", "abbreviation": "100+Rec", "fantasyPoints": 0, "statValue": 0, "contributesToScoring": true}, {"statId": 467, "name": "Targets", "abbreviation": "Targets", "fantasyPoints": 0, "statValue": 9, "contributesToScoring": false}], "statsDescription": "74 RecYds, 5 REC", "timeRemainingUnit": "PMR", "timeRemaining": 0, "maxTimeRemaining": 0, "competition": {"competitionId": 5673322, "name": "CHI 27 @ DET 23", "nameDisplay": [{"value": "CHI", "isEmphasized": true}, {"value": " 27"}, {"value": " @ "}, {"value": "DET"}, {"value": " 23"}], "timeStatus": "Final", "competitionStatus": "ScoresOfficial", "attributes": {"quarter": "4", "timeRemaining": "Final", "homeTeamScore": "23", "awayTeamScore": "27"}, "startTime": "2020-09-13T17:00:00.0000000Z"}, "attributes": {}, "playerStates": []}, {"firstName": "Terry", "lastName": "McLaurin", "shortName": "T. McLaurin", "displayName": "Terry McLaurin", "rosterPositionId": 627, "rosterPosition": "BN", "rosterPositionSortOrder": 13, "eTag": "443", "playerUtilizations": [{"displayKey": "ALL", "value": "33.33"}], "playerLink": [], "isNonScoring": true, "percentDrafted": 33.33, "draftableId": 14884895, "score": 11.1, "stats": [{"statId": 37, "name": "Receiving Touchdowns", "abbreviation": "RecTD", "fantasyPoints": 0, "statValue": 0, "contributesToScoring": true}, {"statId": 40, "name": "Receiving Yards", "abbreviation": "RecYds", "fantasyPoints": 6.1, "statValue": 61, "contributesToScoring": true}, {"statId": 44, "name": "Receptions", "abbreviation": "REC", "fantasyPoints": 5, "statValue": 5, "contributesToScoring": true}, {"statId": 49, "name": "100+ Receiving Game", "abbreviation": "100+Rec", "fantasyPoints": 0, "statValue": 0, "contributesToScoring": true}, {"statId": 467, "name": "Targets", "abbreviation": "Targets", "fantasyPoints": 0, "statValue": 0, "contributesToScoring": false}], "statsDescription": "61 RecYds, 5 REC", "timeRemainingUnit": "PMR", "timeRemaining": 0, "maxTimeRemaining": 0, "competition": {"competitionId": 5673832, "name": "PHI 17 @ WAS 27", "nameDisplay": [{"value": "PHI"}, {"value": " 17"}, {"value": " @ "}, {"value": "WAS", "isEmphasized": true}, {"value": " 27"}], "timeStatus": "Final", "competitionStatus": "ScoresOfficial", "attributes": {"quarter": "4", "timeRemaining": "Final", "homeTeamScore": "27", "awayTeamScore": "17"}, "startTime": "2020-09-13T17:00:00.0000000Z"}, "attributes": {}, "playerStates": []}, {"firstName": "Austin", "lastName": "Ekeler", "shortName": "A. Ekeler", "displayName": "Austin Ekeler", "rosterPositionId": 627, "rosterPosition": "BN", "rosterPositionSortOrder": 14, "eTag": "412", "playerUtilizations": [{"displayKey": "ALL", "value": "33.33"}], "playerLink": [], "isNonScoring": true, "percentDrafted": 33.33, "draftableId": 14884868, "score": 9.7, "stats": [{"statId": 37, "name": "Receiving Touchdowns", "abbreviation": "RecTD", "fantasyPoints": 0, "statValue": 0, "contributesToScoring": true}, {"statId": 38, "name": "Rushing Touchdowns", "abbreviation": "RuTD", "fantasyPoints": 0, "statValue": 0, "contributesToScoring": true}, {"statId": 40, "name": "Receiving Yards", "abbreviation": "RecYds", "fantasyPoints": 0.3, "statValue": 3, "contributesToScoring": true}, {"statId": 41, "name": "Rushing Yards", "abbreviation": "RuYds", "fantasyPoints": 8.4, "statValue": 84, "contributesToScoring": true}, {"statId": 44, "name": "Receptions", "abbreviation": "REC", "fantasyPoints": 1, "statValue": 1, "contributesToScoring": true}, {"statId": 48, "name": "100+ Rushing Game", "abbreviation": "100+Rush", "fantasyPoints": 0, "statValue": 0, "contributesToScoring": true}, {"statId": 49, "name": "100+ Receiving Game", "abbreviation": "100+Rec", "fantasyPoints": 0, "statValue": 0, "contributesToScoring": true}, {"statId": 467, "name": "Targets", "abbreviation": "Targets", "fantasyPoints": 0, "statValue": 1, "contributesToScoring": false}], "statsDescription": "3 RecYds, 84 RuYds, 1 REC", "timeRemainingUnit": "PMR", "timeRemaining": 0, "maxTimeRemaining": 0, "competition": {"competitionId": 5673964, "name": "LAC 16 @ CIN 13", "nameDisplay": [{"value": "LAC", "isEmphasized": true}, {"value": " 16"}, {"value": " @ "}, {"value": "CIN"}, {"value": " 13"}], "timeStatus": "Final", "competitionStatus": "ScoresOfficial", "attributes": {"quarter": "4", "timeRemaining": "Final", "homeTeamScore": "13", "awayTeamScore": "16"}, "startTime": "2020-09-13T20:05:00.0000000Z"}, "attributes": {}, "playerStates": []}, {"firstName": "DJ", "lastName": "Moore", "shortName": "D. Moore", "displayName": "DJ Moore", "rosterPositionId": 627, "rosterPosition": "BN", "rosterPositionSortOrder": 15, "eTag": "430", "playerUtilizations": [{"displayKey": "ALL", "value": "33.33"}], "playerLink": [], "isNonScoring": true, "percentDrafted": 33.33, "draftableId": 14884871, "score": 9.4, "stats": [{"statId": 37, "name": "Receiving Touchdowns", "abbreviation": "RecTD", "fantasyPoints": 0, "statValue": 0, "contributesToScoring": true}, {"statId": 40, "name": "Receiving Yards", "abbreviation": "RecYds", "fantasyPoints": 5.4, "statValue": 54, "contributesToScoring": true}, {"statId": 44, "name": "Receptions", "abbreviation": "REC", "fantasyPoints": 4, "statValue": 4, "contributesToScoring": true}, {"statId": 49, "name": "100+ Receiving Game", "abbreviation": "100+Rec", "fantasyPoints": 0, "statValue": 0, "contributesToScoring": true}, {"statId": 65, "name": "Kick Return Touchdowns", "abbreviation": "KRetTD", "fantasyPoints": 0, "statValue": 0, "contributesToScoring": true}, {"statId": 467, "name": "Targets", "abbreviation": "Targets", "fantasyPoints": 0, "statValue": 0, "contributesToScoring": false}], "statsDescription": "54 RecYds, 4 REC", "timeRemainingUnit": "PMR", "timeRemaining": 0, "maxTimeRemaining": 0, "competition": {"competitionId": 5673940, "name": "LV 34 @ CAR 30", "nameDisplay": [{"value": "LV"}, {"value": " 34"}, {"value": " @ "}, {"value": "CAR", "isEmphasized": true}, {"value": " 30"}], "timeStatus": "Final", "competitionStatus": "ScoresOfficial", "attributes": {"quarter": "4", "timeRemaining": "Final", "homeTeamScore": "30", "awayTeamScore": "34"}, "startTime": "2020-09-13T17:00:00.0000000Z"}, "attributes": {}, "playerStates": []}, {"firstName": "George", "lastName": "Kittle", "shortName": "G. Kittle", "displayName": "George Kittle", "rosterPositionId": 627, "rosterPosition": "BN", "rosterPositionSortOrder": 16, "eTag": "417", "playerUtilizations": [{"displayKey": "ALL", "value": "33.33"}], "playerLink": [], "isNonScoring": true, "percentDrafted": 33.33, "draftableId": 14884836, "score": 9.3, "stats": [{"statId": 37, "name": "Receiving Touchdowns", "abbreviation": "RecTD", "fantasyPoints": 0, "statValue": 0, "contributesToScoring": true}, {"statId": 38, "name": "Rushing Touchdowns", "abbreviation": "RuTD", "fantasyPoints": 0, "statValue": 0, "contributesToScoring": true}, {"statId": 40, "name": "Receiving Yards", "abbreviation": "RecYds", "fantasyPoints": 4.4, "statValue": 44, "contributesToScoring": true}, {"statId": 41, "name": "Rushing Yards", "abbreviation": "RuYds", "fantasyPoints": 0.9, "statValue": 9, "contributesToScoring": true}, {"statId": 44, "name": "Receptions", "abbreviation": "REC", "fantasyPoints": 4, "statValue": 4, "contributesToScoring": true}, {"statId": 48, "name": "100+ Rushing Game", "abbreviation": "100+Rush", "fantasyPoints": 0, "statValue": 0, "contributesToScoring": true}, {"statId": 49, "name": "100+ Receiving Game", "abbreviation": "100+Rec", "fantasyPoints": 0, "statValue": 0, "contributesToScoring": true}, {"statId": 467, "name": "Targets", "abbreviation": "Targets", "fantasyPoints": 0, "statValue": 5, "contributesToScoring": false}], "statsDescription": "44 RecYds, 9 RuYds, 4 REC", "timeRemainingUnit": "PMR", "timeRemaining": 0, "maxTimeRemaining": 0, "competition": {"competitionId": 5673988, "name": "ARI 24 @ SF 20", "nameDisplay": [{"value": "ARI"}, {"value": " 24"}, {"value": " @ "}, {"value": "SF", "isEmphasized": true}, {"value": " 20"}], "timeStatus": "Final", "competitionStatus": "ScoresOfficial", "attributes": {"quarter": "4", "timeRemaining": "Final", "homeTeamScore": "20", "awayTeamScore": "24"}, "startTime": "2020-09-13T20:25:00.0000000Z"}, "attributes": {}, "playerStates": []}, {"firstName": "DeVante", "lastName": "Parker", "shortName": "D. Parker", "displayName": "DeVante Parker", "rosterPositionId": 627, "rosterPosition": "BN", "rosterPositionSortOrder": 17, "eTag": "414", "playerUtilizations": [{"displayKey": "ALL", "value": "33.33"}], "playerLink": [], "isNonScoring": true, "percentDrafted": 33.33, "draftableId": 14884913, "score": 8.7, "stats": [{"statId": 37, "name": "Receiving Touchdowns", "abbreviation": "RecTD", "fantasyPoints": 0, "statValue": 0, "contributesToScoring": true}, {"statId": 40, "name": "Receiving Yards", "abbreviation": "RecYds", "fantasyPoints": 4.7, "statValue": 47, "contributesToScoring": true}, {"statId": 44, "name": "Receptions", "abbreviation": "REC", "fantasyPoints": 4, "statValue": 4, "contributesToScoring": true}, {"statId": 49, "name": "100+ Receiving Game", "abbreviation": "100+Rec", "fantasyPoints": 0, "statValue": 0, "contributesToScoring": true}, {"statId": 467, "name": "Targets", "abbreviation": "Targets", "fantasyPoints": 0, "statValue": 4, "contributesToScoring": false}], "statsDescription": "47 RecYds, 4 REC", "timeRemainingUnit": "PMR", "timeRemaining": 0, "maxTimeRemaining": 0, "competition": {"competitionId": 5673316, "name": "MIA 11 @ NE 21", "nameDisplay": [{"value": "MIA", "isEmphasized": true}, {"value": " 11"}, {"value": " @ "}, {"value": "NE"}, {"value": " 21"}], "timeStatus": "Final", "competitionStatus": "ScoresOfficial", "attributes": {"quarter": "4", "timeRemaining": "Final", "homeTeamScore": "21", "awayTeamScore": "11"}, "startTime": "2020-09-13T17:00:00.0000000Z"}, "attributes": {}, "playerStates": []}, {"firstName": "Odell", "lastName": "Beckham Jr.", "shortName": "O. Beckham Jr.", "displayName": "Odell Beckham Jr.", "rosterPositionId": 627, "rosterPosition": "BN", "rosterPositionSortOrder": 18, "eTag": "236", "playerUtilizations": [{"displayKey": "ALL", "value": "33.33"}], "playerLink": [], "isNonScoring": true, "percentDrafted": 33.33, "draftableId": 14884853, "score": 5.2, "stats": [{"statId": 37, "name": "Receiving Touchdowns", "abbreviation": "RecTD", "fantasyPoints": 0, "statValue": 0, "contributesToScoring": true}, {"statId": 40, "name": "Receiving Yards", "abbreviation": "RecYds", "fantasyPoints": 2.2, "statValue": 22, "contributesToScoring": true}, {"statId": 44, "name": "Receptions", "abbreviation": "REC", "fantasyPoints": 3, "statValue": 3, "contributesToScoring": true}, {"statId": 49, "name": "100+ Receiving Game", "abbreviation": "100+Rec", "fantasyPoints": 0, "statValue": 0, "contributesToScoring": true}, {"statId": 467, "name": "Targets", "abbreviation": "Targets", "fantasyPoints": 0, "statValue": 10, "contributesToScoring": false}], "statsDescription": "22 RecYds, 3 REC", "timeRemainingUnit": "PMR", "timeRemaining": 0, "maxTimeRemaining": 0, "competition": {"competitionId": 5673892, "name": "CLE 6 @ BAL 38", "nameDisplay": [{"value": "CLE", "isEmphasized": true}, {"value": " 6"}, {"value": " @ "}, {"value": "BAL"}, {"value": " 38"}], "timeStatus": "Final", "competitionStatus": "ScoresOfficial", "attributes": {"quarter": "4", "timeRemaining": "Final", "homeTeamScore": "38", "awayTeamScore": "6"}, "startTime": "2020-09-13T17:00:00.0000000Z"}, "attributes": {}, "playerStates": []}, {"firstName": "Miles", "lastName": "Sanders", "shortName": "M. Sanders", "displayName": "Miles Sanders", "rosterPositionId": 627, "rosterPosition": "BN", "rosterPositionSortOrder": 19, "eTag": "1", "playerUtilizations": [{"displayKey": "ALL", "value": "33.33"}], "playerLink": [], "isNonScoring": true, "percentDrafted": 33.33, "draftableId": 14884817, "score": 0, "stats": [], "statsDescription": "", "timeRemainingUnit": "PMR", "timeRemaining": 0, "maxTimeRemaining": 0, "competition": {"competitionId": 5673832, "name": "PHI 17 @ WAS 27", "nameDisplay": [{"value": "PHI", "isEmphasized": true}, {"value": " 17"}, {"value": " @ "}, {"value": "WAS"}, {"value": " 27"}], "timeStatus": "Final", "competitionStatus": "ScoresOfficial", "attributes": {"quarter": "4", "timeRemaining": "Final", "homeTeamScore": "27", "awayTeamScore": "17"}, "startTime": "2020-09-13T17:00:00.0000000Z"}, "attributes": {}, "playerStates": []}, {"firstName": "Kenny", "lastName": "Golladay", "shortName": "K. Golladay", "displayName": "Kenny Golladay", "rosterPositionId": 627, "rosterPosition": "BN", "rosterPositionSortOrder": 20, "eTag": "1", "playerUtilizations": [{"displayKey": "ALL", "value": "33.33"}], "playerLink": [], "isNonScoring": true, "percentDrafted": 33.33, "draftableId": 14884844, "score": 0, "stats": [], "statsDescription": "", "timeRemainingUnit": "PMR", "timeRemaining": 0, "maxTimeRemaining": 0, "competition": {"competitionId": 5673322, "name": "CHI 27 @ DET 23", "nameDisplay": [{"value": "CHI"}, {"value": " 27"}, {"value": " @ "}, {"value": "DET", "isEmphasized": true}, {"value": " 23"}], "timeStatus": "Final", "competitionStatus": "ScoresOfficial", "attributes": {"quarter": "4", "timeRemaining": "Final", "homeTeamScore": "23", "awayTeamScore": "27"}, "startTime": "2020-09-13T17:00:00.0000000Z"}, "attributes": {}, "playerStates": []}], "scoringDivider": "BENCH PLAYERS"}, "draftGroupId": 37605, "contestKey": "90323618", "entryKey": "2167850197", "lineupId": -1, "userName": "sansbacon", "userKey": "725157", "userEntryCount": 1, "userEntryIndex": 1, "timeRemaining": 0, "timeRemainingUnit": "PMR", "maxTimeRemaining": 1200, "timeRemainingOpponent": 0, "rank": 2, "fantasyPoints": 207.7, "fantasyPointsOpponent": 218.38, "userNameOpponent": "mrl176", "winningValue": 0}]}