{"Leader": {"MegaDraftGroupId": 1, "MegaContestKey": "89130706", "MegaEntryKey": "2052725757", "UserName": "Pappysheetz", "UserKey": "3591068", "UserMegaEntryCount": 0, "UserMegaEntryIndex": 0, "TimeRemainingOpponent": 0, "Rank": 1, "FantasyPoints": 790.34, "FantasyPointsOpponent": 773.26, "RankScore": 0, "RankScoreOpponent": 0, "UserNameOpponent": "tommyjr2053", "WinningValue": 5.6, "Winnings": [{"value": 5.6, "description": "Cash"}], "UpdateStatus": {"lastUpdateTime": "2020-10-15T14:12:45.1628151+00:00"}}, "LastWinningMegaEntry": {"MegaDraftGroupId": 1, "MegaContestKey": "89130706", "MegaEntryKey": "2052701355", "UserName": "mapadeb", "UserKey": "339095", "UserMegaEntryCount": 0, "UserMegaEntryIndex": 0, "TimeRemainingOpponent": 0, "Rank": 3, "FantasyPoints": 760.18, "FantasyPointsOpponent": 790.34, "RankScore": 0, "RankScoreOpponent": 0, "UserNameOpponent": "Pappysheetz", "WinningValue": 1.8, "Winnings": [{"value": 1.8, "description": "Cash"}], "UpdateStatus": {"lastUpdateTime": "2020-10-15T14:12:45.1682912+00:00"}}, "Leaderboard": [{"MegaDraftGroupId": 1, "MegaContestKey": "89130706", "MegaEntryKey": "2052725757", "UserName": "Pappysheetz", "UserKey": "3591068", "UserMegaEntryCount": 0, "UserMegaEntryIndex": 0, "TimeRemainingOpponent": 0, "Rank": 1, "FantasyPoints": 790.34, "FantasyPointsOpponent": 773.26, "RankScore": 0, "RankScoreOpponent": 0, "UserNameOpponent": "tommyjr2053", "WinningValue": 5.6, "Winnings": [{"value": 5.6, "description": "Cash"}], "UpdateStatus": {"lastUpdateTime": "2020-10-15T14:12:45.1628151+00:00"}}, {"MegaDraftGroupId": 1, "MegaContestKey": "89130706", "MegaEntryKey": "2052683295", "UserName": "tommyjr2053", "UserKey": "2612822", "UserMegaEntryCount": 0, "UserMegaEntryIndex": 0, "TimeRemainingOpponent": 0, "Rank": 2, "FantasyPoints": 773.26, "FantasyPointsOpponent": 790.34, "RankScore": 0, "RankScoreOpponent": 0, "UserNameOpponent": "Pappysheetz", "WinningValue": 3.4, "Winnings": [{"value": 3.4, "description": "Cash"}], "UpdateStatus": {"lastUpdateTime": "2020-10-15T14:12:45.1621726+00:00"}}, {"MegaDraftGroupId": 1, "MegaContestKey": "89130706", "MegaEntryKey": "2052701355", "UserName": "mapadeb", "UserKey": "339095", "UserMegaEntryCount": 0, "UserMegaEntryIndex": 0, "TimeRemainingOpponent": 0, "Rank": 3, "FantasyPoints": 760.18, "FantasyPointsOpponent": 790.34, "RankScore": 0, "RankScoreOpponent": 0, "UserNameOpponent": "Pappysheetz", "WinningValue": 1.8, "Winnings": [{"value": 1.8, "description": "Cash"}], "UpdateStatus": {"lastUpdateTime": "2020-10-15T14:12:45.1682912+00:00"}}, {"MegaDraftGroupId": 1, "MegaContestKey": "89130706", "MegaEntryKey": "2052771613", "UserName": "jakeee198", "UserKey": "10585517", "UserMegaEntryCount": 0, "UserMegaEntryIndex": 0, "TimeRemainingOpponent": 0, "Rank": 4, "FantasyPoints": 756.12, "FantasyPointsOpponent": 790.34, "RankScore": 0, "RankScoreOpponent": 0, "UserNameOpponent": "Pappysheetz", "WinningValue": 0, "UpdateStatus": {"lastUpdateTime": "2020-10-15T14:12:45.1582985+00:00"}}, {"MegaDraftGroupId": 1, "MegaContestKey": "89130706", "MegaEntryKey": "2052750659", "UserName": "scottybean27", "UserKey": "7029518", "UserMegaEntryCount": 0, "UserMegaEntryIndex": 0, "TimeRemainingOpponent": 0, "Rank": 5, "FantasyPoints": 735.98, "FantasyPointsOpponent": 790.34, "RankScore": 0, "RankScoreOpponent": 0, "UserNameOpponent": "Pappysheetz", "WinningValue": 0, "UpdateStatus": {"lastUpdateTime": "2020-10-15T14:12:45.2190806+00:00"}}, {"MegaDraftGroupId": 1, "MegaContestKey": "89130706", "MegaEntryKey": "2052766609", "UserName": "sansbacon", "UserKey": "725157", "UserMegaEntryCount": 0, "UserMegaEntryIndex": 0, "TimeRemainingOpponent": 0, "Rank": 6, "FantasyPoints": 727.42, "FantasyPointsOpponent": 790.34, "RankScore": 0, "RankScoreOpponent": 0, "UserNameOpponent": "Pappysheetz", "WinningValue": 0, "UpdateStatus": {"lastUpdateTime": "2020-10-15T14:12:45.1640284+00:00"}}, {"MegaDraftGroupId": 1, "MegaContestKey": "89130706", "MegaEntryKey": "2052751841", "UserName": "dabus62", "UserKey": "5313947", "UserMegaEntryCount": 0, "UserMegaEntryIndex": 0, "TimeRemainingOpponent": 0, "Rank": 7, "FantasyPoints": 716.92, "FantasyPointsOpponent": 790.34, "RankScore": 0, "RankScoreOpponent": 0, "UserNameOpponent": "Pappysheetz", "WinningValue": 0, "UpdateStatus": {"lastUpdateTime": "2020-10-15T14:12:45.1580913+00:00"}}, {"MegaDraftGroupId": 1, "MegaContestKey": "89130706", "MegaEntryKey": "2052733328", "UserName": "fwatcha", "UserKey": "6724154", "UserMegaEntryCount": 0, "UserMegaEntryIndex": 0, "TimeRemainingOpponent": 0, "Rank": 8, "FantasyPoints": 716.88, "FantasyPointsOpponent": 790.34, "RankScore": 0, "RankScoreOpponent": 0, "UserNameOpponent": "Pappysheetz", "WinningValue": 0, "UpdateStatus": {"lastUpdateTime": "2020-10-15T14:12:45.1681744+00:00"}}, {"MegaDraftGroupId": 1, "MegaContestKey": "89130706", "MegaEntryKey": "2052747872", "UserName": "ColdBeverages", "UserKey": "9151816", "UserMegaEntryCount": 0, "UserMegaEntryIndex": 0, "TimeRemainingOpponent": 0, "Rank": 9, "FantasyPoints": 708.02, "FantasyPointsOpponent": 790.34, "RankScore": 0, "RankScoreOpponent": 0, "UserNameOpponent": "Pappysheetz", "WinningValue": 0, "UpdateStatus": {"lastUpdateTime": "2020-10-15T14:12:45.2195709+00:00"}}, {"MegaDraftGroupId": 1, "MegaContestKey": "89130706", "MegaEntryKey": "2052716142", "UserName": "dmac266", "UserKey": "938411", "UserMegaEntryCount": 0, "UserMegaEntryIndex": 0, "TimeRemainingOpponent": 0, "Rank": 10, "FantasyPoints": 635.24, "FantasyPointsOpponent": 790.34, "RankScore": 0, "RankScoreOpponent": 0, "UserNameOpponent": "Pappysheetz", "WinningValue": 0, "UpdateStatus": {"lastUpdateTime": "2020-10-15T14:12:45.1579295+00:00"}}, {"MegaDraftGroupId": 1, "MegaContestKey": "89130706", "MegaEntryKey": "2052749943", "UserName": "yaboy52", "UserKey": "1563543", "UserMegaEntryCount": 0, "UserMegaEntryIndex": 0, "TimeRemainingOpponent": 0, "Rank": 11, "FantasyPoints": 616.78, "FantasyPointsOpponent": 790.34, "RankScore": 0, "RankScoreOpponent": 0, "UserNameOpponent": "Pappysheetz", "WinningValue": 0, "UpdateStatus": {"lastUpdateTime": "2020-10-15T14:12:45.1680434+00:00"}}, {"MegaDraftGroupId": 1, "MegaContestKey": "89130706", "MegaEntryKey": "2052634179", "UserName": "theprodigy2k", "UserKey": "10809110", "UserMegaEntryCount": 0, "UserMegaEntryIndex": 0, "TimeRemainingOpponent": 0, "Rank": 12, "FantasyPoints": 0, "FantasyPointsOpponent": 790.34, "RankScore": 0, "RankScoreOpponent": 0, "UserNameOpponent": "Pappysheetz", "WinningValue": 0, "UpdateStatus": {"lastUpdateTime": "2020-10-15T14:12:45.1683763+00:00"}}], "UpdateStatus": {"lastUpdateTime": "2020-10-15T14:12:45.2336925+00:00"}}