{"Leader": {"MegaDraftGroupId": 1, "MegaContestKey": "89140618", "MegaEntryKey": "2052930776", "UserName": "sansbacon", "UserKey": "725157", "UserMegaEntryCount": 0, "UserMegaEntryIndex": 0, "TimeRemainingOpponent": 0, "Rank": 1, "FantasyPoints": 801.64, "FantasyPointsOpponent": 787.44, "RankScore": 0, "RankScoreOpponent": 0, "UserNameOpponent": "LoadBoi", "WinningValue": 5.6, "Winnings": [{"value": 5.6, "description": "Cash"}], "UpdateStatus": {"lastUpdateTime": "2020-10-15T14:12:45.2901843+00:00"}}, "LastWinningMegaEntry": {"MegaDraftGroupId": 1, "MegaContestKey": "89140618", "MegaEntryKey": "2053087393", "UserName": "Mike_Loco", "UserKey": "5917628", "UserMegaEntryCount": 0, "UserMegaEntryIndex": 0, "TimeRemainingOpponent": 0, "Rank": 3, "FantasyPoints": 786.04, "FantasyPointsOpponent": 801.64, "RankScore": 0, "RankScoreOpponent": 0, "UserNameOpponent": "sansbacon", "WinningValue": 1.8, "Winnings": [{"value": 1.8, "description": "Cash"}], "UpdateStatus": {"lastUpdateTime": "2020-10-15T14:12:45.2893193+00:00"}}, "Leaderboard": [{"MegaDraftGroupId": 1, "MegaContestKey": "89140618", "MegaEntryKey": "2052930776", "UserName": "sansbacon", "UserKey": "725157", "UserMegaEntryCount": 0, "UserMegaEntryIndex": 0, "TimeRemainingOpponent": 0, "Rank": 1, "FantasyPoints": 801.64, "FantasyPointsOpponent": 787.44, "RankScore": 0, "RankScoreOpponent": 0, "UserNameOpponent": "LoadBoi", "WinningValue": 5.6, "Winnings": [{"value": 5.6, "description": "Cash"}], "UpdateStatus": {"lastUpdateTime": "2020-10-15T14:12:45.2901843+00:00"}}, {"MegaDraftGroupId": 1, "MegaContestKey": "89140618", "MegaEntryKey": "2053077699", "UserName": "LoadBoi", "UserKey": "2635691", "UserMegaEntryCount": 0, "UserMegaEntryIndex": 0, "TimeRemainingOpponent": 0, "Rank": 2, "FantasyPoints": 787.44, "FantasyPointsOpponent": 801.64, "RankScore": 0, "RankScoreOpponent": 0, "UserNameOpponent": "sansbacon", "WinningValue": 3.4, "Winnings": [{"value": 3.4, "description": "Cash"}], "UpdateStatus": {"lastUpdateTime": "2020-10-15T14:12:45.3114627+00:00"}}, {"MegaDraftGroupId": 1, "MegaContestKey": "89140618", "MegaEntryKey": "2053087393", "UserName": "Mike_Loco", "UserKey": "5917628", "UserMegaEntryCount": 0, "UserMegaEntryIndex": 0, "TimeRemainingOpponent": 0, "Rank": 3, "FantasyPoints": 786.04, "FantasyPointsOpponent": 801.64, "RankScore": 0, "RankScoreOpponent": 0, "UserNameOpponent": "sansbacon", "WinningValue": 1.8, "Winnings": [{"value": 1.8, "description": "Cash"}], "UpdateStatus": {"lastUpdateTime": "2020-10-15T14:12:45.2893193+00:00"}}, {"MegaDraftGroupId": 1, "MegaContestKey": "89140618", "MegaEntryKey": "2052875583", "UserName": "houmbus", "UserKey": "1730416", "UserMegaEntryCount": 0, "UserMegaEntryIndex": 0, "TimeRemainingOpponent": 0, "Rank": 4, "FantasyPoints": 779.58, "FantasyPointsOpponent": 801.64, "RankScore": 0, "RankScoreOpponent": 0, "UserNameOpponent": "sansbacon", "WinningValue": 0, "UpdateStatus": {"lastUpdateTime": "2020-10-15T14:12:45.3021299+00:00"}}, {"MegaDraftGroupId": 1, "MegaContestKey": "89140618", "MegaEntryKey": "2053085588", "UserName": "BadNews4U", "UserKey": "348385", "UserMegaEntryCount": 0, "UserMegaEntryIndex": 0, "TimeRemainingOpponent": 0, "Rank": 5, "FantasyPoints": 778.02, "FantasyPointsOpponent": 801.64, "RankScore": 0, "RankScoreOpponent": 0, "UserNameOpponent": "sansbacon", "WinningValue": 0, "UpdateStatus": {"lastUpdateTime": "2020-10-15T14:12:45.2899695+00:00"}}, {"MegaDraftGroupId": 1, "MegaContestKey": "89140618", "MegaEntryKey": "2053007471", "UserName": "Cmrogan21", "UserKey": "1189237", "UserMegaEntryCount": 0, "UserMegaEntryIndex": 0, "TimeRemainingOpponent": 0, "Rank": 6, "FantasyPoints": 723.82, "FantasyPointsOpponent": 801.64, "RankScore": 0, "RankScoreOpponent": 0, "UserNameOpponent": "sansbacon", "WinningValue": 0, "UpdateStatus": {"lastUpdateTime": "2020-10-15T14:12:45.2900688+00:00"}}, {"MegaDraftGroupId": 1, "MegaContestKey": "89140618", "MegaEntryKey": "2053088606", "UserName": "richauf", "UserKey": "10591376", "UserMegaEntryCount": 0, "UserMegaEntryIndex": 0, "TimeRemainingOpponent": 0, "Rank": 7, "FantasyPoints": 718.36, "FantasyPointsOpponent": 801.64, "RankScore": 0, "RankScoreOpponent": 0, "UserNameOpponent": "sansbacon", "WinningValue": 0, "UpdateStatus": {"lastUpdateTime": "2020-10-15T14:12:45.3045401+00:00"}}, {"MegaDraftGroupId": 1, "MegaContestKey": "89140618", "MegaEntryKey": "2053080257", "UserName": "jake_88", "UserKey": "481174", "UserMegaEntryCount": 0, "UserMegaEntryIndex": 0, "TimeRemainingOpponent": 0, "Rank": 8, "FantasyPoints": 690.96, "FantasyPointsOpponent": 801.64, "RankScore": 0, "RankScoreOpponent": 0, "UserNameOpponent": "sansbacon", "WinningValue": 0, "UpdateStatus": {"lastUpdateTime": "2020-10-15T14:12:45.3118016+00:00"}}, {"MegaDraftGroupId": 1, "MegaContestKey": "89140618", "MegaEntryKey": "2052980884", "UserName": "bubba240", "UserKey": "10804856", "UserMegaEntryCount": 0, "UserMegaEntryIndex": 0, "TimeRemainingOpponent": 0, "Rank": 9, "FantasyPoints": 675.34, "FantasyPointsOpponent": 801.64, "RankScore": 0, "RankScoreOpponent": 0, "UserNameOpponent": "sansbacon", "WinningValue": 0, "UpdateStatus": {"lastUpdateTime": "2020-10-15T14:12:45.3105465+00:00"}}, {"MegaDraftGroupId": 1, "MegaContestKey": "89140618", "MegaEntryKey": "2053087615", "UserName": "Giffey", "UserKey": "6827509", "UserMegaEntryCount": 0, "UserMegaEntryIndex": 0, "TimeRemainingOpponent": 0, "Rank": 10, "FantasyPoints": 645.96, "FantasyPointsOpponent": 801.64, "RankScore": 0, "RankScoreOpponent": 0, "UserNameOpponent": "sansbacon", "WinningValue": 0, "UpdateStatus": {"lastUpdateTime": "2020-10-15T14:12:45.3119827+00:00"}}, {"MegaDraftGroupId": 1, "MegaContestKey": "89140618", "MegaEntryKey": "2052954414", "UserName": "fingaz86", "UserKey": "7790594", "UserMegaEntryCount": 0, "UserMegaEntryIndex": 0, "TimeRemainingOpponent": 0, "Rank": 11, "FantasyPoints": 613.04, "FantasyPointsOpponent": 801.64, "RankScore": 0, "RankScoreOpponent": 0, "UserNameOpponent": "sansbacon", "WinningValue": 0, "UpdateStatus": {"lastUpdateTime": "2020-10-15T14:12:45.3222583+00:00"}}, {"MegaDraftGroupId": 1, "MegaContestKey": "89140618", "MegaEntryKey": "2052993937", "UserName": "Stolle76", "UserKey": "170220", "UserMegaEntryCount": 0, "UserMegaEntryIndex": 0, "TimeRemainingOpponent": 0, "Rank": 12, "FantasyPoints": 0, "FantasyPointsOpponent": 801.64, "RankScore": 0, "RankScoreOpponent": 0, "UserNameOpponent": "sansbacon", "WinningValue": 0, "UpdateStatus": {"lastUpdateTime": "2020-10-15T14:12:45.3109237+00:00"}}], "UpdateStatus": {"lastUpdateTime": "2020-10-15T14:12:45.3228415+00:00"}}