{"Leader": {"MegaDraftGroupId": 1, "MegaContestKey": "89306793", "MegaEntryKey": "2058461986", "UserName": "obdog", "UserKey": "3141200", "UserMegaEntryCount": 0, "UserMegaEntryIndex": 0, "TimeRemainingOpponent": 0, "Rank": 1, "FantasyPoints": 800.84, "FantasyPointsOpponent": 800.46, "RankScore": 0, "RankScoreOpponent": 0, "UserNameOpponent": "richy437", "WinningValue": 56, "Winnings": [{"value": 56, "description": "Cash"}], "UpdateStatus": {"lastUpdateTime": "2020-10-15T14:12:46.2790674+00:00"}}, "LastWinningMegaEntry": {"MegaDraftGroupId": 1, "MegaContestKey": "89306793", "MegaEntryKey": "2058457786", "UserName": "ttllabtoof", "UserKey": "4823581", "UserMegaEntryCount": 0, "UserMegaEntryIndex": 0, "TimeRemainingOpponent": 0, "Rank": 3, "FantasyPoints": 770.44, "FantasyPointsOpponent": 800.84, "RankScore": 0, "RankScoreOpponent": 0, "UserNameOpponent": "obdog", "WinningValue": 18, "Winnings": [{"value": 18, "description": "Cash"}], "UpdateStatus": {"lastUpdateTime": "2020-10-15T14:12:46.2828779+00:00"}}, "Leaderboard": [{"MegaDraftGroupId": 1, "MegaContestKey": "89306793", "MegaEntryKey": "2058461986", "UserName": "obdog", "UserKey": "3141200", "UserMegaEntryCount": 0, "UserMegaEntryIndex": 0, "TimeRemainingOpponent": 0, "Rank": 1, "FantasyPoints": 800.84, "FantasyPointsOpponent": 800.46, "RankScore": 0, "RankScoreOpponent": 0, "UserNameOpponent": "richy437", "WinningValue": 56, "Winnings": [{"value": 56, "description": "Cash"}], "UpdateStatus": {"lastUpdateTime": "2020-10-15T14:12:46.2790674+00:00"}}, {"MegaDraftGroupId": 1, "MegaContestKey": "89306793", "MegaEntryKey": "2058490325", "UserName": "richy437", "UserKey": "5131261", "UserMegaEntryCount": 0, "UserMegaEntryIndex": 0, "TimeRemainingOpponent": 0, "Rank": 2, "FantasyPoints": 800.46, "FantasyPointsOpponent": 800.84, "RankScore": 0, "RankScoreOpponent": 0, "UserNameOpponent": "obdog", "WinningValue": 34, "Winnings": [{"value": 34, "description": "Cash"}], "UpdateStatus": {"lastUpdateTime": "2020-10-15T14:12:46.2882770+00:00"}}, {"MegaDraftGroupId": 1, "MegaContestKey": "89306793", "MegaEntryKey": "2058457786", "UserName": "ttllabtoof", "UserKey": "4823581", "UserMegaEntryCount": 0, "UserMegaEntryIndex": 0, "TimeRemainingOpponent": 0, "Rank": 3, "FantasyPoints": 770.44, "FantasyPointsOpponent": 800.84, "RankScore": 0, "RankScoreOpponent": 0, "UserNameOpponent": "obdog", "WinningValue": 18, "Winnings": [{"value": 18, "description": "Cash"}], "UpdateStatus": {"lastUpdateTime": "2020-10-15T14:12:46.2828779+00:00"}}, {"MegaDraftGroupId": 1, "MegaContestKey": "89306793", "MegaEntryKey": "2058319591", "UserName": "pimplepoppermd", "UserKey": "2313545", "UserMegaEntryCount": 0, "UserMegaEntryIndex": 0, "TimeRemainingOpponent": 0, "Rank": 4, "FantasyPoints": 767.98, "FantasyPointsOpponent": 800.84, "RankScore": 0, "RankScoreOpponent": 0, "UserNameOpponent": "obdog", "WinningValue": 0, "UpdateStatus": {"lastUpdateTime": "2020-10-15T14:12:46.2834489+00:00"}}, {"MegaDraftGroupId": 1, "MegaContestKey": "89306793", "MegaEntryKey": "2058478425", "UserName": "EagleMikeFarmer", "UserKey": "5116167", "UserMegaEntryCount": 0, "UserMegaEntryIndex": 0, "TimeRemainingOpponent": 0, "Rank": 5, "FantasyPoints": 738.66, "FantasyPointsOpponent": 800.84, "RankScore": 0, "RankScoreOpponent": 0, "UserNameOpponent": "obdog", "WinningValue": 0, "UpdateStatus": {"lastUpdateTime": "2020-10-15T14:12:46.2812818+00:00"}}, {"MegaDraftGroupId": 1, "MegaContestKey": "89306793", "MegaEntryKey": "2058478452", "UserName": "sansbacon", "UserKey": "725157", "UserMegaEntryCount": 0, "UserMegaEntryIndex": 0, "TimeRemainingOpponent": 0, "Rank": 6, "FantasyPoints": 732.94, "FantasyPointsOpponent": 800.84, "RankScore": 0, "RankScoreOpponent": 0, "UserNameOpponent": "obdog", "WinningValue": 0, "UpdateStatus": {"lastUpdateTime": "2020-10-15T14:12:46.2891440+00:00"}}, {"MegaDraftGroupId": 1, "MegaContestKey": "89306793", "MegaEntryKey": "2058328258", "UserName": "fowlerredcats", "UserKey": "1996539", "UserMegaEntryCount": 0, "UserMegaEntryIndex": 0, "TimeRemainingOpponent": 0, "Rank": 7, "FantasyPoints": 711.98, "FantasyPointsOpponent": 800.84, "RankScore": 0, "RankScoreOpponent": 0, "UserNameOpponent": "obdog", "WinningValue": 0, "UpdateStatus": {"lastUpdateTime": "2020-10-15T14:12:46.2953399+00:00"}}, {"MegaDraftGroupId": 1, "MegaContestKey": "89306793", "MegaEntryKey": "2058344436", "UserName": "2stupiddogs", "UserKey": "457620", "UserMegaEntryCount": 0, "UserMegaEntryIndex": 0, "TimeRemainingOpponent": 0, "Rank": 8, "FantasyPoints": 704, "FantasyPointsOpponent": 800.84, "RankScore": 0, "RankScoreOpponent": 0, "UserNameOpponent": "obdog", "WinningValue": 0, "UpdateStatus": {"lastUpdateTime": "2020-10-15T14:12:46.2955191+00:00"}}, {"MegaDraftGroupId": 1, "MegaContestKey": "89306793", "MegaEntryKey": "2058450869", "UserName": "acesfull7", "UserKey": "324859", "UserMegaEntryCount": 0, "UserMegaEntryIndex": 0, "TimeRemainingOpponent": 0, "Rank": 9, "FantasyPoints": 703.68, "FantasyPointsOpponent": 800.84, "RankScore": 0, "RankScoreOpponent": 0, "UserNameOpponent": "obdog", "WinningValue": 0, "UpdateStatus": {"lastUpdateTime": "2020-10-15T14:12:46.2821986+00:00"}}, {"MegaDraftGroupId": 1, "MegaContestKey": "89306793", "MegaEntryKey": "2058368745", "UserName": "ohellyeah", "UserKey": "12656724", "UserMegaEntryCount": 0, "UserMegaEntryIndex": 0, "TimeRemainingOpponent": 0, "Rank": 10, "FantasyPoints": 702.66, "FantasyPointsOpponent": 800.84, "RankScore": 0, "RankScoreOpponent": 0, "UserNameOpponent": "obdog", "WinningValue": 0, "UpdateStatus": {"lastUpdateTime": "2020-10-15T14:12:46.2792295+00:00"}}, {"MegaDraftGroupId": 1, "MegaContestKey": "89306793", "MegaEntryKey": "2058435386", "UserName": "rtfunk9", "UserKey": "6335752", "UserMegaEntryCount": 0, "UserMegaEntryIndex": 0, "TimeRemainingOpponent": 0, "Rank": 11, "FantasyPoints": 691.12, "FantasyPointsOpponent": 800.84, "RankScore": 0, "RankScoreOpponent": 0, "UserNameOpponent": "obdog", "WinningValue": 0, "UpdateStatus": {"lastUpdateTime": "2020-10-15T14:12:46.2819196+00:00"}}, {"MegaDraftGroupId": 1, "MegaContestKey": "89306793", "MegaEntryKey": "2058338950", "UserName": "bc2107", "UserKey": "43081", "UserMegaEntryCount": 0, "UserMegaEntryIndex": 0, "TimeRemainingOpponent": 0, "Rank": 12, "FantasyPoints": 571.96, "FantasyPointsOpponent": 800.84, "RankScore": 0, "RankScoreOpponent": 0, "UserNameOpponent": "obdog", "WinningValue": 0, "UpdateStatus": {"lastUpdateTime": "2020-10-15T14:12:46.2821038+00:00"}}], "UpdateStatus": {"lastUpdateTime": "2020-10-15T14:12:46.2960915+00:00"}}