{"Leader": {"MegaDraftGroupId": 1, "MegaContestKey": "89388885", "MegaEntryKey": "2060495177", "UserName": "cmoshi", "UserKey": "657862", "UserMegaEntryCount": 0, "UserMegaEntryIndex": 0, "TimeRemainingOpponent": 0, "Rank": 1, "FantasyPoints": 853.28, "FantasyPointsOpponent": 777.48, "RankScore": 0, "RankScoreOpponent": 0, "UserNameOpponent": "whitmir6", "WinningValue": 5.6, "Winnings": [{"value": 5.6, "description": "Cash"}], "UpdateStatus": {"lastUpdateTime": "2020-10-15T14:12:46.8303406+00:00"}}, "LastWinningMegaEntry": {"MegaDraftGroupId": 1, "MegaContestKey": "89388885", "MegaEntryKey": "2060446856", "UserName": "0001", "UserKey": "1113494", "UserMegaEntryCount": 0, "UserMegaEntryIndex": 0, "TimeRemainingOpponent": 0, "Rank": 3, "FantasyPoints": 761.98, "FantasyPointsOpponent": 853.28, "RankScore": 0, "RankScoreOpponent": 0, "UserNameOpponent": "cmoshi", "WinningValue": 1.8, "Winnings": [{"value": 1.8, "description": "Cash"}], "UpdateStatus": {"lastUpdateTime": "2020-10-15T14:12:46.8215245+00:00"}}, "Leaderboard": [{"MegaDraftGroupId": 1, "MegaContestKey": "89388885", "MegaEntryKey": "2060495177", "UserName": "cmoshi", "UserKey": "657862", "UserMegaEntryCount": 0, "UserMegaEntryIndex": 0, "TimeRemainingOpponent": 0, "Rank": 1, "FantasyPoints": 853.28, "FantasyPointsOpponent": 777.48, "RankScore": 0, "RankScoreOpponent": 0, "UserNameOpponent": "whitmir6", "WinningValue": 5.6, "Winnings": [{"value": 5.6, "description": "Cash"}], "UpdateStatus": {"lastUpdateTime": "2020-10-15T14:12:46.8303406+00:00"}}, {"MegaDraftGroupId": 1, "MegaContestKey": "89388885", "MegaEntryKey": "2060494867", "UserName": "whitmir6", "UserKey": "195420", "UserMegaEntryCount": 0, "UserMegaEntryIndex": 0, "TimeRemainingOpponent": 0, "Rank": 2, "FantasyPoints": 777.48, "FantasyPointsOpponent": 853.28, "RankScore": 0, "RankScoreOpponent": 0, "UserNameOpponent": "cmoshi", "WinningValue": 3.4, "Winnings": [{"value": 3.4, "description": "Cash"}], "UpdateStatus": {"lastUpdateTime": "2020-10-15T14:12:46.8318895+00:00"}}, {"MegaDraftGroupId": 1, "MegaContestKey": "89388885", "MegaEntryKey": "2060446856", "UserName": "0001", "UserKey": "1113494", "UserMegaEntryCount": 0, "UserMegaEntryIndex": 0, "TimeRemainingOpponent": 0, "Rank": 3, "FantasyPoints": 761.98, "FantasyPointsOpponent": 853.28, "RankScore": 0, "RankScoreOpponent": 0, "UserNameOpponent": "cmoshi", "WinningValue": 1.8, "Winnings": [{"value": 1.8, "description": "Cash"}], "UpdateStatus": {"lastUpdateTime": "2020-10-15T14:12:46.8215245+00:00"}}, {"MegaDraftGroupId": 1, "MegaContestKey": "89388885", "MegaEntryKey": "2060484030", "UserName": "dustyhayes", "UserKey": "2026156", "UserMegaEntryCount": 0, "UserMegaEntryIndex": 0, "TimeRemainingOpponent": 0, "Rank": 4, "FantasyPoints": 759.3, "FantasyPointsOpponent": 853.28, "RankScore": 0, "RankScoreOpponent": 0, "UserNameOpponent": "cmoshi", "WinningValue": 0, "UpdateStatus": {"lastUpdateTime": "2020-10-15T14:12:46.8378228+00:00"}}, {"MegaDraftGroupId": 1, "MegaContestKey": "89388885", "MegaEntryKey": "2060449830", "UserName": "itsmemetalfinger", "UserKey": "12331285", "UserMegaEntryCount": 0, "UserMegaEntryIndex": 0, "TimeRemainingOpponent": 0, "Rank": 5, "FantasyPoints": 749.84, "FantasyPointsOpponent": 853.28, "RankScore": 0, "RankScoreOpponent": 0, "UserNameOpponent": "cmoshi", "WinningValue": 0, "UpdateStatus": {"lastUpdateTime": "2020-10-15T14:12:46.8372004+00:00"}}, {"MegaDraftGroupId": 1, "MegaContestKey": "89388885", "MegaEntryKey": "2060470697", "UserName": "Quattlecom42", "UserKey": "12638424", "UserMegaEntryCount": 0, "UserMegaEntryIndex": 0, "TimeRemainingOpponent": 0, "Rank": 6, "FantasyPoints": 735.98, "FantasyPointsOpponent": 853.28, "RankScore": 0, "RankScoreOpponent": 0, "UserNameOpponent": "cmoshi", "WinningValue": 0, "UpdateStatus": {"lastUpdateTime": "2020-10-15T14:12:46.8376434+00:00"}}, {"MegaDraftGroupId": 1, "MegaContestKey": "89388885", "MegaEntryKey": "2060478439", "UserName": "1KMH", "UserKey": "7801238", "UserMegaEntryCount": 0, "UserMegaEntryIndex": 0, "TimeRemainingOpponent": 0, "Rank": 7, "FantasyPoints": 707.94, "FantasyPointsOpponent": 853.28, "RankScore": 0, "RankScoreOpponent": 0, "UserNameOpponent": "cmoshi", "WinningValue": 0, "UpdateStatus": {"lastUpdateTime": "2020-10-15T14:12:46.8189217+00:00"}}, {"MegaDraftGroupId": 1, "MegaContestKey": "89388885", "MegaEntryKey": "2060470929", "UserName": "mrl176", "UserKey": "5987750", "UserMegaEntryCount": 0, "UserMegaEntryIndex": 0, "TimeRemainingOpponent": 0, "Rank": 8, "FantasyPoints": 685.7, "FantasyPointsOpponent": 853.28, "RankScore": 0, "RankScoreOpponent": 0, "UserNameOpponent": "cmoshi", "WinningValue": 0, "UpdateStatus": {"lastUpdateTime": "2020-10-15T14:12:46.8375396+00:00"}}, {"MegaDraftGroupId": 1, "MegaContestKey": "89388885", "MegaEntryKey": "2060501600", "UserName": "mcdon13", "UserKey": "1131864", "UserMegaEntryCount": 0, "UserMegaEntryIndex": 0, "TimeRemainingOpponent": 0, "Rank": 9, "FantasyPoints": 681.36, "FantasyPointsOpponent": 853.28, "RankScore": 0, "RankScoreOpponent": 0, "UserNameOpponent": "cmoshi", "WinningValue": 0, "UpdateStatus": {"lastUpdateTime": "2020-10-15T14:12:46.8300329+00:00"}}, {"MegaDraftGroupId": 1, "MegaContestKey": "89388885", "MegaEntryKey": "2060450212", "UserName": "Roberto420", "UserKey": "1683786", "UserMegaEntryCount": 0, "UserMegaEntryIndex": 0, "TimeRemainingOpponent": 0, "Rank": 10, "FantasyPoints": 676.66, "FantasyPointsOpponent": 853.28, "RankScore": 0, "RankScoreOpponent": 0, "UserNameOpponent": "cmoshi", "WinningValue": 0, "UpdateStatus": {"lastUpdateTime": "2020-10-15T14:12:46.8211582+00:00"}}, {"MegaDraftGroupId": 1, "MegaContestKey": "89388885", "MegaEntryKey": "2060485494", "UserName": "sansbacon", "UserKey": "725157", "UserMegaEntryCount": 0, "UserMegaEntryIndex": 0, "TimeRemainingOpponent": 0, "Rank": 11, "FantasyPoints": 641.08, "FantasyPointsOpponent": 853.28, "RankScore": 0, "RankScoreOpponent": 0, "UserNameOpponent": "cmoshi", "WinningValue": 0, "UpdateStatus": {"lastUpdateTime": "2020-10-15T14:12:46.8315336+00:00"}}, {"MegaDraftGroupId": 1, "MegaContestKey": "89388885", "MegaEntryKey": "2060459562", "UserName": "jadkins18", "UserKey": "818553", "UserMegaEntryCount": 0, "UserMegaEntryIndex": 0, "TimeRemainingOpponent": 0, "Rank": 12, "FantasyPoints": 585.3, "FantasyPointsOpponent": 853.28, "RankScore": 0, "RankScoreOpponent": 0, "UserNameOpponent": "cmoshi", "WinningValue": 0, "UpdateStatus": {"lastUpdateTime": "2020-10-15T14:12:46.8373889+00:00"}}], "UpdateStatus": {"lastUpdateTime": "2020-10-15T14:12:46.8638317+00:00"}}