{"Leader": {"MegaDraftGroupId": 1, "MegaContestKey": "89452875", "MegaEntryKey": "2062531833", "UserName": "speer14", "UserKey": "1158457", "UserMegaEntryCount": 0, "UserMegaEntryIndex": 0, "TimeRemainingOpponent": 0, "Rank": 1, "FantasyPoints": 852.58, "FantasyPointsOpponent": 795.46, "RankScore": 0, "RankScoreOpponent": 0, "UserNameOpponent": "Nuke7350", "WinningValue": 56, "Winnings": [{"value": 56, "description": "Cash"}], "UpdateStatus": {"lastUpdateTime": "2020-10-15T14:12:47.3420746+00:00"}}, "LastWinningMegaEntry": {"MegaDraftGroupId": 1, "MegaContestKey": "89452875", "MegaEntryKey": "2062530264", "UserName": "griffalicious24", "UserKey": "1649680", "UserMegaEntryCount": 0, "UserMegaEntryIndex": 0, "TimeRemainingOpponent": 0, "Rank": 3, "FantasyPoints": 789.34, "FantasyPointsOpponent": 852.58, "RankScore": 0, "RankScoreOpponent": 0, "UserNameOpponent": "speer14", "WinningValue": 18, "Winnings": [{"value": 18, "description": "Cash"}], "UpdateStatus": {"lastUpdateTime": "2020-10-15T14:12:47.3437046+00:00"}}, "Leaderboard": [{"MegaDraftGroupId": 1, "MegaContestKey": "89452875", "MegaEntryKey": "2062531833", "UserName": "speer14", "UserKey": "1158457", "UserMegaEntryCount": 0, "UserMegaEntryIndex": 0, "TimeRemainingOpponent": 0, "Rank": 1, "FantasyPoints": 852.58, "FantasyPointsOpponent": 795.46, "RankScore": 0, "RankScoreOpponent": 0, "UserNameOpponent": "Nuke7350", "WinningValue": 56, "Winnings": [{"value": 56, "description": "Cash"}], "UpdateStatus": {"lastUpdateTime": "2020-10-15T14:12:47.3420746+00:00"}}, {"MegaDraftGroupId": 1, "MegaContestKey": "89452875", "MegaEntryKey": "2062529619", "UserName": "Nuke7350", "UserKey": "3306629", "UserMegaEntryCount": 0, "UserMegaEntryIndex": 0, "TimeRemainingOpponent": 0, "Rank": 2, "FantasyPoints": 795.46, "FantasyPointsOpponent": 852.58, "RankScore": 0, "RankScoreOpponent": 0, "UserNameOpponent": "speer14", "WinningValue": 34, "Winnings": [{"value": 34, "description": "Cash"}], "UpdateStatus": {"lastUpdateTime": "2020-10-15T14:12:47.3371171+00:00"}}, {"MegaDraftGroupId": 1, "MegaContestKey": "89452875", "MegaEntryKey": "2062530264", "UserName": "griffalicious24", "UserKey": "1649680", "UserMegaEntryCount": 0, "UserMegaEntryIndex": 0, "TimeRemainingOpponent": 0, "Rank": 3, "FantasyPoints": 789.34, "FantasyPointsOpponent": 852.58, "RankScore": 0, "RankScoreOpponent": 0, "UserNameOpponent": "speer14", "WinningValue": 18, "Winnings": [{"value": 18, "description": "Cash"}], "UpdateStatus": {"lastUpdateTime": "2020-10-15T14:12:47.3437046+00:00"}}, {"MegaDraftGroupId": 1, "MegaContestKey": "89452875", "MegaEntryKey": "2062531366", "UserName": "sansbacon", "UserKey": "725157", "UserMegaEntryCount": 0, "UserMegaEntryIndex": 0, "TimeRemainingOpponent": 0, "Rank": 4, "FantasyPoints": 775.22, "FantasyPointsOpponent": 852.58, "RankScore": 0, "RankScoreOpponent": 0, "UserNameOpponent": "speer14", "WinningValue": 0, "UpdateStatus": {"lastUpdateTime": "2020-10-15T14:12:47.3305736+00:00"}}, {"MegaDraftGroupId": 1, "MegaContestKey": "89452875", "MegaEntryKey": "2062513622", "UserName": "leaferickson2444", "UserKey": "3882798", "UserMegaEntryCount": 0, "UserMegaEntryIndex": 0, "TimeRemainingOpponent": 0, "Rank": 5, "FantasyPoints": 766.7, "FantasyPointsOpponent": 852.58, "RankScore": 0, "RankScoreOpponent": 0, "UserNameOpponent": "speer14", "WinningValue": 0, "UpdateStatus": {"lastUpdateTime": "2020-10-15T14:12:47.3307181+00:00"}}, {"MegaDraftGroupId": 1, "MegaContestKey": "89452875", "MegaEntryKey": "2062519942", "UserName": "pliao34", "UserKey": "8442657", "UserMegaEntryCount": 0, "UserMegaEntryIndex": 0, "TimeRemainingOpponent": 0, "Rank": 6, "FantasyPoints": 718.02, "FantasyPointsOpponent": 852.58, "RankScore": 0, "RankScoreOpponent": 0, "UserNameOpponent": "speer14", "WinningValue": 0, "UpdateStatus": {"lastUpdateTime": "2020-10-15T14:12:47.3390193+00:00"}}, {"MegaDraftGroupId": 1, "MegaContestKey": "89452875", "MegaEntryKey": "2062520963", "UserName": "britdevine", "UserKey": "3902", "UserMegaEntryCount": 0, "UserMegaEntryIndex": 0, "TimeRemainingOpponent": 0, "Rank": 7, "FantasyPoints": 717.78, "FantasyPointsOpponent": 852.58, "RankScore": 0, "RankScoreOpponent": 0, "UserNameOpponent": "speer14", "WinningValue": 0, "UpdateStatus": {"lastUpdateTime": "2020-10-15T14:12:47.3428121+00:00"}}, {"MegaDraftGroupId": 1, "MegaContestKey": "89452875", "MegaEntryKey": "2062514507", "UserName": "sourcrouse11", "UserKey": "6840275", "UserMegaEntryCount": 0, "UserMegaEntryIndex": 0, "TimeRemainingOpponent": 0, "Rank": 8, "FantasyPoints": 704.34, "FantasyPointsOpponent": 852.58, "RankScore": 0, "RankScoreOpponent": 0, "UserNameOpponent": "speer14", "WinningValue": 0, "UpdateStatus": {"lastUpdateTime": "2020-10-15T14:12:47.3425063+00:00"}}, {"MegaDraftGroupId": 1, "MegaContestKey": "89452875", "MegaEntryKey": "2062523838", "UserName": "boselli04", "UserKey": "5648262", "UserMegaEntryCount": 0, "UserMegaEntryIndex": 0, "TimeRemainingOpponent": 0, "Rank": 9, "FantasyPoints": 698.36, "FantasyPointsOpponent": 852.58, "RankScore": 0, "RankScoreOpponent": 0, "UserNameOpponent": "speer14", "WinningValue": 0, "UpdateStatus": {"lastUpdateTime": "2020-10-15T14:12:47.3431176+00:00"}}, {"MegaDraftGroupId": 1, "MegaContestKey": "89452875", "MegaEntryKey": "2062491517", "UserName": "fowlerredcats", "UserKey": "1996539", "UserMegaEntryCount": 0, "UserMegaEntryIndex": 0, "TimeRemainingOpponent": 0, "Rank": 10, "FantasyPoints": 647.7, "FantasyPointsOpponent": 852.58, "RankScore": 0, "RankScoreOpponent": 0, "UserNameOpponent": "speer14", "WinningValue": 0, "UpdateStatus": {"lastUpdateTime": "2020-10-15T14:12:47.3308442+00:00"}}, {"MegaDraftGroupId": 1, "MegaContestKey": "89452875", "MegaEntryKey": "2062492967", "UserName": "Sloop0204", "UserKey": "10676458", "UserMegaEntryCount": 0, "UserMegaEntryIndex": 0, "TimeRemainingOpponent": 0, "Rank": 11, "FantasyPoints": 645.06, "FantasyPointsOpponent": 852.58, "RankScore": 0, "RankScoreOpponent": 0, "UserNameOpponent": "speer14", "WinningValue": 0, "UpdateStatus": {"lastUpdateTime": "2020-10-15T14:12:47.3387868+00:00"}}, {"MegaDraftGroupId": 1, "MegaContestKey": "89452875", "MegaEntryKey": "2062524727", "UserName": "Drgloom65", "UserKey": "250788", "UserMegaEntryCount": 0, "UserMegaEntryIndex": 0, "TimeRemainingOpponent": 0, "Rank": 12, "FantasyPoints": 633.54, "FantasyPointsOpponent": 852.58, "RankScore": 0, "RankScoreOpponent": 0, "UserNameOpponent": "speer14", "WinningValue": 0, "UpdateStatus": {"lastUpdateTime": "2020-10-15T14:12:47.3434086+00:00"}}], "UpdateStatus": {"lastUpdateTime": "2020-10-15T14:12:47.3661869+00:00"}}