{"Leader": {"MegaDraftGroupId": 1, "MegaContestKey": "89460375", "MegaEntryKey": "2062650103", "UserName": "StrawMyers", "UserKey": "5677766", "UserMegaEntryCount": 0, "UserMegaEntryIndex": 0, "TimeRemainingOpponent": 0, "Rank": 1, "FantasyPoints": 816.26, "FantasyPointsOpponent": 777.96, "RankScore": 0, "RankScoreOpponent": 0, "UserNameOpponent": "Kopa1", "WinningValue": 5.6, "Winnings": [{"value": 5.6, "description": "Cash"}], "UpdateStatus": {"lastUpdateTime": "2020-10-15T14:12:47.8142800+00:00"}}, "LastWinningMegaEntry": {"MegaDraftGroupId": 1, "MegaContestKey": "89460375", "MegaEntryKey": "2062649745", "UserName": "sansbacon", "UserKey": "725157", "UserMegaEntryCount": 0, "UserMegaEntryIndex": 0, "TimeRemainingOpponent": 0, "Rank": 3, "FantasyPoints": 769.18, "FantasyPointsOpponent": 816.26, "RankScore": 0, "RankScoreOpponent": 0, "UserNameOpponent": "StrawMyers", "WinningValue": 1.8, "Winnings": [{"value": 1.8, "description": "Cash"}], "UpdateStatus": {"lastUpdateTime": "2020-10-15T14:12:47.7825808+00:00"}}, "Leaderboard": [{"MegaDraftGroupId": 1, "MegaContestKey": "89460375", "MegaEntryKey": "2062650103", "UserName": "StrawMyers", "UserKey": "5677766", "UserMegaEntryCount": 0, "UserMegaEntryIndex": 0, "TimeRemainingOpponent": 0, "Rank": 1, "FantasyPoints": 816.26, "FantasyPointsOpponent": 777.96, "RankScore": 0, "RankScoreOpponent": 0, "UserNameOpponent": "Kopa1", "WinningValue": 5.6, "Winnings": [{"value": 5.6, "description": "Cash"}], "UpdateStatus": {"lastUpdateTime": "2020-10-15T14:12:47.8142800+00:00"}}, {"MegaDraftGroupId": 1, "MegaContestKey": "89460375", "MegaEntryKey": "2062675548", "UserName": "Kopa1", "UserKey": "8560864", "UserMegaEntryCount": 0, "UserMegaEntryIndex": 0, "TimeRemainingOpponent": 0, "Rank": 2, "FantasyPoints": 777.96, "FantasyPointsOpponent": 816.26, "RankScore": 0, "RankScoreOpponent": 0, "UserNameOpponent": "StrawMyers", "WinningValue": 3.4, "Winnings": [{"value": 3.4, "description": "Cash"}], "UpdateStatus": {"lastUpdateTime": "2020-10-15T14:12:47.7796168+00:00"}}, {"MegaDraftGroupId": 1, "MegaContestKey": "89460375", "MegaEntryKey": "2062649745", "UserName": "sansbacon", "UserKey": "725157", "UserMegaEntryCount": 0, "UserMegaEntryIndex": 0, "TimeRemainingOpponent": 0, "Rank": 3, "FantasyPoints": 769.18, "FantasyPointsOpponent": 816.26, "RankScore": 0, "RankScoreOpponent": 0, "UserNameOpponent": "StrawMyers", "WinningValue": 1.8, "Winnings": [{"value": 1.8, "description": "Cash"}], "UpdateStatus": {"lastUpdateTime": "2020-10-15T14:12:47.7825808+00:00"}}, {"MegaDraftGroupId": 1, "MegaContestKey": "89460375", "MegaEntryKey": "2062645806", "UserName": "jtbridgett", "UserKey": "5567713", "UserMegaEntryCount": 0, "UserMegaEntryIndex": 0, "TimeRemainingOpponent": 0, "Rank": 4, "FantasyPoints": 745.06, "FantasyPointsOpponent": 816.26, "RankScore": 0, "RankScoreOpponent": 0, "UserNameOpponent": "StrawMyers", "WinningValue": 0, "UpdateStatus": {"lastUpdateTime": "2020-10-15T14:12:47.7817773+00:00"}}, {"MegaDraftGroupId": 1, "MegaContestKey": "89460375", "MegaEntryKey": "2062657723", "UserName": "Cmrogan21", "UserKey": "1189237", "UserMegaEntryCount": 0, "UserMegaEntryIndex": 0, "TimeRemainingOpponent": 0, "Rank": 5, "FantasyPoints": 743.22, "FantasyPointsOpponent": 816.26, "RankScore": 0, "RankScoreOpponent": 0, "UserNameOpponent": "StrawMyers", "WinningValue": 0, "UpdateStatus": {"lastUpdateTime": "2020-10-15T14:12:47.7800964+00:00"}}, {"MegaDraftGroupId": 1, "MegaContestKey": "89460375", "MegaEntryKey": "2062656549", "UserName": "ozzy531", "UserKey": "1005820", "UserMegaEntryCount": 0, "UserMegaEntryIndex": 0, "TimeRemainingOpponent": 0, "Rank": 6, "FantasyPoints": 741.74, "FantasyPointsOpponent": 816.26, "RankScore": 0, "RankScoreOpponent": 0, "UserNameOpponent": "StrawMyers", "WinningValue": 0, "UpdateStatus": {"lastUpdateTime": "2020-10-15T14:12:47.7803336+00:00"}}, {"MegaDraftGroupId": 1, "MegaContestKey": "89460375", "MegaEntryKey": "2062654757", "UserName": "Redman_23", "UserKey": "12636867", "UserMegaEntryCount": 0, "UserMegaEntryIndex": 0, "TimeRemainingOpponent": 0, "Rank": 7, "FantasyPoints": 732.82, "FantasyPointsOpponent": 816.26, "RankScore": 0, "RankScoreOpponent": 0, "UserNameOpponent": "StrawMyers", "WinningValue": 0, "UpdateStatus": {"lastUpdateTime": "2020-10-15T14:12:47.7806101+00:00"}}, {"MegaDraftGroupId": 1, "MegaContestKey": "89460375", "MegaEntryKey": "2062649180", "UserName": "lgeezy", "UserKey": "2063505", "UserMegaEntryCount": 0, "UserMegaEntryIndex": 0, "TimeRemainingOpponent": 0, "Rank": 8, "FantasyPoints": 695.8, "FantasyPointsOpponent": 816.26, "RankScore": 0, "RankScoreOpponent": 0, "UserNameOpponent": "StrawMyers", "WinningValue": 0, "UpdateStatus": {"lastUpdateTime": "2020-10-15T14:12:47.7820569+00:00"}}, {"MegaDraftGroupId": 1, "MegaContestKey": "89460375", "MegaEntryKey": "2062674826", "UserName": "aaron1440", "UserKey": "1976693", "UserMegaEntryCount": 0, "UserMegaEntryIndex": 0, "TimeRemainingOpponent": 0, "Rank": 9, "FantasyPoints": 678.26, "FantasyPointsOpponent": 816.26, "RankScore": 0, "RankScoreOpponent": 0, "UserNameOpponent": "StrawMyers", "WinningValue": 0, "UpdateStatus": {"lastUpdateTime": "2020-10-15T14:12:47.7798567+00:00"}}, {"MegaDraftGroupId": 1, "MegaContestKey": "89460375", "MegaEntryKey": "2062647680", "UserName": "soxfan2021", "UserKey": "471669", "UserMegaEntryCount": 0, "UserMegaEntryIndex": 0, "TimeRemainingOpponent": 0, "Rank": 10, "FantasyPoints": 668.68, "FantasyPointsOpponent": 816.26, "RankScore": 0, "RankScoreOpponent": 0, "UserNameOpponent": "StrawMyers", "WinningValue": 0, "UpdateStatus": {"lastUpdateTime": "2020-10-15T14:12:47.8125662+00:00"}}, {"MegaDraftGroupId": 1, "MegaContestKey": "89460375", "MegaEntryKey": "2062665488", "UserName": "1KMH", "UserKey": "7801238", "UserMegaEntryCount": 0, "UserMegaEntryIndex": 0, "TimeRemainingOpponent": 0, "Rank": 11, "FantasyPoints": 638.22, "FantasyPointsOpponent": 816.26, "RankScore": 0, "RankScoreOpponent": 0, "UserNameOpponent": "StrawMyers", "WinningValue": 0, "UpdateStatus": {"lastUpdateTime": "2020-10-15T14:12:47.7667308+00:00"}}, {"MegaDraftGroupId": 1, "MegaContestKey": "89460375", "MegaEntryKey": "2062642481", "UserName": "kneales", "UserKey": "7334297", "UserMegaEntryCount": 0, "UserMegaEntryIndex": 0, "TimeRemainingOpponent": 0, "Rank": 12, "FantasyPoints": 621.82, "FantasyPointsOpponent": 816.26, "RankScore": 0, "RankScoreOpponent": 0, "UserNameOpponent": "StrawMyers", "WinningValue": 0, "UpdateStatus": {"lastUpdateTime": "2020-10-15T14:12:47.8095953+00:00"}}], "UpdateStatus": {"lastUpdateTime": "2020-10-15T14:12:47.8190108+00:00"}}