{"Leader": {"MegaDraftGroupId": 1, "MegaContestKey": "89552821", "MegaEntryKey": "2066195486", "UserName": "sansbacon", "UserKey": "725157", "UserMegaEntryCount": 0, "UserMegaEntryIndex": 0, "TimeRemainingOpponent": 0, "Rank": 1, "FantasyPoints": 948.26, "FantasyPointsOpponent": 947.06, "RankScore": 0, "RankScoreOpponent": 0, "UserNameOpponent": "paynetrain07", "WinningValue": 38, "Winnings": [{"value": 38, "description": "Cash"}], "UpdateStatus": {"lastUpdateTime": "2020-10-15T14:12:48.9802701+00:00"}}, "LastWinningMegaEntry": {"MegaDraftGroupId": 1, "MegaContestKey": "89552821", "MegaEntryKey": "2066200051", "UserName": "paynetrain07", "UserKey": "8094681", "UserMegaEntryCount": 0, "UserMegaEntryIndex": 0, "TimeRemainingOpponent": 0, "Rank": 2, "FantasyPoints": 947.06, "FantasyPointsOpponent": 948.26, "RankScore": 0, "RankScoreOpponent": 0, "UserNameOpponent": "sansbacon", "WinningValue": 16, "Winnings": [{"value": 16, "description": "Cash"}], "UpdateStatus": {"lastUpdateTime": "2020-10-15T14:12:48.9800940+00:00"}}, "Leaderboard": [{"MegaDraftGroupId": 1, "MegaContestKey": "89552821", "MegaEntryKey": "2066195486", "UserName": "sansbacon", "UserKey": "725157", "UserMegaEntryCount": 0, "UserMegaEntryIndex": 0, "TimeRemainingOpponent": 0, "Rank": 1, "FantasyPoints": 948.26, "FantasyPointsOpponent": 947.06, "RankScore": 0, "RankScoreOpponent": 0, "UserNameOpponent": "paynetrain07", "WinningValue": 38, "Winnings": [{"value": 38, "description": "Cash"}], "UpdateStatus": {"lastUpdateTime": "2020-10-15T14:12:48.9802701+00:00"}}, {"MegaDraftGroupId": 1, "MegaContestKey": "89552821", "MegaEntryKey": "2066200051", "UserName": "paynetrain07", "UserKey": "8094681", "UserMegaEntryCount": 0, "UserMegaEntryIndex": 0, "TimeRemainingOpponent": 0, "Rank": 2, "FantasyPoints": 947.06, "FantasyPointsOpponent": 948.26, "RankScore": 0, "RankScoreOpponent": 0, "UserNameOpponent": "sansbacon", "WinningValue": 16, "Winnings": [{"value": 16, "description": "Cash"}], "UpdateStatus": {"lastUpdateTime": "2020-10-15T14:12:48.9800940+00:00"}}, {"MegaDraftGroupId": 1, "MegaContestKey": "89552821", "MegaEntryKey": "2066120577", "UserName": "jayfrye85", "UserKey": "5742947", "UserMegaEntryCount": 0, "UserMegaEntryIndex": 0, "TimeRemainingOpponent": 0, "Rank": 3, "FantasyPoints": 891.96, "FantasyPointsOpponent": 948.26, "RankScore": 0, "RankScoreOpponent": 0, "UserNameOpponent": "sansbacon", "WinningValue": 0, "UpdateStatus": {"lastUpdateTime": "2020-10-15T14:12:48.9713917+00:00"}}, {"MegaDraftGroupId": 1, "MegaContestKey": "89552821", "MegaEntryKey": "2066195243", "UserName": "davea1", "UserKey": "12229727", "UserMegaEntryCount": 0, "UserMegaEntryIndex": 0, "TimeRemainingOpponent": 0, "Rank": 4, "FantasyPoints": 829.7, "FantasyPointsOpponent": 948.26, "RankScore": 0, "RankScoreOpponent": 0, "UserNameOpponent": "sansbacon", "WinningValue": 0, "UpdateStatus": {"lastUpdateTime": "2020-10-15T14:12:48.9804802+00:00"}}, {"MegaDraftGroupId": 1, "MegaContestKey": "89552821", "MegaEntryKey": "2066214424", "UserName": "canadiana", "UserKey": "691407", "UserMegaEntryCount": 0, "UserMegaEntryIndex": 0, "TimeRemainingOpponent": 0, "Rank": 5, "FantasyPoints": 820.76, "FantasyPointsOpponent": 948.26, "RankScore": 0, "RankScoreOpponent": 0, "UserNameOpponent": "sansbacon", "WinningValue": 0, "UpdateStatus": {"lastUpdateTime": "2020-10-15T14:12:48.9798860+00:00"}}, {"MegaDraftGroupId": 1, "MegaContestKey": "89552821", "MegaEntryKey": "2065559065", "UserName": "Not2BStopped", "UserKey": "708550", "UserMegaEntryCount": 0, "UserMegaEntryIndex": 0, "TimeRemainingOpponent": 0, "Rank": 6, "FantasyPoints": 0, "FantasyPointsOpponent": 948.26, "RankScore": 0, "RankScoreOpponent": 0, "UserNameOpponent": "sansbacon", "WinningValue": 0, "UpdateStatus": {"lastUpdateTime": "2020-10-15T14:12:48.9796469+00:00"}}], "UpdateStatus": {"lastUpdateTime": "2020-10-15T14:12:48.9829178+00:00"}}