{"Leader": {"MegaDraftGroupId": 1, "MegaContestKey": "89591981", "MegaEntryKey": "2066724919", "UserName": "ADpoker89", "UserKey": "7335381", "UserMegaEntryCount": 0, "UserMegaEntryIndex": 0, "TimeRemainingOpponent": 0, "Rank": 1, "FantasyPoints": 842.26, "FantasyPointsOpponent": 774.98, "RankScore": 0, "RankScoreOpponent": 0, "UserNameOpponent": "Thanksitsmymoms", "WinningValue": 5.6, "Winnings": [{"value": 5.6, "description": "Cash"}], "UpdateStatus": {"lastUpdateTime": "2020-10-15T14:12:48.9721085+00:00"}}, "LastWinningMegaEntry": {"MegaDraftGroupId": 1, "MegaContestKey": "89591981", "MegaEntryKey": "2066673814", "UserName": "Not2BStopped", "UserKey": "708550", "UserMegaEntryCount": 0, "UserMegaEntryIndex": 0, "TimeRemainingOpponent": 0, "Rank": 3, "FantasyPoints": 774.68, "FantasyPointsOpponent": 842.26, "RankScore": 0, "RankScoreOpponent": 0, "UserNameOpponent": "ADpoker89", "WinningValue": 1.8, "Winnings": [{"value": 1.8, "description": "Cash"}], "UpdateStatus": {"lastUpdateTime": "2020-10-15T14:12:48.9713815+00:00"}}, "Leaderboard": [{"MegaDraftGroupId": 1, "MegaContestKey": "89591981", "MegaEntryKey": "2066724919", "UserName": "ADpoker89", "UserKey": "7335381", "UserMegaEntryCount": 0, "UserMegaEntryIndex": 0, "TimeRemainingOpponent": 0, "Rank": 1, "FantasyPoints": 842.26, "FantasyPointsOpponent": 774.98, "RankScore": 0, "RankScoreOpponent": 0, "UserNameOpponent": "Thanksitsmymoms", "WinningValue": 5.6, "Winnings": [{"value": 5.6, "description": "Cash"}], "UpdateStatus": {"lastUpdateTime": "2020-10-15T14:12:48.9721085+00:00"}}, {"MegaDraftGroupId": 1, "MegaContestKey": "89591981", "MegaEntryKey": "2066732700", "UserName": "Thanksitsmymoms", "UserKey": "916711", "UserMegaEntryCount": 0, "UserMegaEntryIndex": 0, "TimeRemainingOpponent": 0, "Rank": 2, "FantasyPoints": 774.98, "FantasyPointsOpponent": 842.26, "RankScore": 0, "RankScoreOpponent": 0, "UserNameOpponent": "ADpoker89", "WinningValue": 3.4, "Winnings": [{"value": 3.4, "description": "Cash"}], "UpdateStatus": {"lastUpdateTime": "2020-10-15T14:12:48.9623449+00:00"}}, {"MegaDraftGroupId": 1, "MegaContestKey": "89591981", "MegaEntryKey": "2066673814", "UserName": "Not2BStopped", "UserKey": "708550", "UserMegaEntryCount": 0, "UserMegaEntryIndex": 0, "TimeRemainingOpponent": 0, "Rank": 3, "FantasyPoints": 774.68, "FantasyPointsOpponent": 842.26, "RankScore": 0, "RankScoreOpponent": 0, "UserNameOpponent": "ADpoker89", "WinningValue": 1.8, "Winnings": [{"value": 1.8, "description": "Cash"}], "UpdateStatus": {"lastUpdateTime": "2020-10-15T14:12:48.9713815+00:00"}}, {"MegaDraftGroupId": 1, "MegaContestKey": "89591981", "MegaEntryKey": "2066709998", "UserName": "jaredlinden", "UserKey": "5176018", "UserMegaEntryCount": 0, "UserMegaEntryIndex": 0, "TimeRemainingOpponent": 0, "Rank": 4, "FantasyPoints": 752.52, "FantasyPointsOpponent": 842.26, "RankScore": 0, "RankScoreOpponent": 0, "UserNameOpponent": "ADpoker89", "WinningValue": 0, "UpdateStatus": {"lastUpdateTime": "2020-10-15T14:12:48.9718158+00:00"}}, {"MegaDraftGroupId": 1, "MegaContestKey": "89591981", "MegaEntryKey": "2066736488", "UserName": "NOBOGZ", "UserKey": "1303440", "UserMegaEntryCount": 0, "UserMegaEntryIndex": 0, "TimeRemainingOpponent": 0, "Rank": 5, "FantasyPoints": 737.28, "FantasyPointsOpponent": 842.26, "RankScore": 0, "RankScoreOpponent": 0, "UserNameOpponent": "ADpoker89", "WinningValue": 0, "UpdateStatus": {"lastUpdateTime": "2020-10-15T14:12:48.9727386+00:00"}}, {"MegaDraftGroupId": 1, "MegaContestKey": "89591981", "MegaEntryKey": "2066720061", "UserName": "slickferris", "UserKey": "3319352", "UserMegaEntryCount": 0, "UserMegaEntryIndex": 0, "TimeRemainingOpponent": 0, "Rank": 6, "FantasyPoints": 735.8, "FantasyPointsOpponent": 842.26, "RankScore": 0, "RankScoreOpponent": 0, "UserNameOpponent": "ADpoker89", "WinningValue": 0, "UpdateStatus": {"lastUpdateTime": "2020-10-15T14:12:48.9670680+00:00"}}, {"MegaDraftGroupId": 1, "MegaContestKey": "89591981", "MegaEntryKey": "2066674267", "UserName": "MINDHUNTER1976", "UserKey": "8386623", "UserMegaEntryCount": 0, "UserMegaEntryIndex": 0, "TimeRemainingOpponent": 0, "Rank": 7, "FantasyPoints": 712.64, "FantasyPointsOpponent": 842.26, "RankScore": 0, "RankScoreOpponent": 0, "UserNameOpponent": "ADpoker89", "WinningValue": 0, "UpdateStatus": {"lastUpdateTime": "2020-10-15T14:12:48.9693092+00:00"}}, {"MegaDraftGroupId": 1, "MegaContestKey": "89591981", "MegaEntryKey": "2066735520", "UserName": "dallas119", "UserKey": "4603984", "UserMegaEntryCount": 0, "UserMegaEntryIndex": 0, "TimeRemainingOpponent": 0, "Rank": 8, "FantasyPoints": 644.34, "FantasyPointsOpponent": 842.26, "RankScore": 0, "RankScoreOpponent": 0, "UserNameOpponent": "ADpoker89", "WinningValue": 0, "UpdateStatus": {"lastUpdateTime": "2020-10-15T14:12:48.9697034+00:00"}}, {"MegaDraftGroupId": 1, "MegaContestKey": "89591981", "MegaEntryKey": "2066735309", "UserName": "sansbacon", "UserKey": "725157", "UserMegaEntryCount": 0, "UserMegaEntryIndex": 0, "TimeRemainingOpponent": 0, "Rank": 9, "FantasyPoints": 635.46, "FantasyPointsOpponent": 842.26, "RankScore": 0, "RankScoreOpponent": 0, "UserNameOpponent": "ADpoker89", "WinningValue": 0, "UpdateStatus": {"lastUpdateTime": "2020-10-15T14:12:48.9723947+00:00"}}, {"MegaDraftGroupId": 1, "MegaContestKey": "89591981", "MegaEntryKey": "2066676633", "UserName": "JTrauberman", "UserKey": "8674070", "UserMegaEntryCount": 0, "UserMegaEntryIndex": 0, "TimeRemainingOpponent": 0, "Rank": 10, "FantasyPoints": 623.18, "FantasyPointsOpponent": 842.26, "RankScore": 0, "RankScoreOpponent": 0, "UserNameOpponent": "ADpoker89", "WinningValue": 0, "UpdateStatus": {"lastUpdateTime": "2020-10-15T14:12:48.9699179+00:00"}}, {"MegaDraftGroupId": 1, "MegaContestKey": "89591981", "MegaEntryKey": "2066723661", "UserName": "Honestabe2016", "UserKey": "10476877", "UserMegaEntryCount": 0, "UserMegaEntryIndex": 0, "TimeRemainingOpponent": 0, "Rank": 11, "FantasyPoints": 561.32, "FantasyPointsOpponent": 842.26, "RankScore": 0, "RankScoreOpponent": 0, "UserNameOpponent": "ADpoker89", "WinningValue": 0, "UpdateStatus": {"lastUpdateTime": "2020-10-15T14:12:48.9664598+00:00"}}, {"MegaDraftGroupId": 1, "MegaContestKey": "89591981", "MegaEntryKey": "2066495529", "UserName": "pkress86", "UserKey": "4259812", "UserMegaEntryCount": 0, "UserMegaEntryIndex": 0, "TimeRemainingOpponent": 0, "Rank": 12, "FantasyPoints": 0, "FantasyPointsOpponent": 842.26, "RankScore": 0, "RankScoreOpponent": 0, "UserNameOpponent": "ADpoker89", "WinningValue": 0, "UpdateStatus": {"lastUpdateTime": "2020-10-15T14:12:48.9680677+00:00"}}], "UpdateStatus": {"lastUpdateTime": "2020-10-15T14:12:49.0039005+00:00"}}