{"href": "/scores/v1/contests/89599725/", "contestKey": "89599725", "leader": {"draftGroupId": 37605, "contestKey": "89599725", "entryKey": "2066729564", "lineupId": 2546666833, "userName": "Gutterball836", "userKey": "5734084", "userEntryCount": 1, "userEntryIndex": 1, "timeRemaining": 60, "timeRemainingUnit": "PMR", "maxTimeRemaining": 1200, "timeRemainingOpponent": 121.5, "rank": 1, "fantasyPoints": 221.3, "fantasyPointsOpponent": 189.14, "userNameOpponent": "sansbacon", "winningValue": 0}, "leaderBoard": [{"draftGroupId": 37605, "contestKey": "89599725", "entryKey": "2066729564", "lineupId": 2546666833, "userName": "Gutterball836", "userKey": "5734084", "userEntryCount": 1, "userEntryIndex": 1, "timeRemaining": 60, "timeRemainingUnit": "PMR", "maxTimeRemaining": 1200, "timeRemainingOpponent": 121.5, "rank": 1, "fantasyPoints": 221.3, "fantasyPointsOpponent": 189.14, "userNameOpponent": "sansbacon", "winningValue": 0}, {"draftGroupId": 37605, "contestKey": "89599725", "entryKey": "2066729349", "lineupId": 2546666832, "userName": "sansbacon", "userKey": "725157", "userEntryCount": 1, "userEntryIndex": 1, "timeRemaining": 121.5, "timeRemainingUnit": "PMR", "maxTimeRemaining": 1200, "timeRemainingOpponent": 60, "rank": 2, "fantasyPoints": 189.14, "fantasyPointsOpponent": 221.3, "userNameOpponent": "Gutterball836", "winningValue": 0}, {"draftGroupId": 37605, "contestKey": "89599725", "entryKey": "2066728942", "lineupId": 2546666831, "userName": "ragepaladin", "userKey": "5709356", "userEntryCount": 1, "userEntryIndex": 1, "timeRemaining": 80.5, "timeRemainingUnit": "PMR", "maxTimeRemaining": 1200, "timeRemainingOpponent": 60, "rank": 3, "fantasyPoints": 180.58, "fantasyPointsOpponent": 221.3, "userNameOpponent": "Gutterball836", "winningValue": 0}]}