{"Leader": {"MegaDraftGroupId": 1, "MegaContestKey": "89599600", "MegaEntryKey": "2066714301", "UserName": "JoeDzy", "UserKey": "6323407", "UserMegaEntryCount": 0, "UserMegaEntryIndex": 0, "TimeRemainingOpponent": 0, "Rank": 1, "FantasyPoints": 1038.66, "FantasyPointsOpponent": 1010.3, "RankScore": 0, "RankScoreOpponent": 0, "UserNameOpponent": "ikejake98", "WinningValue": 2.7, "Winnings": [{"value": 2.7, "description": "Cash"}], "UpdateStatus": {"lastUpdateTime": "2020-10-15T14:12:48.8003538+00:00"}}, "LastWinningMegaEntry": {"MegaDraftGroupId": 1, "MegaContestKey": "89599600", "MegaEntryKey": "2066714301", "UserName": "JoeDzy", "UserKey": "6323407", "UserMegaEntryCount": 0, "UserMegaEntryIndex": 0, "TimeRemainingOpponent": 0, "Rank": 1, "FantasyPoints": 1038.66, "FantasyPointsOpponent": 1010.3, "RankScore": 0, "RankScoreOpponent": 0, "UserNameOpponent": "ikejake98", "WinningValue": 2.7, "Winnings": [{"value": 2.7, "description": "Cash"}], "UpdateStatus": {"lastUpdateTime": "2020-10-15T14:12:48.8003538+00:00"}}, "Leaderboard": [{"MegaDraftGroupId": 1, "MegaContestKey": "89599600", "MegaEntryKey": "2066714301", "UserName": "JoeDzy", "UserKey": "6323407", "UserMegaEntryCount": 0, "UserMegaEntryIndex": 0, "TimeRemainingOpponent": 0, "Rank": 1, "FantasyPoints": 1038.66, "FantasyPointsOpponent": 1010.3, "RankScore": 0, "RankScoreOpponent": 0, "UserNameOpponent": "ikejake98", "WinningValue": 2.7, "Winnings": [{"value": 2.7, "description": "Cash"}], "UpdateStatus": {"lastUpdateTime": "2020-10-15T14:12:48.8003538+00:00"}}, {"MegaDraftGroupId": 1, "MegaContestKey": "89599600", "MegaEntryKey": "2066711690", "UserName": "ikejake98", "UserKey": "7271126", "UserMegaEntryCount": 0, "UserMegaEntryIndex": 0, "TimeRemainingOpponent": 0, "Rank": 2, "FantasyPoints": 1010.3, "FantasyPointsOpponent": 1038.66, "RankScore": 0, "RankScoreOpponent": 0, "UserNameOpponent": "JoeDzy", "WinningValue": 0, "UpdateStatus": {"lastUpdateTime": "2020-10-15T14:12:48.8005336+00:00"}}, {"MegaDraftGroupId": 1, "MegaContestKey": "89599600", "MegaEntryKey": "2066721647", "UserName": "sansbacon", "UserKey": "725157", "UserMegaEntryCount": 0, "UserMegaEntryIndex": 0, "TimeRemainingOpponent": 0, "Rank": 3, "FantasyPoints": 956.54, "FantasyPointsOpponent": 1038.66, "RankScore": 0, "RankScoreOpponent": 0, "UserNameOpponent": "JoeDzy", "WinningValue": 0, "UpdateStatus": {"lastUpdateTime": "2020-10-15T14:12:48.8009039+00:00"}}], "UpdateStatus": {"lastUpdateTime": "2020-10-15T14:12:48.8012477+00:00"}}