{"href": "/scores/v1/contests/89599600/", "contestKey": "89599600", "leader": {"draftGroupId": 37605, "contestKey": "89599600", "entryKey": "2066714301", "lineupId": 2546659935, "userName": "JoeDzy", "userKey": "6323407", "userEntryCount": 1, "userEntryIndex": 1, "timeRemaining": 80.25, "timeRemainingUnit": "PMR", "maxTimeRemaining": 1200, "timeRemainingOpponent": 80.25, "rank": 1, "fantasyPoints": 209.5, "fantasyPointsOpponent": 202.58, "userNameOpponent": "ikejake98", "winningValue": 0}, "leaderBoard": [{"draftGroupId": 37605, "contestKey": "89599600", "entryKey": "2066714301", "lineupId": 2546659935, "userName": "JoeDzy", "userKey": "6323407", "userEntryCount": 1, "userEntryIndex": 1, "timeRemaining": 80.25, "timeRemainingUnit": "PMR", "maxTimeRemaining": 1200, "timeRemainingOpponent": 80.25, "rank": 1, "fantasyPoints": 209.5, "fantasyPointsOpponent": 202.58, "userNameOpponent": "ikejake98", "winningValue": 0}, {"draftGroupId": 37605, "contestKey": "89599600", "entryKey": "2066711690", "lineupId": 2546659934, "userName": "ikejake98", "userKey": "7271126", "userEntryCount": 1, "userEntryIndex": 1, "timeRemaining": 80.25, "timeRemainingUnit": "PMR", "maxTimeRemaining": 1200, "timeRemainingOpponent": 80.25, "rank": 2, "fantasyPoints": 202.58, "fantasyPointsOpponent": 209.5, "userNameOpponent": "JoeDzy", "winningValue": 0}, {"draftGroupId": 37605, "contestKey": "89599600", "entryKey": "2066721647", "lineupId": 2546659936, "userName": "sansbacon", "userKey": "725157", "userEntryCount": 1, "userEntryIndex": 1, "timeRemaining": 80.25, "timeRemainingUnit": "PMR", "maxTimeRemaining": 1200, "timeRemainingOpponent": 80.25, "rank": 3, "fantasyPoints": 183.38, "fantasyPointsOpponent": 209.5, "userNameOpponent": "JoeDzy", "winningValue": 0}]}