{"Leader": {"MegaDraftGroupId": 1, "MegaContestKey": "89599725", "MegaEntryKey": "2066728942", "UserName": "ragepaladin", "UserKey": "5709356", "UserMegaEntryCount": 0, "UserMegaEntryIndex": 0, "TimeRemainingOpponent": 0, "Rank": 1, "FantasyPoints": 1079.3, "FantasyPointsOpponent": 1010.26, "RankScore": 0, "RankScoreOpponent": 0, "UserNameOpponent": "Gutterball836", "WinningValue": 2.7, "Winnings": [{"value": 2.7, "description": "Cash"}], "UpdateStatus": {"lastUpdateTime": "2020-10-15T14:12:48.9372444+00:00"}}, "LastWinningMegaEntry": {"MegaDraftGroupId": 1, "MegaContestKey": "89599725", "MegaEntryKey": "2066728942", "UserName": "ragepaladin", "UserKey": "5709356", "UserMegaEntryCount": 0, "UserMegaEntryIndex": 0, "TimeRemainingOpponent": 0, "Rank": 1, "FantasyPoints": 1079.3, "FantasyPointsOpponent": 1010.26, "RankScore": 0, "RankScoreOpponent": 0, "UserNameOpponent": "Gutterball836", "WinningValue": 2.7, "Winnings": [{"value": 2.7, "description": "Cash"}], "UpdateStatus": {"lastUpdateTime": "2020-10-15T14:12:48.9372444+00:00"}}, "Leaderboard": [{"MegaDraftGroupId": 1, "MegaContestKey": "89599725", "MegaEntryKey": "2066728942", "UserName": "ragepaladin", "UserKey": "5709356", "UserMegaEntryCount": 0, "UserMegaEntryIndex": 0, "TimeRemainingOpponent": 0, "Rank": 1, "FantasyPoints": 1079.3, "FantasyPointsOpponent": 1010.26, "RankScore": 0, "RankScoreOpponent": 0, "UserNameOpponent": "Gutterball836", "WinningValue": 2.7, "Winnings": [{"value": 2.7, "description": "Cash"}], "UpdateStatus": {"lastUpdateTime": "2020-10-15T14:12:48.9372444+00:00"}}, {"MegaDraftGroupId": 1, "MegaContestKey": "89599725", "MegaEntryKey": "2066729564", "UserName": "Gutterball836", "UserKey": "5734084", "UserMegaEntryCount": 0, "UserMegaEntryIndex": 0, "TimeRemainingOpponent": 0, "Rank": 2, "FantasyPoints": 1010.26, "FantasyPointsOpponent": 1079.3, "RankScore": 0, "RankScoreOpponent": 0, "UserNameOpponent": "ragepaladin", "WinningValue": 0, "UpdateStatus": {"lastUpdateTime": "2020-10-15T14:12:48.9309374+00:00"}}, {"MegaDraftGroupId": 1, "MegaContestKey": "89599725", "MegaEntryKey": "2066729349", "UserName": "sansbacon", "UserKey": "725157", "UserMegaEntryCount": 0, "UserMegaEntryIndex": 0, "TimeRemainingOpponent": 0, "Rank": 3, "FantasyPoints": 972.02, "FantasyPointsOpponent": 1079.3, "RankScore": 0, "RankScoreOpponent": 0, "UserNameOpponent": "ragepaladin", "WinningValue": 0, "UpdateStatus": {"lastUpdateTime": "2020-10-15T14:12:48.9312628+00:00"}}], "UpdateStatus": {"lastUpdateTime": "2020-10-15T14:12:48.9534137+00:00"}}