{"href": "/scores/v1/contests/89601401/", "contestKey": "89601401", "leader": {"draftGroupId": 37605, "contestKey": "89601401", "entryKey": "2066806375", "lineupId": 2546706815, "userName": "sansbacon", "userKey": "725157", "userEntryCount": 1, "userEntryIndex": 1, "timeRemaining": 101, "timeRemainingUnit": "PMR", "maxTimeRemaining": 1200, "timeRemainingOpponent": 41, "rank": 1, "fantasyPoints": 217.88, "fantasyPointsOpponent": 208.52, "userNameOpponent": "khaan", "winningValue": 0}, "leaderBoard": [{"draftGroupId": 37605, "contestKey": "89601401", "entryKey": "2066806375", "lineupId": 2546706815, "userName": "sansbacon", "userKey": "725157", "userEntryCount": 1, "userEntryIndex": 1, "timeRemaining": 101, "timeRemainingUnit": "PMR", "maxTimeRemaining": 1200, "timeRemainingOpponent": 41, "rank": 1, "fantasyPoints": 217.88, "fantasyPointsOpponent": 208.52, "userNameOpponent": "khaan", "winningValue": 0}, {"draftGroupId": 37605, "contestKey": "89601401", "entryKey": "2066804390", "lineupId": 2546706814, "userName": "khaan", "userKey": "9263126", "userEntryCount": 1, "userEntryIndex": 1, "timeRemaining": 41, "timeRemainingUnit": "PMR", "maxTimeRemaining": 1200, "timeRemainingOpponent": 101, "rank": 2, "fantasyPoints": 208.52, "fantasyPointsOpponent": 217.88, "userNameOpponent": "sansbacon", "winningValue": 0}, {"draftGroupId": 37605, "contestKey": "89601401", "entryKey": "2066808508", "lineupId": 2546706816, "userName": "twinone63", "userKey": "1210913", "userEntryCount": 1, "userEntryIndex": 1, "timeRemaining": 120, "timeRemainingUnit": "PMR", "maxTimeRemaining": 1200, "timeRemainingOpponent": 101, "rank": 3, "fantasyPoints": 175.68, "fantasyPointsOpponent": 217.88, "userNameOpponent": "sansbacon", "winningValue": 0}]}