{"Leader": {"MegaDraftGroupId": 1, "MegaContestKey": "89601401", "MegaEntryKey": "2066804390", "UserName": "khaan", "UserKey": "9263126", "UserMegaEntryCount": 0, "UserMegaEntryIndex": 0, "TimeRemainingOpponent": 0, "Rank": 1, "FantasyPoints": 1030, "FantasyPointsOpponent": 1028.7, "RankScore": 0, "RankScoreOpponent": 0, "UserNameOpponent": "sansbacon", "WinningValue": 2.7, "Winnings": [{"value": 2.7, "description": "Cash"}], "UpdateStatus": {"lastUpdateTime": "2020-10-15T14:12:49.0083926+00:00"}}, "LastWinningMegaEntry": {"MegaDraftGroupId": 1, "MegaContestKey": "89601401", "MegaEntryKey": "2066804390", "UserName": "khaan", "UserKey": "9263126", "UserMegaEntryCount": 0, "UserMegaEntryIndex": 0, "TimeRemainingOpponent": 0, "Rank": 1, "FantasyPoints": 1030, "FantasyPointsOpponent": 1028.7, "RankScore": 0, "RankScoreOpponent": 0, "UserNameOpponent": "sansbacon", "WinningValue": 2.7, "Winnings": [{"value": 2.7, "description": "Cash"}], "UpdateStatus": {"lastUpdateTime": "2020-10-15T14:12:49.0083926+00:00"}}, "Leaderboard": [{"MegaDraftGroupId": 1, "MegaContestKey": "89601401", "MegaEntryKey": "2066804390", "UserName": "khaan", "UserKey": "9263126", "UserMegaEntryCount": 0, "UserMegaEntryIndex": 0, "TimeRemainingOpponent": 0, "Rank": 1, "FantasyPoints": 1030, "FantasyPointsOpponent": 1028.7, "RankScore": 0, "RankScoreOpponent": 0, "UserNameOpponent": "sansbacon", "WinningValue": 2.7, "Winnings": [{"value": 2.7, "description": "Cash"}], "UpdateStatus": {"lastUpdateTime": "2020-10-15T14:12:49.0083926+00:00"}}, {"MegaDraftGroupId": 1, "MegaContestKey": "89601401", "MegaEntryKey": "2066806375", "UserName": "sansbacon", "UserKey": "725157", "UserMegaEntryCount": 0, "UserMegaEntryIndex": 0, "TimeRemainingOpponent": 0, "Rank": 2, "FantasyPoints": 1028.7, "FantasyPointsOpponent": 1030, "RankScore": 0, "RankScoreOpponent": 0, "UserNameOpponent": "khaan", "WinningValue": 0, "UpdateStatus": {"lastUpdateTime": "2020-10-15T14:12:48.9913767+00:00"}}, {"MegaDraftGroupId": 1, "MegaContestKey": "89601401", "MegaEntryKey": "2066808508", "UserName": "twinone63", "UserKey": "1210913", "UserMegaEntryCount": 0, "UserMegaEntryIndex": 0, "TimeRemainingOpponent": 0, "Rank": 3, "FantasyPoints": 998.5, "FantasyPointsOpponent": 1030, "RankScore": 0, "RankScoreOpponent": 0, "UserNameOpponent": "khaan", "WinningValue": 0, "UpdateStatus": {"lastUpdateTime": "2020-10-15T14:12:48.9906676+00:00"}}], "UpdateStatus": {"lastUpdateTime": "2020-10-15T14:12:49.0180444+00:00"}}