{"href": "/scores/v1/contests/89624837/", "contestKey": "89624837", "leader": {"draftGroupId": 37605, "contestKey": "89624837", "entryKey": "2067645097", "lineupId": 2547648649, "userName": "sansbacon", "userKey": "725157", "userEntryCount": 1, "userEntryIndex": 1, "timeRemaining": 101, "timeRemainingUnit": "PMR", "maxTimeRemaining": 1200, "timeRemainingOpponent": 140.5, "rank": 1, "fantasyPoints": 207.5, "fantasyPointsOpponent": 203.98, "userNameOpponent": "rocky1865", "winningValue": 0}, "leaderBoard": [{"draftGroupId": 37605, "contestKey": "89624837", "entryKey": "2067645097", "lineupId": 2547648649, "userName": "sansbacon", "userKey": "725157", "userEntryCount": 1, "userEntryIndex": 1, "timeRemaining": 101, "timeRemainingUnit": "PMR", "maxTimeRemaining": 1200, "timeRemainingOpponent": 140.5, "rank": 1, "fantasyPoints": 207.5, "fantasyPointsOpponent": 203.98, "userNameOpponent": "rocky1865", "winningValue": 0}, {"draftGroupId": 37605, "contestKey": "89624837", "entryKey": "2067616666", "lineupId": 2547648647, "userName": "rocky1865", "userKey": "6247001", "userEntryCount": 1, "userEntryIndex": 1, "timeRemaining": 140.5, "timeRemainingUnit": "PMR", "maxTimeRemaining": 1200, "timeRemainingOpponent": 101, "rank": 2, "fantasyPoints": 203.98, "fantasyPointsOpponent": 207.5, "userNameOpponent": "sansbacon", "winningValue": 0}, {"draftGroupId": 37605, "contestKey": "89624837", "entryKey": "2067634354", "lineupId": 2547648648, "userName": "relay", "userKey": "430451", "userEntryCount": 1, "userEntryIndex": 1, "timeRemaining": 80.5, "timeRemainingUnit": "PMR", "maxTimeRemaining": 1200, "timeRemainingOpponent": 101, "rank": 3, "fantasyPoints": 192.58, "fantasyPointsOpponent": 207.5, "userNameOpponent": "sansbacon", "winningValue": 0}]}