{"Leader": {"MegaDraftGroupId": 1, "MegaContestKey": "89624837", "MegaEntryKey": "2067616666", "UserName": "rocky1865", "UserKey": "6247001", "UserMegaEntryCount": 0, "UserMegaEntryIndex": 0, "TimeRemainingOpponent": 0, "Rank": 1, "FantasyPoints": 1051.52, "FantasyPointsOpponent": 974.64, "RankScore": 0, "RankScoreOpponent": 0, "UserNameOpponent": "sansbacon", "WinningValue": 27, "Winnings": [{"value": 27, "description": "Cash"}], "UpdateStatus": {"lastUpdateTime": "2020-10-15T14:12:49.3183679+00:00"}}, "LastWinningMegaEntry": {"MegaDraftGroupId": 1, "MegaContestKey": "89624837", "MegaEntryKey": "2067616666", "UserName": "rocky1865", "UserKey": "6247001", "UserMegaEntryCount": 0, "UserMegaEntryIndex": 0, "TimeRemainingOpponent": 0, "Rank": 1, "FantasyPoints": 1051.52, "FantasyPointsOpponent": 974.64, "RankScore": 0, "RankScoreOpponent": 0, "UserNameOpponent": "sansbacon", "WinningValue": 27, "Winnings": [{"value": 27, "description": "Cash"}], "UpdateStatus": {"lastUpdateTime": "2020-10-15T14:12:49.3183679+00:00"}}, "Leaderboard": [{"MegaDraftGroupId": 1, "MegaContestKey": "89624837", "MegaEntryKey": "2067616666", "UserName": "rocky1865", "UserKey": "6247001", "UserMegaEntryCount": 0, "UserMegaEntryIndex": 0, "TimeRemainingOpponent": 0, "Rank": 1, "FantasyPoints": 1051.52, "FantasyPointsOpponent": 974.64, "RankScore": 0, "RankScoreOpponent": 0, "UserNameOpponent": "sansbacon", "WinningValue": 27, "Winnings": [{"value": 27, "description": "Cash"}], "UpdateStatus": {"lastUpdateTime": "2020-10-15T14:12:49.3183679+00:00"}}, {"MegaDraftGroupId": 1, "MegaContestKey": "89624837", "MegaEntryKey": "2067645097", "UserName": "sansbacon", "UserKey": "725157", "UserMegaEntryCount": 0, "UserMegaEntryIndex": 0, "TimeRemainingOpponent": 0, "Rank": 2, "FantasyPoints": 974.64, "FantasyPointsOpponent": 1051.52, "RankScore": 0, "RankScoreOpponent": 0, "UserNameOpponent": "rocky1865", "WinningValue": 0, "UpdateStatus": {"lastUpdateTime": "2020-10-15T14:12:49.3198871+00:00"}}, {"MegaDraftGroupId": 1, "MegaContestKey": "89624837", "MegaEntryKey": "2067634354", "UserName": "relay", "UserKey": "430451", "UserMegaEntryCount": 0, "UserMegaEntryIndex": 0, "TimeRemainingOpponent": 0, "Rank": 3, "FantasyPoints": 957.56, "FantasyPointsOpponent": 1051.52, "RankScore": 0, "RankScoreOpponent": 0, "UserNameOpponent": "rocky1865", "WinningValue": 0, "UpdateStatus": {"lastUpdateTime": "2020-10-15T14:12:49.3473291+00:00"}}], "UpdateStatus": {"lastUpdateTime": "2020-10-15T14:12:49.3506751+00:00"}}