{"href": "/scores/v1/contests/89646230/", "contestKey": "89646230", "leader": {"draftGroupId": 37605, "contestKey": "89646230", "entryKey": "2068074714", "lineupId": 2548293491, "userName": "rocky1865", "userKey": "6247001", "userEntryCount": 1, "userEntryIndex": 1, "timeRemaining": 120, "timeRemainingUnit": "PMR", "maxTimeRemaining": 1200, "timeRemainingOpponent": 41, "rank": 1, "fantasyPoints": 224.88, "fantasyPointsOpponent": 206.2, "userNameOpponent": "tlionelli", "winningValue": 0}, "leaderBoard": [{"draftGroupId": 37605, "contestKey": "89646230", "entryKey": "2068074714", "lineupId": 2548293491, "userName": "rocky1865", "userKey": "6247001", "userEntryCount": 1, "userEntryIndex": 1, "timeRemaining": 120, "timeRemainingUnit": "PMR", "maxTimeRemaining": 1200, "timeRemainingOpponent": 41, "rank": 1, "fantasyPoints": 224.88, "fantasyPointsOpponent": 206.2, "userNameOpponent": "tlionelli", "winningValue": 0}, {"draftGroupId": 37605, "contestKey": "89646230", "entryKey": "2068080308", "lineupId": 2548293492, "userName": "tlionelli", "userKey": "1657712", "userEntryCount": 1, "userEntryIndex": 1, "timeRemaining": 41, "timeRemainingUnit": "PMR", "maxTimeRemaining": 1200, "timeRemainingOpponent": 120, "rank": 2, "fantasyPoints": 206.2, "fantasyPointsOpponent": 224.88, "userNameOpponent": "rocky1865", "winningValue": 0}, {"draftGroupId": 37605, "contestKey": "89646230", "entryKey": "2068089998", "lineupId": 2548293493, "userName": "sansbacon", "userKey": "725157", "userEntryCount": 1, "userEntryIndex": 1, "timeRemaining": 80.5, "timeRemainingUnit": "PMR", "maxTimeRemaining": 1200, "timeRemainingOpponent": 120, "rank": 3, "fantasyPoints": 169.16, "fantasyPointsOpponent": 224.88, "userNameOpponent": "rocky1865", "winningValue": 0}]}