{"href": "/scores/v1/contests/89645425/", "contestKey": "89645425", "leader": {"draftGroupId": 37605, "contestKey": "89645425", "entryKey": "2068063564", "lineupId": 2548281306, "userName": "thehydrologist", "userKey": "3258755", "userEntryCount": 1, "userEntryIndex": 1, "timeRemaining": 101, "timeRemainingUnit": "PMR", "maxTimeRemaining": 1200, "timeRemainingOpponent": 0, "rank": 1, "fantasyPoints": 215.38, "fantasyPointsOpponent": 208.6, "userNameOpponent": "supermannbataman", "winningValue": 0}, "leaderBoard": [{"draftGroupId": 37605, "contestKey": "89645425", "entryKey": "2068063564", "lineupId": 2548281306, "userName": "thehydrologist", "userKey": "3258755", "userEntryCount": 1, "userEntryIndex": 1, "timeRemaining": 101, "timeRemainingUnit": "PMR", "maxTimeRemaining": 1200, "timeRemainingOpponent": 0, "rank": 1, "fantasyPoints": 215.38, "fantasyPointsOpponent": 208.6, "userNameOpponent": "supermannbataman", "winningValue": 0}, {"draftGroupId": 37605, "contestKey": "89645425", "entryKey": "2068055643", "lineupId": 2548281305, "userName": "supermannbataman", "userKey": "188357", "userEntryCount": 1, "userEntryIndex": 1, "timeRemaining": 0, "timeRemainingUnit": "PMR", "maxTimeRemaining": 1200, "timeRemainingOpponent": 101, "rank": 2, "fantasyPoints": 208.6, "fantasyPointsOpponent": 215.38, "userNameOpponent": "thehydrologist", "winningValue": 0}, {"draftGroupId": 37605, "contestKey": "89645425", "entryKey": "2068070823", "lineupId": 2548281307, "userName": "sansbacon", "userKey": "725157", "userEntryCount": 1, "userEntryIndex": 1, "timeRemaining": 161, "timeRemainingUnit": "PMR", "maxTimeRemaining": 1200, "timeRemainingOpponent": 101, "rank": 3, "fantasyPoints": 154.14, "fantasyPointsOpponent": 215.38, "userNameOpponent": "thehydrologist", "winningValue": 0}]}