{"Leader": {"MegaDraftGroupId": 1, "MegaContestKey": "89645425", "MegaEntryKey": "2068055643", "UserName": "supermannbataman", "UserKey": "188357", "UserMegaEntryCount": 0, "UserMegaEntryIndex": 0, "TimeRemainingOpponent": 0, "Rank": 1, "FantasyPoints": 1106.66, "FantasyPointsOpponent": 960.84, "RankScore": 0, "RankScoreOpponent": 0, "UserNameOpponent": "thehydrologist", "WinningValue": 2.7, "Winnings": [{"value": 2.7, "description": "Cash"}], "UpdateStatus": {"lastUpdateTime": "2020-10-15T14:12:49.2121008+00:00"}}, "LastWinningMegaEntry": {"MegaDraftGroupId": 1, "MegaContestKey": "89645425", "MegaEntryKey": "2068055643", "UserName": "supermannbataman", "UserKey": "188357", "UserMegaEntryCount": 0, "UserMegaEntryIndex": 0, "TimeRemainingOpponent": 0, "Rank": 1, "FantasyPoints": 1106.66, "FantasyPointsOpponent": 960.84, "RankScore": 0, "RankScoreOpponent": 0, "UserNameOpponent": "thehydrologist", "WinningValue": 2.7, "Winnings": [{"value": 2.7, "description": "Cash"}], "UpdateStatus": {"lastUpdateTime": "2020-10-15T14:12:49.2121008+00:00"}}, "Leaderboard": [{"MegaDraftGroupId": 1, "MegaContestKey": "89645425", "MegaEntryKey": "2068055643", "UserName": "supermannbataman", "UserKey": "188357", "UserMegaEntryCount": 0, "UserMegaEntryIndex": 0, "TimeRemainingOpponent": 0, "Rank": 1, "FantasyPoints": 1106.66, "FantasyPointsOpponent": 960.84, "RankScore": 0, "RankScoreOpponent": 0, "UserNameOpponent": "thehydrologist", "WinningValue": 2.7, "Winnings": [{"value": 2.7, "description": "Cash"}], "UpdateStatus": {"lastUpdateTime": "2020-10-15T14:12:49.2121008+00:00"}}, {"MegaDraftGroupId": 1, "MegaContestKey": "89645425", "MegaEntryKey": "2068063564", "UserName": "thehydrologist", "UserKey": "3258755", "UserMegaEntryCount": 0, "UserMegaEntryIndex": 0, "TimeRemainingOpponent": 0, "Rank": 2, "FantasyPoints": 960.84, "FantasyPointsOpponent": 1106.66, "RankScore": 0, "RankScoreOpponent": 0, "UserNameOpponent": "supermannbataman", "WinningValue": 0, "UpdateStatus": {"lastUpdateTime": "2020-10-15T14:12:49.2119653+00:00"}}, {"MegaDraftGroupId": 1, "MegaContestKey": "89645425", "MegaEntryKey": "2068070823", "UserName": "sansbacon", "UserKey": "725157", "UserMegaEntryCount": 0, "UserMegaEntryIndex": 0, "TimeRemainingOpponent": 0, "Rank": 3, "FantasyPoints": 933.52, "FantasyPointsOpponent": 1106.66, "RankScore": 0, "RankScoreOpponent": 0, "UserNameOpponent": "supermannbataman", "WinningValue": 0, "UpdateStatus": {"lastUpdateTime": "2020-10-15T14:12:49.2107460+00:00"}}], "UpdateStatus": {"lastUpdateTime": "2020-10-15T14:12:49.2123391+00:00"}}