{"Leader": {"MegaDraftGroupId": 1, "MegaContestKey": "89646230", "MegaEntryKey": "2068074714", "UserName": "rocky1865", "UserKey": "6247001", "UserMegaEntryCount": 0, "UserMegaEntryIndex": 0, "TimeRemainingOpponent": 0, "Rank": 1, "FantasyPoints": 1020.22, "FantasyPointsOpponent": 989.66, "RankScore": 0, "RankScoreOpponent": 0, "UserNameOpponent": "sansbacon", "WinningValue": 27, "Winnings": [{"value": 27, "description": "Cash"}], "UpdateStatus": {"lastUpdateTime": "2020-10-15T14:12:49.2493193+00:00"}}, "LastWinningMegaEntry": {"MegaDraftGroupId": 1, "MegaContestKey": "89646230", "MegaEntryKey": "2068074714", "UserName": "rocky1865", "UserKey": "6247001", "UserMegaEntryCount": 0, "UserMegaEntryIndex": 0, "TimeRemainingOpponent": 0, "Rank": 1, "FantasyPoints": 1020.22, "FantasyPointsOpponent": 989.66, "RankScore": 0, "RankScoreOpponent": 0, "UserNameOpponent": "sansbacon", "WinningValue": 27, "Winnings": [{"value": 27, "description": "Cash"}], "UpdateStatus": {"lastUpdateTime": "2020-10-15T14:12:49.2493193+00:00"}}, "Leaderboard": [{"MegaDraftGroupId": 1, "MegaContestKey": "89646230", "MegaEntryKey": "2068074714", "UserName": "rocky1865", "UserKey": "6247001", "UserMegaEntryCount": 0, "UserMegaEntryIndex": 0, "TimeRemainingOpponent": 0, "Rank": 1, "FantasyPoints": 1020.22, "FantasyPointsOpponent": 989.66, "RankScore": 0, "RankScoreOpponent": 0, "UserNameOpponent": "sansbacon", "WinningValue": 27, "Winnings": [{"value": 27, "description": "Cash"}], "UpdateStatus": {"lastUpdateTime": "2020-10-15T14:12:49.2493193+00:00"}}, {"MegaDraftGroupId": 1, "MegaContestKey": "89646230", "MegaEntryKey": "2068089998", "UserName": "sansbacon", "UserKey": "725157", "UserMegaEntryCount": 0, "UserMegaEntryIndex": 0, "TimeRemainingOpponent": 0, "Rank": 2, "FantasyPoints": 989.66, "FantasyPointsOpponent": 1020.22, "RankScore": 0, "RankScoreOpponent": 0, "UserNameOpponent": "rocky1865", "WinningValue": 0, "UpdateStatus": {"lastUpdateTime": "2020-10-15T14:12:49.3192674+00:00"}}, {"MegaDraftGroupId": 1, "MegaContestKey": "89646230", "MegaEntryKey": "2068080308", "UserName": "tlionelli", "UserKey": "1657712", "UserMegaEntryCount": 0, "UserMegaEntryIndex": 0, "TimeRemainingOpponent": 0, "Rank": 3, "FantasyPoints": 986.08, "FantasyPointsOpponent": 1020.22, "RankScore": 0, "RankScoreOpponent": 0, "UserNameOpponent": "rocky1865", "WinningValue": 0, "UpdateStatus": {"lastUpdateTime": "2020-10-15T14:12:49.2490278+00:00"}}], "UpdateStatus": {"lastUpdateTime": "2020-10-15T14:12:49.3196059+00:00"}}