{"Leader": {"MegaDraftGroupId": 1, "MegaContestKey": "89646591", "MegaEntryKey": "2068091828", "UserName": "rocky1865", "UserKey": "6247001", "UserMegaEntryCount": 0, "UserMegaEntryIndex": 0, "TimeRemainingOpponent": 0, "Rank": 1, "FantasyPoints": 1061.94, "FantasyPointsOpponent": 1030.46, "RankScore": 0, "RankScoreOpponent": 0, "UserNameOpponent": "sansbacon", "WinningValue": 27, "Winnings": [{"value": 27, "description": "Cash"}], "UpdateStatus": {"lastUpdateTime": "2020-10-15T14:12:49.3047455+00:00"}}, "LastWinningMegaEntry": {"MegaDraftGroupId": 1, "MegaContestKey": "89646591", "MegaEntryKey": "2068091828", "UserName": "rocky1865", "UserKey": "6247001", "UserMegaEntryCount": 0, "UserMegaEntryIndex": 0, "TimeRemainingOpponent": 0, "Rank": 1, "FantasyPoints": 1061.94, "FantasyPointsOpponent": 1030.46, "RankScore": 0, "RankScoreOpponent": 0, "UserNameOpponent": "sansbacon", "WinningValue": 27, "Winnings": [{"value": 27, "description": "Cash"}], "UpdateStatus": {"lastUpdateTime": "2020-10-15T14:12:49.3047455+00:00"}}, "Leaderboard": [{"MegaDraftGroupId": 1, "MegaContestKey": "89646591", "MegaEntryKey": "2068091828", "UserName": "rocky1865", "UserKey": "6247001", "UserMegaEntryCount": 0, "UserMegaEntryIndex": 0, "TimeRemainingOpponent": 0, "Rank": 1, "FantasyPoints": 1061.94, "FantasyPointsOpponent": 1030.46, "RankScore": 0, "RankScoreOpponent": 0, "UserNameOpponent": "sansbacon", "WinningValue": 27, "Winnings": [{"value": 27, "description": "Cash"}], "UpdateStatus": {"lastUpdateTime": "2020-10-15T14:12:49.3047455+00:00"}}, {"MegaDraftGroupId": 1, "MegaContestKey": "89646591", "MegaEntryKey": "2068082326", "UserName": "sansbacon", "UserKey": "725157", "UserMegaEntryCount": 0, "UserMegaEntryIndex": 0, "TimeRemainingOpponent": 0, "Rank": 2, "FantasyPoints": 1030.46, "FantasyPointsOpponent": 1061.94, "RankScore": 0, "RankScoreOpponent": 0, "UserNameOpponent": "rocky1865", "WinningValue": 0, "UpdateStatus": {"lastUpdateTime": "2020-10-15T14:12:49.3049995+00:00"}}, {"MegaDraftGroupId": 1, "MegaContestKey": "89646591", "MegaEntryKey": "2068092205", "UserName": "relay", "UserKey": "430451", "UserMegaEntryCount": 0, "UserMegaEntryIndex": 0, "TimeRemainingOpponent": 0, "Rank": 3, "FantasyPoints": 903.58, "FantasyPointsOpponent": 1061.94, "RankScore": 0, "RankScoreOpponent": 0, "UserNameOpponent": "rocky1865", "WinningValue": 0, "UpdateStatus": {"lastUpdateTime": "2020-10-15T14:12:49.3335075+00:00"}}], "UpdateStatus": {"lastUpdateTime": "2020-10-15T14:12:49.3590871+00:00"}}