{"href": "/scores/v1/contests/89646591/", "contestKey": "89646591", "leader": {"draftGroupId": 37605, "contestKey": "89646591", "entryKey": "2068091828", "lineupId": 2548301284, "userName": "rocky1865", "userKey": "6247001", "userEntryCount": 1, "userEntryIndex": 1, "timeRemaining": 60, "timeRemainingUnit": "PMR", "maxTimeRemaining": 1200, "timeRemainingOpponent": 80.5, "rank": 1, "fantasyPoints": 237.68, "fantasyPointsOpponent": 206.3, "userNameOpponent": "sansbacon", "winningValue": 0}, "leaderBoard": [{"draftGroupId": 37605, "contestKey": "89646591", "entryKey": "2068091828", "lineupId": 2548301284, "userName": "rocky1865", "userKey": "6247001", "userEntryCount": 1, "userEntryIndex": 1, "timeRemaining": 60, "timeRemainingUnit": "PMR", "maxTimeRemaining": 1200, "timeRemainingOpponent": 80.5, "rank": 1, "fantasyPoints": 237.68, "fantasyPointsOpponent": 206.3, "userNameOpponent": "sansbacon", "winningValue": 0}, {"draftGroupId": 37605, "contestKey": "89646591", "entryKey": "2068082326", "lineupId": 2548301283, "userName": "sansbacon", "userKey": "725157", "userEntryCount": 1, "userEntryIndex": 1, "timeRemaining": 80.5, "timeRemainingUnit": "PMR", "maxTimeRemaining": 1200, "timeRemainingOpponent": 60, "rank": 2, "fantasyPoints": 206.3, "fantasyPointsOpponent": 237.68, "userNameOpponent": "rocky1865", "winningValue": 0}, {"draftGroupId": 37605, "contestKey": "89646591", "entryKey": "2068092205", "lineupId": 2548301285, "userName": "relay", "userKey": "430451", "userEntryCount": 1, "userEntryIndex": 1, "timeRemaining": 181.5, "timeRemainingUnit": "PMR", "maxTimeRemaining": 1200, "timeRemainingOpponent": 60, "rank": 3, "fantasyPoints": 151.2, "fantasyPointsOpponent": 237.68, "userNameOpponent": "rocky1865", "winningValue": 0}]}