{"href": "/scores/v1/contests/89702347/", "contestKey": "89702347", "leader": {"draftGroupId": 37605, "contestKey": "89702347", "entryKey": "2149041000", "lineupId": 2550095418, "userName": "mizzouvet", "userKey": "2710472", "userEntryCount": 1, "userEntryIndex": 1, "timeRemaining": 0, "timeRemainingUnit": "PMR", "maxTimeRemaining": 1200, "timeRemainingOpponent": 20.5, "rank": 1, "fantasyPoints": 221.08, "fantasyPointsOpponent": 208.08, "userNameOpponent": "sansbacon", "winningValue": 0}, "leaderBoard": [{"draftGroupId": 37605, "contestKey": "89702347", "entryKey": "2149041000", "lineupId": 2550095418, "userName": "mizzouvet", "userKey": "2710472", "userEntryCount": 1, "userEntryIndex": 1, "timeRemaining": 0, "timeRemainingUnit": "PMR", "maxTimeRemaining": 1200, "timeRemainingOpponent": 20.5, "rank": 1, "fantasyPoints": 221.08, "fantasyPointsOpponent": 208.08, "userNameOpponent": "sansbacon", "winningValue": 0}, {"draftGroupId": 37605, "contestKey": "89702347", "entryKey": "2149032266", "lineupId": 2550095416, "userName": "sansbacon", "userKey": "725157", "userEntryCount": 1, "userEntryIndex": 1, "timeRemaining": 20.5, "timeRemainingUnit": "PMR", "maxTimeRemaining": 1200, "timeRemainingOpponent": 0, "rank": 2, "fantasyPoints": 208.08, "fantasyPointsOpponent": 221.08, "userNameOpponent": "mizzouvet", "winningValue": 0}, {"draftGroupId": 37605, "contestKey": "89702347", "entryKey": "2149039756", "lineupId": 2550095417, "userName": "cassielaprise", "userKey": "11812200", "userEntryCount": 1, "userEntryIndex": 1, "timeRemaining": 221, "timeRemainingUnit": "PMR", "maxTimeRemaining": 1200, "timeRemainingOpponent": 0, "rank": 3, "fantasyPoints": 168.3, "fantasyPointsOpponent": 221.08, "userNameOpponent": "mizzouvet", "winningValue": 0}]}