{"Leader": {"MegaDraftGroupId": 1, "MegaContestKey": "89702347", "MegaEntryKey": "2149032266", "UserName": "sansbacon", "UserKey": "725157", "UserMegaEntryCount": 0, "UserMegaEntryIndex": 0, "TimeRemainingOpponent": 0, "Rank": 1, "FantasyPoints": 1037.74, "FantasyPointsOpponent": 963.02, "RankScore": 0, "RankScoreOpponent": 0, "UserNameOpponent": "mizzouvet", "WinningValue": 2.7, "Winnings": [{"value": 2.7, "description": "Cash"}], "UpdateStatus": {"lastUpdateTime": "2020-10-15T14:12:50.3421227+00:00"}}, "LastWinningMegaEntry": {"MegaDraftGroupId": 1, "MegaContestKey": "89702347", "MegaEntryKey": "2149032266", "UserName": "sansbacon", "UserKey": "725157", "UserMegaEntryCount": 0, "UserMegaEntryIndex": 0, "TimeRemainingOpponent": 0, "Rank": 1, "FantasyPoints": 1037.74, "FantasyPointsOpponent": 963.02, "RankScore": 0, "RankScoreOpponent": 0, "UserNameOpponent": "mizzouvet", "WinningValue": 2.7, "Winnings": [{"value": 2.7, "description": "Cash"}], "UpdateStatus": {"lastUpdateTime": "2020-10-15T14:12:50.3421227+00:00"}}, "Leaderboard": [{"MegaDraftGroupId": 1, "MegaContestKey": "89702347", "MegaEntryKey": "2149032266", "UserName": "sansbacon", "UserKey": "725157", "UserMegaEntryCount": 0, "UserMegaEntryIndex": 0, "TimeRemainingOpponent": 0, "Rank": 1, "FantasyPoints": 1037.74, "FantasyPointsOpponent": 963.02, "RankScore": 0, "RankScoreOpponent": 0, "UserNameOpponent": "mizzouvet", "WinningValue": 2.7, "Winnings": [{"value": 2.7, "description": "Cash"}], "UpdateStatus": {"lastUpdateTime": "2020-10-15T14:12:50.3421227+00:00"}}, {"MegaDraftGroupId": 1, "MegaContestKey": "89702347", "MegaEntryKey": "2149041000", "UserName": "mizzouvet", "UserKey": "2710472", "UserMegaEntryCount": 0, "UserMegaEntryIndex": 0, "TimeRemainingOpponent": 0, "Rank": 2, "FantasyPoints": 963.02, "FantasyPointsOpponent": 1037.74, "RankScore": 0, "RankScoreOpponent": 0, "UserNameOpponent": "sansbacon", "WinningValue": 0, "UpdateStatus": {"lastUpdateTime": "2020-10-15T14:12:50.3419082+00:00"}}, {"MegaDraftGroupId": 1, "MegaContestKey": "89702347", "MegaEntryKey": "2149039756", "UserName": "cassielaprise", "UserKey": "11812200", "UserMegaEntryCount": 0, "UserMegaEntryIndex": 0, "TimeRemainingOpponent": 0, "Rank": 3, "FantasyPoints": 929.48, "FantasyPointsOpponent": 1037.74, "RankScore": 0, "RankScoreOpponent": 0, "UserNameOpponent": "sansbacon", "WinningValue": 0, "UpdateStatus": {"lastUpdateTime": "2020-10-15T14:12:50.3441379+00:00"}}], "UpdateStatus": {"lastUpdateTime": "2020-10-15T14:12:50.3465908+00:00"}}