{"Leader": {"MegaDraftGroupId": 1, "MegaContestKey": "89756742", "MegaEntryKey": "2150595169", "UserName": "ogallalabob", "UserKey": "321020", "UserMegaEntryCount": 0, "UserMegaEntryIndex": 0, "TimeRemainingOpponent": 0, "Rank": 1, "FantasyPoints": 1071.12, "FantasyPointsOpponent": 1043.94, "RankScore": 0, "RankScoreOpponent": 0, "UserNameOpponent": "sansbacon", "WinningValue": 2.7, "Winnings": [{"value": 2.7, "description": "Cash"}], "UpdateStatus": {"lastUpdateTime": "2020-10-15T14:12:49.8958485+00:00"}}, "LastWinningMegaEntry": {"MegaDraftGroupId": 1, "MegaContestKey": "89756742", "MegaEntryKey": "2150595169", "UserName": "ogallalabob", "UserKey": "321020", "UserMegaEntryCount": 0, "UserMegaEntryIndex": 0, "TimeRemainingOpponent": 0, "Rank": 1, "FantasyPoints": 1071.12, "FantasyPointsOpponent": 1043.94, "RankScore": 0, "RankScoreOpponent": 0, "UserNameOpponent": "sansbacon", "WinningValue": 2.7, "Winnings": [{"value": 2.7, "description": "Cash"}], "UpdateStatus": {"lastUpdateTime": "2020-10-15T14:12:49.8958485+00:00"}}, "Leaderboard": [{"MegaDraftGroupId": 1, "MegaContestKey": "89756742", "MegaEntryKey": "2150595169", "UserName": "ogallalabob", "UserKey": "321020", "UserMegaEntryCount": 0, "UserMegaEntryIndex": 0, "TimeRemainingOpponent": 0, "Rank": 1, "FantasyPoints": 1071.12, "FantasyPointsOpponent": 1043.94, "RankScore": 0, "RankScoreOpponent": 0, "UserNameOpponent": "sansbacon", "WinningValue": 2.7, "Winnings": [{"value": 2.7, "description": "Cash"}], "UpdateStatus": {"lastUpdateTime": "2020-10-15T14:12:49.8958485+00:00"}}, {"MegaDraftGroupId": 1, "MegaContestKey": "89756742", "MegaEntryKey": "2150594942", "UserName": "sansbacon", "UserKey": "725157", "UserMegaEntryCount": 0, "UserMegaEntryIndex": 0, "TimeRemainingOpponent": 0, "Rank": 2, "FantasyPoints": 1043.94, "FantasyPointsOpponent": 1071.12, "RankScore": 0, "RankScoreOpponent": 0, "UserNameOpponent": "ogallalabob", "WinningValue": 0, "UpdateStatus": {"lastUpdateTime": "2020-10-15T14:12:49.8964179+00:00"}}, {"MegaDraftGroupId": 1, "MegaContestKey": "89756742", "MegaEntryKey": "2150616796", "UserName": "ericwood27", "UserKey": "4241351", "UserMegaEntryCount": 0, "UserMegaEntryIndex": 0, "TimeRemainingOpponent": 0, "Rank": 3, "FantasyPoints": 925.14, "FantasyPointsOpponent": 1071.12, "RankScore": 0, "RankScoreOpponent": 0, "UserNameOpponent": "ogallalabob", "WinningValue": 0, "UpdateStatus": {"lastUpdateTime": "2020-10-15T14:12:49.9126412+00:00"}}], "UpdateStatus": {"lastUpdateTime": "2020-10-15T14:12:49.9152069+00:00"}}