{"href": "/scores/v1/contests/89756742/", "contestKey": "89756742", "leader": {"draftGroupId": 37605, "contestKey": "89756742", "entryKey": "2150595169", "lineupId": 2551926265, "userName": "ogallalabob", "userKey": "321020", "userEntryCount": 1, "userEntryIndex": 1, "timeRemaining": 60, "timeRemainingUnit": "PMR", "maxTimeRemaining": 1200, "timeRemainingOpponent": 101, "rank": 1, "fantasyPoints": 228.68, "fantasyPointsOpponent": 211.04, "userNameOpponent": "sansbacon", "winningValue": 0}, "leaderBoard": [{"draftGroupId": 37605, "contestKey": "89756742", "entryKey": "2150595169", "lineupId": 2551926265, "userName": "ogallalabob", "userKey": "321020", "userEntryCount": 1, "userEntryIndex": 1, "timeRemaining": 60, "timeRemainingUnit": "PMR", "maxTimeRemaining": 1200, "timeRemainingOpponent": 101, "rank": 1, "fantasyPoints": 228.68, "fantasyPointsOpponent": 211.04, "userNameOpponent": "sansbacon", "winningValue": 0}, {"draftGroupId": 37605, "contestKey": "89756742", "entryKey": "2150594942", "lineupId": 2551926264, "userName": "sansbacon", "userKey": "725157", "userEntryCount": 1, "userEntryIndex": 1, "timeRemaining": 101, "timeRemainingUnit": "PMR", "maxTimeRemaining": 1200, "timeRemainingOpponent": 60, "rank": 2, "fantasyPoints": 211.04, "fantasyPointsOpponent": 228.68, "userNameOpponent": "ogallalabob", "winningValue": 0}, {"draftGroupId": 37605, "contestKey": "89756742", "entryKey": "2150616796", "lineupId": 2551926266, "userName": "ericwood27", "userKey": "4241351", "userEntryCount": 1, "userEntryIndex": 1, "timeRemaining": 101, "timeRemainingUnit": "PMR", "maxTimeRemaining": 1200, "timeRemainingOpponent": 60, "rank": 3, "fantasyPoints": 171.18, "fantasyPointsOpponent": 228.68, "userNameOpponent": "ogallalabob", "winningValue": 0}]}