{"Leader": {"MegaDraftGroupId": 1, "MegaContestKey": "89755733", "MegaEntryKey": "2150609653", "UserName": "tripleb77", "UserKey": "8425823", "UserMegaEntryCount": 0, "UserMegaEntryIndex": 0, "TimeRemainingOpponent": 0, "Rank": 1, "FantasyPoints": 1056.86, "FantasyPointsOpponent": 1006.04, "RankScore": 0, "RankScoreOpponent": 0, "UserNameOpponent": "Hockeynbeer", "WinningValue": 2.7, "Winnings": [{"value": 2.7, "description": "Cash"}], "UpdateStatus": {"lastUpdateTime": "2020-10-15T14:12:49.8714022+00:00"}}, "LastWinningMegaEntry": {"MegaDraftGroupId": 1, "MegaContestKey": "89755733", "MegaEntryKey": "2150609653", "UserName": "tripleb77", "UserKey": "8425823", "UserMegaEntryCount": 0, "UserMegaEntryIndex": 0, "TimeRemainingOpponent": 0, "Rank": 1, "FantasyPoints": 1056.86, "FantasyPointsOpponent": 1006.04, "RankScore": 0, "RankScoreOpponent": 0, "UserNameOpponent": "Hockeynbeer", "WinningValue": 2.7, "Winnings": [{"value": 2.7, "description": "Cash"}], "UpdateStatus": {"lastUpdateTime": "2020-10-15T14:12:49.8714022+00:00"}}, "Leaderboard": [{"MegaDraftGroupId": 1, "MegaContestKey": "89755733", "MegaEntryKey": "2150609653", "UserName": "tripleb77", "UserKey": "8425823", "UserMegaEntryCount": 0, "UserMegaEntryIndex": 0, "TimeRemainingOpponent": 0, "Rank": 1, "FantasyPoints": 1056.86, "FantasyPointsOpponent": 1006.04, "RankScore": 0, "RankScoreOpponent": 0, "UserNameOpponent": "Hockeynbeer", "WinningValue": 2.7, "Winnings": [{"value": 2.7, "description": "Cash"}], "UpdateStatus": {"lastUpdateTime": "2020-10-15T14:12:49.8714022+00:00"}}, {"MegaDraftGroupId": 1, "MegaContestKey": "89755733", "MegaEntryKey": "2150602869", "UserName": "Hockeynbeer", "UserKey": "3381901", "UserMegaEntryCount": 0, "UserMegaEntryIndex": 0, "TimeRemainingOpponent": 0, "Rank": 2, "FantasyPoints": 1006.04, "FantasyPointsOpponent": 1056.86, "RankScore": 0, "RankScoreOpponent": 0, "UserNameOpponent": "tripleb77", "WinningValue": 0, "UpdateStatus": {"lastUpdateTime": "2020-10-15T14:12:49.8694352+00:00"}}, {"MegaDraftGroupId": 1, "MegaContestKey": "89755733", "MegaEntryKey": "2150602439", "UserName": "sansbacon", "UserKey": "725157", "UserMegaEntryCount": 0, "UserMegaEntryIndex": 0, "TimeRemainingOpponent": 0, "Rank": 3, "FantasyPoints": 1001.7, "FantasyPointsOpponent": 1056.86, "RankScore": 0, "RankScoreOpponent": 0, "UserNameOpponent": "tripleb77", "WinningValue": 0, "UpdateStatus": {"lastUpdateTime": "2020-10-15T14:12:49.8708194+00:00"}}], "UpdateStatus": {"lastUpdateTime": "2020-10-15T14:12:49.8756176+00:00"}}