{"href": "/scores/v1/contests/89758950/", "contestKey": "89758950", "leader": {"draftGroupId": 37605, "contestKey": "89758950", "entryKey": "2150681278", "lineupId": 2551975157, "userName": "rboyes22", "userKey": "3751467", "userEntryCount": 1, "userEntryIndex": 1, "timeRemaining": 101, "timeRemainingUnit": "PMR", "maxTimeRemaining": 1200, "timeRemainingOpponent": 0, "rank": 1, "fantasyPoints": 206.98, "fantasyPointsOpponent": 203.58, "userNameOpponent": "Ballerz407", "winningValue": 0}, "leaderBoard": [{"draftGroupId": 37605, "contestKey": "89758950", "entryKey": "2150681278", "lineupId": 2551975157, "userName": "rboyes22", "userKey": "3751467", "userEntryCount": 1, "userEntryIndex": 1, "timeRemaining": 101, "timeRemainingUnit": "PMR", "maxTimeRemaining": 1200, "timeRemainingOpponent": 0, "rank": 1, "fantasyPoints": 206.98, "fantasyPointsOpponent": 203.58, "userNameOpponent": "Ballerz407", "winningValue": 0}, {"draftGroupId": 37605, "contestKey": "89758950", "entryKey": "2150689331", "lineupId": 2551975158, "userName": "Ballerz407", "userKey": "1385365", "userEntryCount": 1, "userEntryIndex": 1, "timeRemaining": 0, "timeRemainingUnit": "PMR", "maxTimeRemaining": 1200, "timeRemainingOpponent": 101, "rank": 2, "fantasyPoints": 203.58, "fantasyPointsOpponent": 206.98, "userNameOpponent": "rboyes22", "winningValue": 0}, {"draftGroupId": 37605, "contestKey": "89758950", "entryKey": "2150671866", "lineupId": 2551975156, "userName": "sansbacon", "userKey": "725157", "userEntryCount": 1, "userEntryIndex": 1, "timeRemaining": 161, "timeRemainingUnit": "PMR", "maxTimeRemaining": 1200, "timeRemainingOpponent": 101, "rank": 3, "fantasyPoints": 192.7, "fantasyPointsOpponent": 206.98, "userNameOpponent": "rboyes22", "winningValue": 0}]}