{"Leader": {"MegaDraftGroupId": 1, "MegaContestKey": "89758950", "MegaEntryKey": "2150681278", "UserName": "rboyes22", "UserKey": "3751467", "UserMegaEntryCount": 0, "UserMegaEntryIndex": 0, "TimeRemainingOpponent": 0, "Rank": 1, "FantasyPoints": 1091.12, "FantasyPointsOpponent": 1040.16, "RankScore": 0, "RankScoreOpponent": 0, "UserNameOpponent": "sansbacon", "WinningValue": 2.7, "Winnings": [{"value": 2.7, "description": "Cash"}], "UpdateStatus": {"lastUpdateTime": "2020-10-15T14:12:50.1840108+00:00"}}, "LastWinningMegaEntry": {"MegaDraftGroupId": 1, "MegaContestKey": "89758950", "MegaEntryKey": "2150681278", "UserName": "rboyes22", "UserKey": "3751467", "UserMegaEntryCount": 0, "UserMegaEntryIndex": 0, "TimeRemainingOpponent": 0, "Rank": 1, "FantasyPoints": 1091.12, "FantasyPointsOpponent": 1040.16, "RankScore": 0, "RankScoreOpponent": 0, "UserNameOpponent": "sansbacon", "WinningValue": 2.7, "Winnings": [{"value": 2.7, "description": "Cash"}], "UpdateStatus": {"lastUpdateTime": "2020-10-15T14:12:50.1840108+00:00"}}, "Leaderboard": [{"MegaDraftGroupId": 1, "MegaContestKey": "89758950", "MegaEntryKey": "2150681278", "UserName": "rboyes22", "UserKey": "3751467", "UserMegaEntryCount": 0, "UserMegaEntryIndex": 0, "TimeRemainingOpponent": 0, "Rank": 1, "FantasyPoints": 1091.12, "FantasyPointsOpponent": 1040.16, "RankScore": 0, "RankScoreOpponent": 0, "UserNameOpponent": "sansbacon", "WinningValue": 2.7, "Winnings": [{"value": 2.7, "description": "Cash"}], "UpdateStatus": {"lastUpdateTime": "2020-10-15T14:12:50.1840108+00:00"}}, {"MegaDraftGroupId": 1, "MegaContestKey": "89758950", "MegaEntryKey": "2150671866", "UserName": "sansbacon", "UserKey": "725157", "UserMegaEntryCount": 0, "UserMegaEntryIndex": 0, "TimeRemainingOpponent": 0, "Rank": 2, "FantasyPoints": 1040.16, "FantasyPointsOpponent": 1091.12, "RankScore": 0, "RankScoreOpponent": 0, "UserNameOpponent": "rboyes22", "WinningValue": 0, "UpdateStatus": {"lastUpdateTime": "2020-10-15T14:12:50.1837300+00:00"}}, {"MegaDraftGroupId": 1, "MegaContestKey": "89758950", "MegaEntryKey": "2150689331", "UserName": "Ballerz407", "UserKey": "1385365", "UserMegaEntryCount": 0, "UserMegaEntryIndex": 0, "TimeRemainingOpponent": 0, "Rank": 3, "FantasyPoints": 919.34, "FantasyPointsOpponent": 1091.12, "RankScore": 0, "RankScoreOpponent": 0, "UserNameOpponent": "rboyes22", "WinningValue": 0, "UpdateStatus": {"lastUpdateTime": "2020-10-15T14:12:50.1867293+00:00"}}], "UpdateStatus": {"lastUpdateTime": "2020-10-15T14:12:50.1870510+00:00"}}