{"href": "/scores/v1/contests/89753964/", "contestKey": "89753964", "leader": {"draftGroupId": 37605, "contestKey": "89753964", "entryKey": "2150550247", "lineupId": 2551846302, "userName": "jtsteam2012", "userKey": "75059", "userEntryCount": 1, "userEntryIndex": 1, "timeRemaining": 121.5, "timeRemainingUnit": "PMR", "maxTimeRemaining": 1200, "timeRemainingOpponent": 0, "rank": 1, "fantasyPoints": 226.78, "fantasyPointsOpponent": 201.5, "userNameOpponent": "Ballerz407", "winningValue": 0}, "leaderBoard": [{"draftGroupId": 37605, "contestKey": "89753964", "entryKey": "2150550247", "lineupId": 2551846302, "userName": "jtsteam2012", "userKey": "75059", "userEntryCount": 1, "userEntryIndex": 1, "timeRemaining": 121.5, "timeRemainingUnit": "PMR", "maxTimeRemaining": 1200, "timeRemainingOpponent": 0, "rank": 1, "fantasyPoints": 226.78, "fantasyPointsOpponent": 201.5, "userNameOpponent": "Ballerz407", "winningValue": 0}, {"draftGroupId": 37605, "contestKey": "89753964", "entryKey": "2150540597", "lineupId": 2551846300, "userName": "Ballerz407", "userKey": "1385365", "userEntryCount": 1, "userEntryIndex": 1, "timeRemaining": 0, "timeRemainingUnit": "PMR", "maxTimeRemaining": 1200, "timeRemainingOpponent": 121.5, "rank": 2, "fantasyPoints": 201.5, "fantasyPointsOpponent": 226.78, "userNameOpponent": "jtsteam2012", "winningValue": 0}, {"draftGroupId": 37605, "contestKey": "89753964", "entryKey": "2150541291", "lineupId": 2551846301, "userName": "sansbacon", "userKey": "725157", "userEntryCount": 1, "userEntryIndex": 1, "timeRemaining": 140.5, "timeRemainingUnit": "PMR", "maxTimeRemaining": 1200, "timeRemainingOpponent": 121.5, "rank": 3, "fantasyPoints": 176.18, "fantasyPointsOpponent": 226.78, "userNameOpponent": "jtsteam2012", "winningValue": 0}]}