{"Leader": {"MegaDraftGroupId": 1, "MegaContestKey": "89754862", "MegaEntryKey": "2150565462", "UserName": "sansbacon", "UserKey": "725157", "UserMegaEntryCount": 0, "UserMegaEntryIndex": 0, "TimeRemainingOpponent": 0, "Rank": 1, "FantasyPoints": 1047.16, "FantasyPointsOpponent": 1045.4, "RankScore": 0, "RankScoreOpponent": 0, "UserNameOpponent": "ogallalabob", "WinningValue": 2.7, "Winnings": [{"value": 2.7, "description": "Cash"}], "UpdateStatus": {"lastUpdateTime": "2020-10-15T14:12:49.8048331+00:00"}}, "LastWinningMegaEntry": {"MegaDraftGroupId": 1, "MegaContestKey": "89754862", "MegaEntryKey": "2150565462", "UserName": "sansbacon", "UserKey": "725157", "UserMegaEntryCount": 0, "UserMegaEntryIndex": 0, "TimeRemainingOpponent": 0, "Rank": 1, "FantasyPoints": 1047.16, "FantasyPointsOpponent": 1045.4, "RankScore": 0, "RankScoreOpponent": 0, "UserNameOpponent": "ogallalabob", "WinningValue": 2.7, "Winnings": [{"value": 2.7, "description": "Cash"}], "UpdateStatus": {"lastUpdateTime": "2020-10-15T14:12:49.8048331+00:00"}}, "Leaderboard": [{"MegaDraftGroupId": 1, "MegaContestKey": "89754862", "MegaEntryKey": "2150565462", "UserName": "sansbacon", "UserKey": "725157", "UserMegaEntryCount": 0, "UserMegaEntryIndex": 0, "TimeRemainingOpponent": 0, "Rank": 1, "FantasyPoints": 1047.16, "FantasyPointsOpponent": 1045.4, "RankScore": 0, "RankScoreOpponent": 0, "UserNameOpponent": "ogallalabob", "WinningValue": 2.7, "Winnings": [{"value": 2.7, "description": "Cash"}], "UpdateStatus": {"lastUpdateTime": "2020-10-15T14:12:49.8048331+00:00"}}, {"MegaDraftGroupId": 1, "MegaContestKey": "89754862", "MegaEntryKey": "2150577443", "UserName": "ogallalabob", "UserKey": "321020", "UserMegaEntryCount": 0, "UserMegaEntryIndex": 0, "TimeRemainingOpponent": 0, "Rank": 2, "FantasyPoints": 1045.4, "FantasyPointsOpponent": 1047.16, "RankScore": 0, "RankScoreOpponent": 0, "UserNameOpponent": "sansbacon", "WinningValue": 0, "UpdateStatus": {"lastUpdateTime": "2020-10-15T14:12:49.8040294+00:00"}}, {"MegaDraftGroupId": 1, "MegaContestKey": "89754862", "MegaEntryKey": "2150565509", "UserName": "yogi007", "UserKey": "200978", "UserMegaEntryCount": 0, "UserMegaEntryIndex": 0, "TimeRemainingOpponent": 0, "Rank": 3, "FantasyPoints": 959.98, "FantasyPointsOpponent": 1047.16, "RankScore": 0, "RankScoreOpponent": 0, "UserNameOpponent": "sansbacon", "WinningValue": 0, "UpdateStatus": {"lastUpdateTime": "2020-10-15T14:12:49.8105821+00:00"}}], "UpdateStatus": {"lastUpdateTime": "2020-10-15T14:12:49.8168219+00:00"}}