{"href": "/scores/v1/contests/89757473/", "contestKey": "89757473", "leader": {"draftGroupId": 37605, "contestKey": "89757473", "entryKey": "2150622483", "lineupId": 2551943282, "userName": "supermannbataman", "userKey": "188357", "userEntryCount": 1, "userEntryIndex": 1, "timeRemaining": 21.03, "timeRemainingUnit": "PMR", "maxTimeRemaining": 1200, "timeRemainingOpponent": 81.03, "rank": 1, "fantasyPoints": 258.58, "fantasyPointsOpponent": 181.6, "userNameOpponent": "sansbacon", "winningValue": 0}, "leaderBoard": [{"draftGroupId": 37605, "contestKey": "89757473", "entryKey": "2150622483", "lineupId": 2551943282, "userName": "supermannbataman", "userKey": "188357", "userEntryCount": 1, "userEntryIndex": 1, "timeRemaining": 21.03, "timeRemainingUnit": "PMR", "maxTimeRemaining": 1200, "timeRemainingOpponent": 81.03, "rank": 1, "fantasyPoints": 258.58, "fantasyPointsOpponent": 181.6, "userNameOpponent": "sansbacon", "winningValue": 0}, {"draftGroupId": 37605, "contestKey": "89757473", "entryKey": "2150622566", "lineupId": 2551943283, "userName": "sansbacon", "userKey": "725157", "userEntryCount": 1, "userEntryIndex": 1, "timeRemaining": 81.03, "timeRemainingUnit": "PMR", "maxTimeRemaining": 1200, "timeRemainingOpponent": 21.03, "rank": 2, "fantasyPoints": 181.6, "fantasyPointsOpponent": 258.58, "userNameOpponent": "supermannbataman", "winningValue": 0}, {"draftGroupId": 37605, "contestKey": "89757473", "entryKey": "2150648181", "lineupId": 2551943284, "userName": "daustin85", "userKey": "1178498", "userEntryCount": 1, "userEntryIndex": 1, "timeRemaining": 123.09, "timeRemainingUnit": "PMR", "maxTimeRemaining": 1200, "timeRemainingOpponent": 21.03, "rank": 3, "fantasyPoints": 165.1, "fantasyPointsOpponent": 258.58, "userNameOpponent": "supermannbataman", "winningValue": 0}]}