{"Leader": {"MegaDraftGroupId": 1, "MegaContestKey": "89757900", "MegaEntryKey": "2150624287", "UserName": "sansbacon", "UserKey": "725157", "UserMegaEntryCount": 0, "UserMegaEntryIndex": 0, "TimeRemainingOpponent": 0, "Rank": 1, "FantasyPoints": 1065.58, "FantasyPointsOpponent": 980.56, "RankScore": 0, "RankScoreOpponent": 0, "UserNameOpponent": "Kicktastic", "WinningValue": 2.7, "Winnings": [{"value": 2.7, "description": "Cash"}], "UpdateStatus": {"lastUpdateTime": "2020-10-15T14:12:50.0553807+00:00"}}, "LastWinningMegaEntry": {"MegaDraftGroupId": 1, "MegaContestKey": "89757900", "MegaEntryKey": "2150624287", "UserName": "sansbacon", "UserKey": "725157", "UserMegaEntryCount": 0, "UserMegaEntryIndex": 0, "TimeRemainingOpponent": 0, "Rank": 1, "FantasyPoints": 1065.58, "FantasyPointsOpponent": 980.56, "RankScore": 0, "RankScoreOpponent": 0, "UserNameOpponent": "Kicktastic", "WinningValue": 2.7, "Winnings": [{"value": 2.7, "description": "Cash"}], "UpdateStatus": {"lastUpdateTime": "2020-10-15T14:12:50.0553807+00:00"}}, "Leaderboard": [{"MegaDraftGroupId": 1, "MegaContestKey": "89757900", "MegaEntryKey": "2150624287", "UserName": "sansbacon", "UserKey": "725157", "UserMegaEntryCount": 0, "UserMegaEntryIndex": 0, "TimeRemainingOpponent": 0, "Rank": 1, "FantasyPoints": 1065.58, "FantasyPointsOpponent": 980.56, "RankScore": 0, "RankScoreOpponent": 0, "UserNameOpponent": "Kicktastic", "WinningValue": 2.7, "Winnings": [{"value": 2.7, "description": "Cash"}], "UpdateStatus": {"lastUpdateTime": "2020-10-15T14:12:50.0553807+00:00"}}, {"MegaDraftGroupId": 1, "MegaContestKey": "89757900", "MegaEntryKey": "2150624450", "UserName": "Kicktastic", "UserKey": "875278", "UserMegaEntryCount": 0, "UserMegaEntryIndex": 0, "TimeRemainingOpponent": 0, "Rank": 2, "FantasyPoints": 980.56, "FantasyPointsOpponent": 1065.58, "RankScore": 0, "RankScoreOpponent": 0, "UserNameOpponent": "sansbacon", "WinningValue": 0, "UpdateStatus": {"lastUpdateTime": "2020-10-15T14:12:50.0541198+00:00"}}, {"MegaDraftGroupId": 1, "MegaContestKey": "89757900", "MegaEntryKey": "2150649979", "UserName": "johnapitt", "UserKey": "477498", "UserMegaEntryCount": 0, "UserMegaEntryIndex": 0, "TimeRemainingOpponent": 0, "Rank": 3, "FantasyPoints": 901.44, "FantasyPointsOpponent": 1065.58, "RankScore": 0, "RankScoreOpponent": 0, "UserNameOpponent": "sansbacon", "WinningValue": 0, "UpdateStatus": {"lastUpdateTime": "2020-10-15T14:12:50.0551129+00:00"}}], "UpdateStatus": {"lastUpdateTime": "2020-10-15T14:12:50.0579921+00:00"}}