{"Leader": {"MegaDraftGroupId": 1, "MegaContestKey": "89753964", "MegaEntryKey": "2150541291", "UserName": "sansbacon", "UserKey": "725157", "UserMegaEntryCount": 0, "UserMegaEntryIndex": 0, "TimeRemainingOpponent": 0, "Rank": 1, "FantasyPoints": 1071.98, "FantasyPointsOpponent": 1025.76, "RankScore": 0, "RankScoreOpponent": 0, "UserNameOpponent": "Ballerz407", "WinningValue": 2.7, "Winnings": [{"value": 2.7, "description": "Cash"}], "UpdateStatus": {"lastUpdateTime": "2020-10-15T14:12:49.8110179+00:00"}}, "LastWinningMegaEntry": {"MegaDraftGroupId": 1, "MegaContestKey": "89753964", "MegaEntryKey": "2150541291", "UserName": "sansbacon", "UserKey": "725157", "UserMegaEntryCount": 0, "UserMegaEntryIndex": 0, "TimeRemainingOpponent": 0, "Rank": 1, "FantasyPoints": 1071.98, "FantasyPointsOpponent": 1025.76, "RankScore": 0, "RankScoreOpponent": 0, "UserNameOpponent": "Ballerz407", "WinningValue": 2.7, "Winnings": [{"value": 2.7, "description": "Cash"}], "UpdateStatus": {"lastUpdateTime": "2020-10-15T14:12:49.8110179+00:00"}}, "Leaderboard": [{"MegaDraftGroupId": 1, "MegaContestKey": "89753964", "MegaEntryKey": "2150541291", "UserName": "sansbacon", "UserKey": "725157", "UserMegaEntryCount": 0, "UserMegaEntryIndex": 0, "TimeRemainingOpponent": 0, "Rank": 1, "FantasyPoints": 1071.98, "FantasyPointsOpponent": 1025.76, "RankScore": 0, "RankScoreOpponent": 0, "UserNameOpponent": "Ballerz407", "WinningValue": 2.7, "Winnings": [{"value": 2.7, "description": "Cash"}], "UpdateStatus": {"lastUpdateTime": "2020-10-15T14:12:49.8110179+00:00"}}, {"MegaDraftGroupId": 1, "MegaContestKey": "89753964", "MegaEntryKey": "2150540597", "UserName": "Ballerz407", "UserKey": "1385365", "UserMegaEntryCount": 0, "UserMegaEntryIndex": 0, "TimeRemainingOpponent": 0, "Rank": 2, "FantasyPoints": 1025.76, "FantasyPointsOpponent": 1071.98, "RankScore": 0, "RankScoreOpponent": 0, "UserNameOpponent": "sansbacon", "WinningValue": 0, "UpdateStatus": {"lastUpdateTime": "2020-10-15T14:12:49.7854113+00:00"}}, {"MegaDraftGroupId": 1, "MegaContestKey": "89753964", "MegaEntryKey": "2150550247", "UserName": "jtsteam2012", "UserKey": "75059", "UserMegaEntryCount": 0, "UserMegaEntryIndex": 0, "TimeRemainingOpponent": 0, "Rank": 3, "FantasyPoints": 922.48, "FantasyPointsOpponent": 1071.98, "RankScore": 0, "RankScoreOpponent": 0, "UserNameOpponent": "sansbacon", "WinningValue": 0, "UpdateStatus": {"lastUpdateTime": "2020-10-15T14:12:49.7834577+00:00"}}], "UpdateStatus": {"lastUpdateTime": "2020-10-15T14:12:49.8114021+00:00"}}