{"href": "/scores/v1/contests/89755733/", "contestKey": "89755733", "leader": {"draftGroupId": 37605, "contestKey": "89755733", "entryKey": "2150602439", "lineupId": 2551918898, "userName": "sansbacon", "userKey": "725157", "userEntryCount": 1, "userEntryIndex": 1, "timeRemaining": 60, "timeRemainingUnit": "PMR", "maxTimeRemaining": 1200, "timeRemainingOpponent": 60, "rank": 1, "fantasyPoints": 224.1, "fantasyPointsOpponent": 217.7, "userNameOpponent": "tripleb77", "winningValue": 0}, "leaderBoard": [{"draftGroupId": 37605, "contestKey": "89755733", "entryKey": "2150602439", "lineupId": 2551918898, "userName": "sansbacon", "userKey": "725157", "userEntryCount": 1, "userEntryIndex": 1, "timeRemaining": 60, "timeRemainingUnit": "PMR", "maxTimeRemaining": 1200, "timeRemainingOpponent": 60, "rank": 1, "fantasyPoints": 224.1, "fantasyPointsOpponent": 217.7, "userNameOpponent": "tripleb77", "winningValue": 0}, {"draftGroupId": 37605, "contestKey": "89755733", "entryKey": "2150609653", "lineupId": 2551918900, "userName": "tripleb77", "userKey": "8425823", "userEntryCount": 1, "userEntryIndex": 1, "timeRemaining": 60, "timeRemainingUnit": "PMR", "maxTimeRemaining": 1200, "timeRemainingOpponent": 60, "rank": 2, "fantasyPoints": 217.7, "fantasyPointsOpponent": 224.1, "userNameOpponent": "sansbacon", "winningValue": 0}, {"draftGroupId": 37605, "contestKey": "89755733", "entryKey": "2150602869", "lineupId": 2551918899, "userName": "Hockeynbeer", "userKey": "3381901", "userEntryCount": 1, "userEntryIndex": 1, "timeRemaining": 142, "timeRemainingUnit": "PMR", "maxTimeRemaining": 1200, "timeRemainingOpponent": 60, "rank": 3, "fantasyPoints": 178.88, "fantasyPointsOpponent": 224.1, "userNameOpponent": "sansbacon", "winningValue": 0}]}