{"href": "/scores/v1/contests/89759665/", "contestKey": "89759665", "leader": {"draftGroupId": 37605, "contestKey": "89759665", "entryKey": "2150665041", "lineupId": 2551980206, "userName": "sansbacon", "userKey": "725157", "userEntryCount": 1, "userEntryIndex": 1, "timeRemaining": 41, "timeRemainingUnit": "PMR", "maxTimeRemaining": 1200, "timeRemainingOpponent": 0, "rank": 1, "fantasyPoints": 212.58, "fantasyPointsOpponent": 199.76, "userNameOpponent": "Totes15", "winningValue": 0}, "leaderBoard": [{"draftGroupId": 37605, "contestKey": "89759665", "entryKey": "2150665041", "lineupId": 2551980206, "userName": "sansbacon", "userKey": "725157", "userEntryCount": 1, "userEntryIndex": 1, "timeRemaining": 41, "timeRemainingUnit": "PMR", "maxTimeRemaining": 1200, "timeRemainingOpponent": 0, "rank": 1, "fantasyPoints": 212.58, "fantasyPointsOpponent": 199.76, "userNameOpponent": "Totes15", "winningValue": 0}, {"draftGroupId": 37605, "contestKey": "89759665", "entryKey": "2150690994", "lineupId": 2551980208, "userName": "Totes15", "userKey": "1389977", "userEntryCount": 1, "userEntryIndex": 1, "timeRemaining": 0, "timeRemainingUnit": "PMR", "maxTimeRemaining": 1200, "timeRemainingOpponent": 41, "rank": 2, "fantasyPoints": 199.76, "fantasyPointsOpponent": 212.58, "userNameOpponent": "sansbacon", "winningValue": 0}, {"draftGroupId": 37605, "contestKey": "89759665", "entryKey": "2150683171", "lineupId": 2551980207, "userName": "Ballerz407", "userKey": "1385365", "userEntryCount": 1, "userEntryIndex": 1, "timeRemaining": 221, "timeRemainingUnit": "PMR", "maxTimeRemaining": 1200, "timeRemainingOpponent": 41, "rank": 3, "fantasyPoints": 192.88, "fantasyPointsOpponent": 212.58, "userNameOpponent": "sansbacon", "winningValue": 0}]}