{"Leader": {"MegaDraftGroupId": 1, "MegaContestKey": "89757473", "MegaEntryKey": "2150622483", "UserName": "supermannbataman", "UserKey": "188357", "UserMegaEntryCount": 0, "UserMegaEntryIndex": 0, "TimeRemainingOpponent": 0, "Rank": 1, "FantasyPoints": 1088.86, "FantasyPointsOpponent": 1036.18, "RankScore": 0, "RankScoreOpponent": 0, "UserNameOpponent": "sansbacon", "WinningValue": 2.7, "Winnings": [{"value": 2.7, "description": "Cash"}], "UpdateStatus": {"lastUpdateTime": "2020-10-15T14:12:49.9941368+00:00"}}, "LastWinningMegaEntry": {"MegaDraftGroupId": 1, "MegaContestKey": "89757473", "MegaEntryKey": "2150622483", "UserName": "supermannbataman", "UserKey": "188357", "UserMegaEntryCount": 0, "UserMegaEntryIndex": 0, "TimeRemainingOpponent": 0, "Rank": 1, "FantasyPoints": 1088.86, "FantasyPointsOpponent": 1036.18, "RankScore": 0, "RankScoreOpponent": 0, "UserNameOpponent": "sansbacon", "WinningValue": 2.7, "Winnings": [{"value": 2.7, "description": "Cash"}], "UpdateStatus": {"lastUpdateTime": "2020-10-15T14:12:49.9941368+00:00"}}, "Leaderboard": [{"MegaDraftGroupId": 1, "MegaContestKey": "89757473", "MegaEntryKey": "2150622483", "UserName": "supermannbataman", "UserKey": "188357", "UserMegaEntryCount": 0, "UserMegaEntryIndex": 0, "TimeRemainingOpponent": 0, "Rank": 1, "FantasyPoints": 1088.86, "FantasyPointsOpponent": 1036.18, "RankScore": 0, "RankScoreOpponent": 0, "UserNameOpponent": "sansbacon", "WinningValue": 2.7, "Winnings": [{"value": 2.7, "description": "Cash"}], "UpdateStatus": {"lastUpdateTime": "2020-10-15T14:12:49.9941368+00:00"}}, {"MegaDraftGroupId": 1, "MegaContestKey": "89757473", "MegaEntryKey": "2150622566", "UserName": "sansbacon", "UserKey": "725157", "UserMegaEntryCount": 0, "UserMegaEntryIndex": 0, "TimeRemainingOpponent": 0, "Rank": 2, "FantasyPoints": 1036.18, "FantasyPointsOpponent": 1088.86, "RankScore": 0, "RankScoreOpponent": 0, "UserNameOpponent": "supermannbataman", "WinningValue": 0, "UpdateStatus": {"lastUpdateTime": "2020-10-15T14:12:49.9924006+00:00"}}, {"MegaDraftGroupId": 1, "MegaContestKey": "89757473", "MegaEntryKey": "2150648181", "UserName": "daustin85", "UserKey": "1178498", "UserMegaEntryCount": 0, "UserMegaEntryIndex": 0, "TimeRemainingOpponent": 0, "Rank": 3, "FantasyPoints": 859.66, "FantasyPointsOpponent": 1088.86, "RankScore": 0, "RankScoreOpponent": 0, "UserNameOpponent": "supermannbataman", "WinningValue": 0, "UpdateStatus": {"lastUpdateTime": "2020-10-15T14:12:49.9972710+00:00"}}], "UpdateStatus": {"lastUpdateTime": "2020-10-15T14:12:50.0020775+00:00"}}