{"href": "/scores/v1/contests/89757900/", "contestKey": "89757900", "leader": {"draftGroupId": 37605, "contestKey": "89757900", "entryKey": "2150624287", "lineupId": 2551952368, "userName": "sansbacon", "userKey": "725157", "userEntryCount": 1, "userEntryIndex": 1, "timeRemaining": 0, "timeRemainingUnit": "PMR", "maxTimeRemaining": 1200, "timeRemainingOpponent": 222.06, "rank": 1, "fantasyPoints": 228.28, "fantasyPointsOpponent": 185.98, "userNameOpponent": "Kicktastic", "winningValue": 0}, "leaderBoard": [{"draftGroupId": 37605, "contestKey": "89757900", "entryKey": "2150624287", "lineupId": 2551952368, "userName": "sansbacon", "userKey": "725157", "userEntryCount": 1, "userEntryIndex": 1, "timeRemaining": 0, "timeRemainingUnit": "PMR", "maxTimeRemaining": 1200, "timeRemainingOpponent": 222.06, "rank": 1, "fantasyPoints": 228.28, "fantasyPointsOpponent": 185.98, "userNameOpponent": "Kicktastic", "winningValue": 0}, {"draftGroupId": 37605, "contestKey": "89757900", "entryKey": "2150624450", "lineupId": 2551952369, "userName": "Kicktastic", "userKey": "875278", "userEntryCount": 1, "userEntryIndex": 1, "timeRemaining": 222.06, "timeRemainingUnit": "PMR", "maxTimeRemaining": 1200, "timeRemainingOpponent": 0, "rank": 2, "fantasyPoints": 185.98, "fantasyPointsOpponent": 228.28, "userNameOpponent": "sansbacon", "winningValue": 0}, {"draftGroupId": 37605, "contestKey": "89757900", "entryKey": "2150649979", "lineupId": 2551952370, "userName": "johnapitt", "userKey": "477498", "userEntryCount": 1, "userEntryIndex": 1, "timeRemaining": 42.06, "timeRemainingUnit": "PMR", "maxTimeRemaining": 1200, "timeRemainingOpponent": 0, "rank": 3, "fantasyPoints": 163.7, "fantasyPointsOpponent": 228.28, "userNameOpponent": "sansbacon", "winningValue": 0}]}