{"Leader": {"MegaDraftGroupId": 1, "MegaContestKey": "89759665", "MegaEntryKey": "2150665041", "UserName": "sansbacon", "UserKey": "725157", "UserMegaEntryCount": 0, "UserMegaEntryIndex": 0, "TimeRemainingOpponent": 0, "Rank": 1, "FantasyPoints": 1046.26, "FantasyPointsOpponent": 1000.52, "RankScore": 0, "RankScoreOpponent": 0, "UserNameOpponent": "Totes15", "WinningValue": 2.7, "Winnings": [{"value": 2.7, "description": "Cash"}], "UpdateStatus": {"lastUpdateTime": "2020-10-15T14:12:50.2296073+00:00"}}, "LastWinningMegaEntry": {"MegaDraftGroupId": 1, "MegaContestKey": "89759665", "MegaEntryKey": "2150665041", "UserName": "sansbacon", "UserKey": "725157", "UserMegaEntryCount": 0, "UserMegaEntryIndex": 0, "TimeRemainingOpponent": 0, "Rank": 1, "FantasyPoints": 1046.26, "FantasyPointsOpponent": 1000.52, "RankScore": 0, "RankScoreOpponent": 0, "UserNameOpponent": "Totes15", "WinningValue": 2.7, "Winnings": [{"value": 2.7, "description": "Cash"}], "UpdateStatus": {"lastUpdateTime": "2020-10-15T14:12:50.2296073+00:00"}}, "Leaderboard": [{"MegaDraftGroupId": 1, "MegaContestKey": "89759665", "MegaEntryKey": "2150665041", "UserName": "sansbacon", "UserKey": "725157", "UserMegaEntryCount": 0, "UserMegaEntryIndex": 0, "TimeRemainingOpponent": 0, "Rank": 1, "FantasyPoints": 1046.26, "FantasyPointsOpponent": 1000.52, "RankScore": 0, "RankScoreOpponent": 0, "UserNameOpponent": "Totes15", "WinningValue": 2.7, "Winnings": [{"value": 2.7, "description": "Cash"}], "UpdateStatus": {"lastUpdateTime": "2020-10-15T14:12:50.2296073+00:00"}}, {"MegaDraftGroupId": 1, "MegaContestKey": "89759665", "MegaEntryKey": "2150690994", "UserName": "Totes15", "UserKey": "1389977", "UserMegaEntryCount": 0, "UserMegaEntryIndex": 0, "TimeRemainingOpponent": 0, "Rank": 2, "FantasyPoints": 1000.52, "FantasyPointsOpponent": 1046.26, "RankScore": 0, "RankScoreOpponent": 0, "UserNameOpponent": "sansbacon", "WinningValue": 0, "UpdateStatus": {"lastUpdateTime": "2020-10-15T14:12:50.2248796+00:00"}}, {"MegaDraftGroupId": 1, "MegaContestKey": "89759665", "MegaEntryKey": "2150683171", "UserName": "Ballerz407", "UserKey": "1385365", "UserMegaEntryCount": 0, "UserMegaEntryIndex": 0, "TimeRemainingOpponent": 0, "Rank": 3, "FantasyPoints": 960.52, "FantasyPointsOpponent": 1046.26, "RankScore": 0, "RankScoreOpponent": 0, "UserNameOpponent": "sansbacon", "WinningValue": 0, "UpdateStatus": {"lastUpdateTime": "2020-10-15T14:12:50.2195094+00:00"}}], "UpdateStatus": {"lastUpdateTime": "2020-10-15T14:12:50.2305725+00:00"}}