{"href": "/scores/v1/contests/89754862/", "contestKey": "89754862", "leader": {"draftGroupId": 37605, "contestKey": "89754862", "entryKey": "2150577443", "lineupId": 2551891304, "userName": "ogallalabob", "userKey": "321020", "userEntryCount": 1, "userEntryIndex": 1, "timeRemaining": 60, "timeRemainingUnit": "PMR", "maxTimeRemaining": 1200, "timeRemainingOpponent": 101, "rank": 1, "fantasyPoints": 228.48, "fantasyPointsOpponent": 225.8, "userNameOpponent": "sansbacon", "winningValue": 0}, "leaderBoard": [{"draftGroupId": 37605, "contestKey": "89754862", "entryKey": "2150577443", "lineupId": 2551891304, "userName": "ogallalabob", "userKey": "321020", "userEntryCount": 1, "userEntryIndex": 1, "timeRemaining": 60, "timeRemainingUnit": "PMR", "maxTimeRemaining": 1200, "timeRemainingOpponent": 101, "rank": 1, "fantasyPoints": 228.48, "fantasyPointsOpponent": 225.8, "userNameOpponent": "sansbacon", "winningValue": 0}, {"draftGroupId": 37605, "contestKey": "89754862", "entryKey": "2150565462", "lineupId": 2551891300, "userName": "sansbacon", "userKey": "725157", "userEntryCount": 1, "userEntryIndex": 1, "timeRemaining": 101, "timeRemainingUnit": "PMR", "maxTimeRemaining": 1200, "timeRemainingOpponent": 60, "rank": 2, "fantasyPoints": 225.8, "fantasyPointsOpponent": 228.48, "userNameOpponent": "ogallalabob", "winningValue": 0}, {"draftGroupId": 37605, "contestKey": "89754862", "entryKey": "2150565509", "lineupId": 2551891303, "userName": "yogi007", "userKey": "200978", "userEntryCount": 1, "userEntryIndex": 1, "timeRemaining": 80.5, "timeRemainingUnit": "PMR", "maxTimeRemaining": 1200, "timeRemainingOpponent": 60, "rank": 3, "fantasyPoints": 166.78, "fantasyPointsOpponent": 228.48, "userNameOpponent": "ogallalabob", "winningValue": 0}]}