{"Leader": {"MegaDraftGroupId": 1, "MegaContestKey": "89760702", "MegaEntryKey": "2150726967", "UserName": "sansbacon", "UserKey": "725157", "UserMegaEntryCount": 0, "UserMegaEntryIndex": 0, "TimeRemainingOpponent": 0, "Rank": 1, "FantasyPoints": 1039.74, "FantasyPointsOpponent": 1026.1, "RankScore": 0, "RankScoreOpponent": 0, "UserNameOpponent": "Quassi", "WinningValue": 2.7, "Winnings": [{"value": 2.7, "description": "Cash"}], "UpdateStatus": {"lastUpdateTime": "2020-10-15T14:12:50.3048866+00:00"}}, "LastWinningMegaEntry": {"MegaDraftGroupId": 1, "MegaContestKey": "89760702", "MegaEntryKey": "2150726967", "UserName": "sansbacon", "UserKey": "725157", "UserMegaEntryCount": 0, "UserMegaEntryIndex": 0, "TimeRemainingOpponent": 0, "Rank": 1, "FantasyPoints": 1039.74, "FantasyPointsOpponent": 1026.1, "RankScore": 0, "RankScoreOpponent": 0, "UserNameOpponent": "Quassi", "WinningValue": 2.7, "Winnings": [{"value": 2.7, "description": "Cash"}], "UpdateStatus": {"lastUpdateTime": "2020-10-15T14:12:50.3048866+00:00"}}, "Leaderboard": [{"MegaDraftGroupId": 1, "MegaContestKey": "89760702", "MegaEntryKey": "2150726967", "UserName": "sansbacon", "UserKey": "725157", "UserMegaEntryCount": 0, "UserMegaEntryIndex": 0, "TimeRemainingOpponent": 0, "Rank": 1, "FantasyPoints": 1039.74, "FantasyPointsOpponent": 1026.1, "RankScore": 0, "RankScoreOpponent": 0, "UserNameOpponent": "Quassi", "WinningValue": 2.7, "Winnings": [{"value": 2.7, "description": "Cash"}], "UpdateStatus": {"lastUpdateTime": "2020-10-15T14:12:50.3048866+00:00"}}, {"MegaDraftGroupId": 1, "MegaContestKey": "89760702", "MegaEntryKey": "2150709414", "UserName": "Quassi", "UserKey": "7509758", "UserMegaEntryCount": 0, "UserMegaEntryIndex": 0, "TimeRemainingOpponent": 0, "Rank": 2, "FantasyPoints": 1026.1, "FantasyPointsOpponent": 1039.74, "RankScore": 0, "RankScoreOpponent": 0, "UserNameOpponent": "sansbacon", "WinningValue": 0, "UpdateStatus": {"lastUpdateTime": "2020-10-15T14:12:50.3055555+00:00"}}, {"MegaDraftGroupId": 1, "MegaContestKey": "89760702", "MegaEntryKey": "2150709433", "UserName": "YOmamaOld", "UserKey": "9414599", "UserMegaEntryCount": 0, "UserMegaEntryIndex": 0, "TimeRemainingOpponent": 0, "Rank": 3, "FantasyPoints": 996.76, "FantasyPointsOpponent": 1039.74, "RankScore": 0, "RankScoreOpponent": 0, "UserNameOpponent": "sansbacon", "WinningValue": 0, "UpdateStatus": {"lastUpdateTime": "2020-10-15T14:12:50.3060735+00:00"}}], "UpdateStatus": {"lastUpdateTime": "2020-10-15T14:12:50.3163335+00:00"}}