{"href": "/scores/v1/contests/89760702/", "contestKey": "89760702", "leader": {"draftGroupId": 37605, "contestKey": "89760702", "entryKey": "2150726967", "lineupId": 2551995093, "userName": "sansbacon", "userKey": "725157", "userEntryCount": 1, "userEntryIndex": 1, "timeRemaining": 161, "timeRemainingUnit": "PMR", "maxTimeRemaining": 1200, "timeRemainingOpponent": 20.5, "rank": 1, "fantasyPoints": 207.48, "fantasyPointsOpponent": 205.22, "userNameOpponent": "Quassi", "winningValue": 0}, "leaderBoard": [{"draftGroupId": 37605, "contestKey": "89760702", "entryKey": "2150726967", "lineupId": 2551995093, "userName": "sansbacon", "userKey": "725157", "userEntryCount": 1, "userEntryIndex": 1, "timeRemaining": 161, "timeRemainingUnit": "PMR", "maxTimeRemaining": 1200, "timeRemainingOpponent": 20.5, "rank": 1, "fantasyPoints": 207.48, "fantasyPointsOpponent": 205.22, "userNameOpponent": "Quassi", "winningValue": 0}, {"draftGroupId": 37605, "contestKey": "89760702", "entryKey": "2150709414", "lineupId": 2551995091, "userName": "Quassi", "userKey": "7509758", "userEntryCount": 1, "userEntryIndex": 1, "timeRemaining": 20.5, "timeRemainingUnit": "PMR", "maxTimeRemaining": 1200, "timeRemainingOpponent": 161, "rank": 2, "fantasyPoints": 205.22, "fantasyPointsOpponent": 207.48, "userNameOpponent": "sansbacon", "winningValue": 0}, {"draftGroupId": 37605, "contestKey": "89760702", "entryKey": "2150709433", "lineupId": 2551995092, "userName": "YOmamaOld", "userKey": "9414599", "userEntryCount": 1, "userEntryIndex": 1, "timeRemaining": 0, "timeRemainingUnit": "PMR", "maxTimeRemaining": 1200, "timeRemainingOpponent": 161, "rank": 3, "fantasyPoints": 188.28, "fantasyPointsOpponent": 207.48, "userNameOpponent": "sansbacon", "winningValue": 0}]}