{"Leader": {"MegaDraftGroupId": 1, "MegaContestKey": "89760189", "MegaEntryKey": "2150698096", "UserName": "sansbacon", "UserKey": "725157", "UserMegaEntryCount": 0, "UserMegaEntryIndex": 0, "TimeRemainingOpponent": 0, "Rank": 1, "FantasyPoints": 1051.26, "FantasyPointsOpponent": 1021.2, "RankScore": 0, "RankScoreOpponent": 0, "UserNameOpponent": "rboyes22", "WinningValue": 2.7, "Winnings": [{"value": 2.7, "description": "Cash"}], "UpdateStatus": {"lastUpdateTime": "2020-10-15T14:12:50.2924465+00:00"}}, "LastWinningMegaEntry": {"MegaDraftGroupId": 1, "MegaContestKey": "89760189", "MegaEntryKey": "2150698096", "UserName": "sansbacon", "UserKey": "725157", "UserMegaEntryCount": 0, "UserMegaEntryIndex": 0, "TimeRemainingOpponent": 0, "Rank": 1, "FantasyPoints": 1051.26, "FantasyPointsOpponent": 1021.2, "RankScore": 0, "RankScoreOpponent": 0, "UserNameOpponent": "rboyes22", "WinningValue": 2.7, "Winnings": [{"value": 2.7, "description": "Cash"}], "UpdateStatus": {"lastUpdateTime": "2020-10-15T14:12:50.2924465+00:00"}}, "Leaderboard": [{"MegaDraftGroupId": 1, "MegaContestKey": "89760189", "MegaEntryKey": "2150698096", "UserName": "sansbacon", "UserKey": "725157", "UserMegaEntryCount": 0, "UserMegaEntryIndex": 0, "TimeRemainingOpponent": 0, "Rank": 1, "FantasyPoints": 1051.26, "FantasyPointsOpponent": 1021.2, "RankScore": 0, "RankScoreOpponent": 0, "UserNameOpponent": "rboyes22", "WinningValue": 2.7, "Winnings": [{"value": 2.7, "description": "Cash"}], "UpdateStatus": {"lastUpdateTime": "2020-10-15T14:12:50.2924465+00:00"}}, {"MegaDraftGroupId": 1, "MegaContestKey": "89760189", "MegaEntryKey": "2150715896", "UserName": "rboyes22", "UserKey": "3751467", "UserMegaEntryCount": 0, "UserMegaEntryIndex": 0, "TimeRemainingOpponent": 0, "Rank": 2, "FantasyPoints": 1021.2, "FantasyPointsOpponent": 1051.26, "RankScore": 0, "RankScoreOpponent": 0, "UserNameOpponent": "sansbacon", "WinningValue": 0, "UpdateStatus": {"lastUpdateTime": "2020-10-15T14:12:50.2880230+00:00"}}, {"MegaDraftGroupId": 1, "MegaContestKey": "89760189", "MegaEntryKey": "2150698391", "UserName": "GoBigBeatdown", "UserKey": "3197343", "UserMegaEntryCount": 0, "UserMegaEntryIndex": 0, "TimeRemainingOpponent": 0, "Rank": 3, "FantasyPoints": 944.5, "FantasyPointsOpponent": 1051.26, "RankScore": 0, "RankScoreOpponent": 0, "UserNameOpponent": "sansbacon", "WinningValue": 0, "UpdateStatus": {"lastUpdateTime": "2020-10-15T14:12:50.2876283+00:00"}}], "UpdateStatus": {"lastUpdateTime": "2020-10-15T14:12:50.2958770+00:00"}}