{"href": "/scores/v1/contests/89760189/", "contestKey": "89760189", "leader": {"draftGroupId": 37605, "contestKey": "89760189", "entryKey": "2150698391", "lineupId": 2551988960, "userName": "GoBigBeatdown", "userKey": "3197343", "userEntryCount": 1, "userEntryIndex": 1, "timeRemaining": 41, "timeRemainingUnit": "PMR", "maxTimeRemaining": 1200, "timeRemainingOpponent": 60, "rank": 1, "fantasyPoints": 210.3, "fantasyPointsOpponent": 204.78, "userNameOpponent": "rboyes22", "winningValue": 0}, "leaderBoard": [{"draftGroupId": 37605, "contestKey": "89760189", "entryKey": "2150698391", "lineupId": 2551988960, "userName": "GoBigBeatdown", "userKey": "3197343", "userEntryCount": 1, "userEntryIndex": 1, "timeRemaining": 41, "timeRemainingUnit": "PMR", "maxTimeRemaining": 1200, "timeRemainingOpponent": 60, "rank": 1, "fantasyPoints": 210.3, "fantasyPointsOpponent": 204.78, "userNameOpponent": "rboyes22", "winningValue": 0}, {"draftGroupId": 37605, "contestKey": "89760189", "entryKey": "2150715896", "lineupId": 2551988961, "userName": "rboyes22", "userKey": "3751467", "userEntryCount": 1, "userEntryIndex": 1, "timeRemaining": 60, "timeRemainingUnit": "PMR", "maxTimeRemaining": 1200, "timeRemainingOpponent": 41, "rank": 2, "fantasyPoints": 204.78, "fantasyPointsOpponent": 210.3, "userNameOpponent": "GoBigBeatdown", "winningValue": 0}, {"draftGroupId": 37605, "contestKey": "89760189", "entryKey": "2150698096", "lineupId": 2551988959, "userName": "sansbacon", "userKey": "725157", "userEntryCount": 1, "userEntryIndex": 1, "timeRemaining": 101, "timeRemainingUnit": "PMR", "maxTimeRemaining": 1200, "timeRemainingOpponent": 41, "rank": 3, "fantasyPoints": 194.4, "fantasyPointsOpponent": 210.3, "userNameOpponent": "GoBigBeatdown", "winningValue": 0}]}