{"Leader": {"MegaDraftGroupId": 1, "MegaContestKey": "89771683", "MegaEntryKey": "2151083556", "UserName": "SchuBarry", "UserKey": "8854114", "UserMegaEntryCount": 0, "UserMegaEntryIndex": 0, "TimeRemainingOpponent": 0, "Rank": 1, "FantasyPoints": 1115.22, "FantasyPointsOpponent": 977.46, "RankScore": 0, "RankScoreOpponent": 0, "UserNameOpponent": "sansbacon", "WinningValue": 2.7, "Winnings": [{"value": 2.7, "description": "Cash"}], "UpdateStatus": {"lastUpdateTime": "2020-10-15T14:12:51.0268512+00:00"}}, "LastWinningMegaEntry": {"MegaDraftGroupId": 1, "MegaContestKey": "89771683", "MegaEntryKey": "2151083556", "UserName": "SchuBarry", "UserKey": "8854114", "UserMegaEntryCount": 0, "UserMegaEntryIndex": 0, "TimeRemainingOpponent": 0, "Rank": 1, "FantasyPoints": 1115.22, "FantasyPointsOpponent": 977.46, "RankScore": 0, "RankScoreOpponent": 0, "UserNameOpponent": "sansbacon", "WinningValue": 2.7, "Winnings": [{"value": 2.7, "description": "Cash"}], "UpdateStatus": {"lastUpdateTime": "2020-10-15T14:12:51.0268512+00:00"}}, "Leaderboard": [{"MegaDraftGroupId": 1, "MegaContestKey": "89771683", "MegaEntryKey": "2151083556", "UserName": "SchuBarry", "UserKey": "8854114", "UserMegaEntryCount": 0, "UserMegaEntryIndex": 0, "TimeRemainingOpponent": 0, "Rank": 1, "FantasyPoints": 1115.22, "FantasyPointsOpponent": 977.46, "RankScore": 0, "RankScoreOpponent": 0, "UserNameOpponent": "sansbacon", "WinningValue": 2.7, "Winnings": [{"value": 2.7, "description": "Cash"}], "UpdateStatus": {"lastUpdateTime": "2020-10-15T14:12:51.0268512+00:00"}}, {"MegaDraftGroupId": 1, "MegaContestKey": "89771683", "MegaEntryKey": "2151090155", "UserName": "sansbacon", "UserKey": "725157", "UserMegaEntryCount": 0, "UserMegaEntryIndex": 0, "TimeRemainingOpponent": 0, "Rank": 2, "FantasyPoints": 977.46, "FantasyPointsOpponent": 1115.22, "RankScore": 0, "RankScoreOpponent": 0, "UserNameOpponent": "SchuBarry", "WinningValue": 0, "UpdateStatus": {"lastUpdateTime": "2020-10-15T14:12:51.0265480+00:00"}}, {"MegaDraftGroupId": 1, "MegaContestKey": "89771683", "MegaEntryKey": "2151083308", "UserName": "pythons122", "UserKey": "311576", "UserMegaEntryCount": 0, "UserMegaEntryIndex": 0, "TimeRemainingOpponent": 0, "Rank": 3, "FantasyPoints": 913.2, "FantasyPointsOpponent": 1115.22, "RankScore": 0, "RankScoreOpponent": 0, "UserNameOpponent": "SchuBarry", "WinningValue": 0, "UpdateStatus": {"lastUpdateTime": "2020-10-15T14:12:51.0248511+00:00"}}], "UpdateStatus": {"lastUpdateTime": "2020-10-15T14:12:51.0272980+00:00"}}