{"href": "/scores/v1/contests/89772177/", "contestKey": "89772177", "leader": {"draftGroupId": 37605, "contestKey": "89772177", "entryKey": "2151117999", "lineupId": 2552208955, "userName": "okodude666", "userKey": "1191203", "userEntryCount": 1, "userEntryIndex": 1, "timeRemaining": 200.5, "timeRemainingUnit": "PMR", "maxTimeRemaining": 1200, "timeRemainingOpponent": 61.5, "rank": 1, "fantasyPoints": 218.28, "fantasyPointsOpponent": 199.5, "userNameOpponent": "sansbacon", "winningValue": 0}, "leaderBoard": [{"draftGroupId": 37605, "contestKey": "89772177", "entryKey": "2151117999", "lineupId": 2552208955, "userName": "okodude666", "userKey": "1191203", "userEntryCount": 1, "userEntryIndex": 1, "timeRemaining": 200.5, "timeRemainingUnit": "PMR", "maxTimeRemaining": 1200, "timeRemainingOpponent": 61.5, "rank": 1, "fantasyPoints": 218.28, "fantasyPointsOpponent": 199.5, "userNameOpponent": "sansbacon", "winningValue": 0}, {"draftGroupId": 37605, "contestKey": "89772177", "entryKey": "2151099049", "lineupId": 2552208953, "userName": "sansbacon", "userKey": "725157", "userEntryCount": 1, "userEntryIndex": 1, "timeRemaining": 61.5, "timeRemainingUnit": "PMR", "maxTimeRemaining": 1200, "timeRemainingOpponent": 200.5, "rank": 2, "fantasyPoints": 199.5, "fantasyPointsOpponent": 218.28, "userNameOpponent": "okodude666", "winningValue": 0}, {"draftGroupId": 37605, "contestKey": "89772177", "entryKey": "2151099876", "lineupId": 2552208954, "userName": "pythons122", "userKey": "311576", "userEntryCount": 1, "userEntryIndex": 1, "timeRemaining": 60, "timeRemainingUnit": "PMR", "maxTimeRemaining": 1200, "timeRemainingOpponent": 200.5, "rank": 3, "fantasyPoints": 179.68, "fantasyPointsOpponent": 218.28, "userNameOpponent": "okodude666", "winningValue": 0}]}