{"href": "/scores/v1/contests/89771683/", "contestKey": "89771683", "leader": {"draftGroupId": 37605, "contestKey": "89771683", "entryKey": "2151090155", "lineupId": 2552198851, "userName": "sansbacon", "userKey": "725157", "userEntryCount": 1, "userEntryIndex": 1, "timeRemaining": 81.03, "timeRemainingUnit": "PMR", "maxTimeRemaining": 1200, "timeRemainingOpponent": 21.03, "rank": 1, "fantasyPoints": 220, "fantasyPointsOpponent": 218.18, "userNameOpponent": "SchuBarry", "winningValue": 0}, "leaderBoard": [{"draftGroupId": 37605, "contestKey": "89771683", "entryKey": "2151090155", "lineupId": 2552198851, "userName": "sansbacon", "userKey": "725157", "userEntryCount": 1, "userEntryIndex": 1, "timeRemaining": 81.03, "timeRemainingUnit": "PMR", "maxTimeRemaining": 1200, "timeRemainingOpponent": 21.03, "rank": 1, "fantasyPoints": 220, "fantasyPointsOpponent": 218.18, "userNameOpponent": "SchuBarry", "winningValue": 0}, {"draftGroupId": 37605, "contestKey": "89771683", "entryKey": "2151083556", "lineupId": 2552198850, "userName": "SchuBarry", "userKey": "8854114", "userEntryCount": 1, "userEntryIndex": 1, "timeRemaining": 21.03, "timeRemainingUnit": "PMR", "maxTimeRemaining": 1200, "timeRemainingOpponent": 81.03, "rank": 2, "fantasyPoints": 218.18, "fantasyPointsOpponent": 220, "userNameOpponent": "sansbacon", "winningValue": 0}, {"draftGroupId": 37605, "contestKey": "89771683", "entryKey": "2151083308", "lineupId": 2552198849, "userName": "pythons122", "userKey": "311576", "userEntryCount": 1, "userEntryIndex": 1, "timeRemaining": 162.06, "timeRemainingUnit": "PMR", "maxTimeRemaining": 1200, "timeRemainingOpponent": 81.03, "rank": 3, "fantasyPoints": 167.48, "fantasyPointsOpponent": 220, "userNameOpponent": "sansbacon", "winningValue": 0}]}