{"Leader": {"MegaDraftGroupId": 1, "MegaContestKey": "89772177", "MegaEntryKey": "2151117999", "UserName": "okodude666", "UserKey": "1191203", "UserMegaEntryCount": 0, "UserMegaEntryIndex": 0, "TimeRemainingOpponent": 0, "Rank": 1, "FantasyPoints": 1028, "FantasyPointsOpponent": 1022.46, "RankScore": 0, "RankScoreOpponent": 0, "UserNameOpponent": "sansbacon", "WinningValue": 2.7, "Winnings": [{"value": 2.7, "description": "Cash"}], "UpdateStatus": {"lastUpdateTime": "2020-10-15T14:12:51.0401079+00:00"}}, "LastWinningMegaEntry": {"MegaDraftGroupId": 1, "MegaContestKey": "89772177", "MegaEntryKey": "2151117999", "UserName": "okodude666", "UserKey": "1191203", "UserMegaEntryCount": 0, "UserMegaEntryIndex": 0, "TimeRemainingOpponent": 0, "Rank": 1, "FantasyPoints": 1028, "FantasyPointsOpponent": 1022.46, "RankScore": 0, "RankScoreOpponent": 0, "UserNameOpponent": "sansbacon", "WinningValue": 2.7, "Winnings": [{"value": 2.7, "description": "Cash"}], "UpdateStatus": {"lastUpdateTime": "2020-10-15T14:12:51.0401079+00:00"}}, "Leaderboard": [{"MegaDraftGroupId": 1, "MegaContestKey": "89772177", "MegaEntryKey": "2151117999", "UserName": "okodude666", "UserKey": "1191203", "UserMegaEntryCount": 0, "UserMegaEntryIndex": 0, "TimeRemainingOpponent": 0, "Rank": 1, "FantasyPoints": 1028, "FantasyPointsOpponent": 1022.46, "RankScore": 0, "RankScoreOpponent": 0, "UserNameOpponent": "sansbacon", "WinningValue": 2.7, "Winnings": [{"value": 2.7, "description": "Cash"}], "UpdateStatus": {"lastUpdateTime": "2020-10-15T14:12:51.0401079+00:00"}}, {"MegaDraftGroupId": 1, "MegaContestKey": "89772177", "MegaEntryKey": "2151099049", "UserName": "sansbacon", "UserKey": "725157", "UserMegaEntryCount": 0, "UserMegaEntryIndex": 0, "TimeRemainingOpponent": 0, "Rank": 2, "FantasyPoints": 1022.46, "FantasyPointsOpponent": 1028, "RankScore": 0, "RankScoreOpponent": 0, "UserNameOpponent": "okodude666", "WinningValue": 0, "UpdateStatus": {"lastUpdateTime": "2020-10-15T14:12:51.0411110+00:00"}}, {"MegaDraftGroupId": 1, "MegaContestKey": "89772177", "MegaEntryKey": "2151099876", "UserName": "pythons122", "UserKey": "311576", "UserMegaEntryCount": 0, "UserMegaEntryIndex": 0, "TimeRemainingOpponent": 0, "Rank": 3, "FantasyPoints": 912.28, "FantasyPointsOpponent": 1028, "RankScore": 0, "RankScoreOpponent": 0, "UserNameOpponent": "okodude666", "WinningValue": 0, "UpdateStatus": {"lastUpdateTime": "2020-10-15T14:12:51.0336291+00:00"}}], "UpdateStatus": {"lastUpdateTime": "2020-10-15T14:12:51.0488860+00:00"}}