{"Leader": {"MegaDraftGroupId": 1, "MegaContestKey": "89795102", "MegaEntryKey": "2151807191", "UserName": "sansbacon", "UserKey": "725157", "UserMegaEntryCount": 0, "UserMegaEntryIndex": 0, "TimeRemainingOpponent": 0, "Rank": 1, "FantasyPoints": 1142.58, "FantasyPointsOpponent": 968.96, "RankScore": 0, "RankScoreOpponent": 0, "UserNameOpponent": "rhammons374", "WinningValue": 2.7, "Winnings": [{"value": 2.7, "description": "Cash"}], "UpdateStatus": {"lastUpdateTime": "2020-10-15T14:12:50.7110292+00:00"}}, "LastWinningMegaEntry": {"MegaDraftGroupId": 1, "MegaContestKey": "89795102", "MegaEntryKey": "2151807191", "UserName": "sansbacon", "UserKey": "725157", "UserMegaEntryCount": 0, "UserMegaEntryIndex": 0, "TimeRemainingOpponent": 0, "Rank": 1, "FantasyPoints": 1142.58, "FantasyPointsOpponent": 968.96, "RankScore": 0, "RankScoreOpponent": 0, "UserNameOpponent": "rhammons374", "WinningValue": 2.7, "Winnings": [{"value": 2.7, "description": "Cash"}], "UpdateStatus": {"lastUpdateTime": "2020-10-15T14:12:50.7110292+00:00"}}, "Leaderboard": [{"MegaDraftGroupId": 1, "MegaContestKey": "89795102", "MegaEntryKey": "2151807191", "UserName": "sansbacon", "UserKey": "725157", "UserMegaEntryCount": 0, "UserMegaEntryIndex": 0, "TimeRemainingOpponent": 0, "Rank": 1, "FantasyPoints": 1142.58, "FantasyPointsOpponent": 968.96, "RankScore": 0, "RankScoreOpponent": 0, "UserNameOpponent": "rhammons374", "WinningValue": 2.7, "Winnings": [{"value": 2.7, "description": "Cash"}], "UpdateStatus": {"lastUpdateTime": "2020-10-15T14:12:50.7110292+00:00"}}, {"MegaDraftGroupId": 1, "MegaContestKey": "89795102", "MegaEntryKey": "2151791530", "UserName": "rhammons374", "UserKey": "524882", "UserMegaEntryCount": 0, "UserMegaEntryIndex": 0, "TimeRemainingOpponent": 0, "Rank": 2, "FantasyPoints": 968.96, "FantasyPointsOpponent": 1142.58, "RankScore": 0, "RankScoreOpponent": 0, "UserNameOpponent": "sansbacon", "WinningValue": 0, "UpdateStatus": {"lastUpdateTime": "2020-10-15T14:12:50.7182714+00:00"}}, {"MegaDraftGroupId": 1, "MegaContestKey": "89795102", "MegaEntryKey": "2151783519", "UserName": "RestoreTheRoar1", "UserKey": "3326351", "UserMegaEntryCount": 0, "UserMegaEntryIndex": 0, "TimeRemainingOpponent": 0, "Rank": 3, "FantasyPoints": 882.38, "FantasyPointsOpponent": 1142.58, "RankScore": 0, "RankScoreOpponent": 0, "UserNameOpponent": "sansbacon", "WinningValue": 0, "UpdateStatus": {"lastUpdateTime": "2020-10-15T14:12:50.7124987+00:00"}}], "UpdateStatus": {"lastUpdateTime": "2020-10-15T14:12:50.7208113+00:00"}}