{"href": "/scores/v1/contests/89795102/", "contestKey": "89795102", "leader": {"draftGroupId": 37605, "contestKey": "89795102", "entryKey": "2151807191", "lineupId": 2552923129, "userName": "sansbacon", "userKey": "725157", "userEntryCount": 1, "userEntryIndex": 1, "timeRemaining": 42.06, "timeRemainingUnit": "PMR", "maxTimeRemaining": 1200, "timeRemainingOpponent": 0, "rank": 1, "fantasyPoints": 257.28, "fantasyPointsOpponent": 172.7, "userNameOpponent": "RestoreTheRoar1", "winningValue": 0}, "leaderBoard": [{"draftGroupId": 37605, "contestKey": "89795102", "entryKey": "2151807191", "lineupId": 2552923129, "userName": "sansbacon", "userKey": "725157", "userEntryCount": 1, "userEntryIndex": 1, "timeRemaining": 42.06, "timeRemainingUnit": "PMR", "maxTimeRemaining": 1200, "timeRemainingOpponent": 0, "rank": 1, "fantasyPoints": 257.28, "fantasyPointsOpponent": 172.7, "userNameOpponent": "RestoreTheRoar1", "winningValue": 0}, {"draftGroupId": 37605, "contestKey": "89795102", "entryKey": "2151783519", "lineupId": 2552923127, "userName": "RestoreTheRoar1", "userKey": "3326351", "userEntryCount": 1, "userEntryIndex": 1, "timeRemaining": 0, "timeRemainingUnit": "PMR", "maxTimeRemaining": 1200, "timeRemainingOpponent": 42.06, "rank": 2, "fantasyPoints": 172.7, "fantasyPointsOpponent": 257.28, "userNameOpponent": "sansbacon", "winningValue": 0}, {"draftGroupId": 37605, "contestKey": "89795102", "entryKey": "2151791530", "lineupId": 2552923128, "userName": "rhammons374", "userKey": "524882", "userEntryCount": 1, "userEntryIndex": 1, "timeRemaining": 162.06, "timeRemainingUnit": "PMR", "maxTimeRemaining": 1200, "timeRemainingOpponent": 42.06, "rank": 3, "fantasyPoints": 171, "fantasyPointsOpponent": 257.28, "userNameOpponent": "sansbacon", "winningValue": 0}]}