{"Leader": {"MegaDraftGroupId": 1, "MegaContestKey": "89795712", "MegaEntryKey": "2151804616", "UserName": "atlbrave91", "UserKey": "1815559", "UserMegaEntryCount": 0, "UserMegaEntryIndex": 0, "TimeRemainingOpponent": 0, "Rank": 1, "FantasyPoints": 1061.76, "FantasyPointsOpponent": 986.78, "RankScore": 0, "RankScoreOpponent": 0, "UserNameOpponent": "sansbacon", "WinningValue": 2.7, "Winnings": [{"value": 2.7, "description": "Cash"}], "UpdateStatus": {"lastUpdateTime": "2020-10-15T14:12:50.7831728+00:00"}}, "LastWinningMegaEntry": {"MegaDraftGroupId": 1, "MegaContestKey": "89795712", "MegaEntryKey": "2151804616", "UserName": "atlbrave91", "UserKey": "1815559", "UserMegaEntryCount": 0, "UserMegaEntryIndex": 0, "TimeRemainingOpponent": 0, "Rank": 1, "FantasyPoints": 1061.76, "FantasyPointsOpponent": 986.78, "RankScore": 0, "RankScoreOpponent": 0, "UserNameOpponent": "sansbacon", "WinningValue": 2.7, "Winnings": [{"value": 2.7, "description": "Cash"}], "UpdateStatus": {"lastUpdateTime": "2020-10-15T14:12:50.7831728+00:00"}}, "Leaderboard": [{"MegaDraftGroupId": 1, "MegaContestKey": "89795712", "MegaEntryKey": "2151804616", "UserName": "atlbrave91", "UserKey": "1815559", "UserMegaEntryCount": 0, "UserMegaEntryIndex": 0, "TimeRemainingOpponent": 0, "Rank": 1, "FantasyPoints": 1061.76, "FantasyPointsOpponent": 986.78, "RankScore": 0, "RankScoreOpponent": 0, "UserNameOpponent": "sansbacon", "WinningValue": 2.7, "Winnings": [{"value": 2.7, "description": "Cash"}], "UpdateStatus": {"lastUpdateTime": "2020-10-15T14:12:50.7831728+00:00"}}, {"MegaDraftGroupId": 1, "MegaContestKey": "89795712", "MegaEntryKey": "2151803468", "UserName": "sansbacon", "UserKey": "725157", "UserMegaEntryCount": 0, "UserMegaEntryIndex": 0, "TimeRemainingOpponent": 0, "Rank": 2, "FantasyPoints": 986.78, "FantasyPointsOpponent": 1061.76, "RankScore": 0, "RankScoreOpponent": 0, "UserNameOpponent": "atlbrave91", "WinningValue": 0, "UpdateStatus": {"lastUpdateTime": "2020-10-15T14:12:50.7834855+00:00"}}, {"MegaDraftGroupId": 1, "MegaContestKey": "89795712", "MegaEntryKey": "2151813725", "UserName": "ASchultz", "UserKey": "1272157", "UserMegaEntryCount": 0, "UserMegaEntryIndex": 0, "TimeRemainingOpponent": 0, "Rank": 3, "FantasyPoints": 956.08, "FantasyPointsOpponent": 1061.76, "RankScore": 0, "RankScoreOpponent": 0, "UserNameOpponent": "atlbrave91", "WinningValue": 0, "UpdateStatus": {"lastUpdateTime": "2020-10-15T14:12:50.7820218+00:00"}}], "UpdateStatus": {"lastUpdateTime": "2020-10-15T14:12:50.7856637+00:00"}}