{"href": "/scores/v1/contests/89795712/", "contestKey": "89795712", "leader": {"draftGroupId": 37605, "contestKey": "89795712", "entryKey": "2151803468", "lineupId": 2552960778, "userName": "sansbacon", "userKey": "725157", "userEntryCount": 1, "userEntryIndex": 1, "timeRemaining": 101, "timeRemainingUnit": "PMR", "maxTimeRemaining": 1200, "timeRemainingOpponent": 60, "rank": 1, "fantasyPoints": 222.28, "fantasyPointsOpponent": 206.1, "userNameOpponent": "atlbrave91", "winningValue": 0}, "leaderBoard": [{"draftGroupId": 37605, "contestKey": "89795712", "entryKey": "2151803468", "lineupId": 2552960778, "userName": "sansbacon", "userKey": "725157", "userEntryCount": 1, "userEntryIndex": 1, "timeRemaining": 101, "timeRemainingUnit": "PMR", "maxTimeRemaining": 1200, "timeRemainingOpponent": 60, "rank": 1, "fantasyPoints": 222.28, "fantasyPointsOpponent": 206.1, "userNameOpponent": "atlbrave91", "winningValue": 0}, {"draftGroupId": 37605, "contestKey": "89795712", "entryKey": "2151804616", "lineupId": 2552960779, "userName": "atlbrave91", "userKey": "1815559", "userEntryCount": 1, "userEntryIndex": 1, "timeRemaining": 60, "timeRemainingUnit": "PMR", "maxTimeRemaining": 1200, "timeRemainingOpponent": 101, "rank": 2, "fantasyPoints": 206.1, "fantasyPointsOpponent": 222.28, "userNameOpponent": "sansbacon", "winningValue": 0}, {"draftGroupId": 37605, "contestKey": "89795712", "entryKey": "2151813725", "lineupId": 2552960780, "userName": "ASchultz", "userKey": "1272157", "userEntryCount": 1, "userEntryIndex": 1, "timeRemaining": 20.5, "timeRemainingUnit": "PMR", "maxTimeRemaining": 1200, "timeRemainingOpponent": 101, "rank": 3, "fantasyPoints": 158.18, "fantasyPointsOpponent": 222.28, "userNameOpponent": "sansbacon", "winningValue": 0}]}