{"href": "/scores/v1/contests/89794702/", "contestKey": "89794702", "leader": {"draftGroupId": 37605, "contestKey": "89794702", "entryKey": "2151759366", "lineupId": 2552894429, "userName": "sansbacon", "userKey": "725157", "userEntryCount": 1, "userEntryIndex": 1, "timeRemaining": 20.5, "timeRemainingUnit": "PMR", "maxTimeRemaining": 1200, "timeRemainingOpponent": 80.5, "rank": 1, "fantasyPoints": 212.98, "fantasyPointsOpponent": 205.38, "userNameOpponent": "cmt2208", "winningValue": 0}, "leaderBoard": [{"draftGroupId": 37605, "contestKey": "89794702", "entryKey": "2151759366", "lineupId": 2552894429, "userName": "sansbacon", "userKey": "725157", "userEntryCount": 1, "userEntryIndex": 1, "timeRemaining": 20.5, "timeRemainingUnit": "PMR", "maxTimeRemaining": 1200, "timeRemainingOpponent": 80.5, "rank": 1, "fantasyPoints": 212.98, "fantasyPointsOpponent": 205.38, "userNameOpponent": "cmt2208", "winningValue": 0}, {"draftGroupId": 37605, "contestKey": "89794702", "entryKey": "2151767768", "lineupId": 2552894430, "userName": "cmt2208", "userKey": "1788690", "userEntryCount": 1, "userEntryIndex": 1, "timeRemaining": 80.5, "timeRemainingUnit": "PMR", "maxTimeRemaining": 1200, "timeRemainingOpponent": 20.5, "rank": 2, "fantasyPoints": 205.38, "fantasyPointsOpponent": 212.98, "userNameOpponent": "sansbacon", "winningValue": 0}, {"draftGroupId": 37605, "contestKey": "89794702", "entryKey": "2151770743", "lineupId": 2552894431, "userName": "zoxitic", "userKey": "3828502", "userEntryCount": 1, "userEntryIndex": 1, "timeRemaining": 101, "timeRemainingUnit": "PMR", "maxTimeRemaining": 1200, "timeRemainingOpponent": 20.5, "rank": 3, "fantasyPoints": 199.1, "fantasyPointsOpponent": 212.98, "userNameOpponent": "sansbacon", "winningValue": 0}]}