{"Leader": {"MegaDraftGroupId": 1, "MegaContestKey": "89794702", "MegaEntryKey": "2151759366", "UserName": "sansbacon", "UserKey": "725157", "UserMegaEntryCount": 0, "UserMegaEntryIndex": 0, "TimeRemainingOpponent": 0, "Rank": 1, "FantasyPoints": 1093.86, "FantasyPointsOpponent": 1073.4, "RankScore": 0, "RankScoreOpponent": 0, "UserNameOpponent": "cmt2208", "WinningValue": 2.7, "Winnings": [{"value": 2.7, "description": "Cash"}], "UpdateStatus": {"lastUpdateTime": "2020-10-15T14:12:50.6949961+00:00"}}, "LastWinningMegaEntry": {"MegaDraftGroupId": 1, "MegaContestKey": "89794702", "MegaEntryKey": "2151759366", "UserName": "sansbacon", "UserKey": "725157", "UserMegaEntryCount": 0, "UserMegaEntryIndex": 0, "TimeRemainingOpponent": 0, "Rank": 1, "FantasyPoints": 1093.86, "FantasyPointsOpponent": 1073.4, "RankScore": 0, "RankScoreOpponent": 0, "UserNameOpponent": "cmt2208", "WinningValue": 2.7, "Winnings": [{"value": 2.7, "description": "Cash"}], "UpdateStatus": {"lastUpdateTime": "2020-10-15T14:12:50.6949961+00:00"}}, "Leaderboard": [{"MegaDraftGroupId": 1, "MegaContestKey": "89794702", "MegaEntryKey": "2151759366", "UserName": "sansbacon", "UserKey": "725157", "UserMegaEntryCount": 0, "UserMegaEntryIndex": 0, "TimeRemainingOpponent": 0, "Rank": 1, "FantasyPoints": 1093.86, "FantasyPointsOpponent": 1073.4, "RankScore": 0, "RankScoreOpponent": 0, "UserNameOpponent": "cmt2208", "WinningValue": 2.7, "Winnings": [{"value": 2.7, "description": "Cash"}], "UpdateStatus": {"lastUpdateTime": "2020-10-15T14:12:50.6949961+00:00"}}, {"MegaDraftGroupId": 1, "MegaContestKey": "89794702", "MegaEntryKey": "2151767768", "UserName": "cmt2208", "UserKey": "1788690", "UserMegaEntryCount": 0, "UserMegaEntryIndex": 0, "TimeRemainingOpponent": 0, "Rank": 2, "FantasyPoints": 1073.4, "FantasyPointsOpponent": 1093.86, "RankScore": 0, "RankScoreOpponent": 0, "UserNameOpponent": "sansbacon", "WinningValue": 0, "UpdateStatus": {"lastUpdateTime": "2020-10-15T14:12:50.7014584+00:00"}}, {"MegaDraftGroupId": 1, "MegaContestKey": "89794702", "MegaEntryKey": "2151770743", "UserName": "zoxitic", "UserKey": "3828502", "UserMegaEntryCount": 0, "UserMegaEntryIndex": 0, "TimeRemainingOpponent": 0, "Rank": 3, "FantasyPoints": 935.84, "FantasyPointsOpponent": 1093.86, "RankScore": 0, "RankScoreOpponent": 0, "UserNameOpponent": "sansbacon", "WinningValue": 0, "UpdateStatus": {"lastUpdateTime": "2020-10-15T14:12:50.7013209+00:00"}}], "UpdateStatus": {"lastUpdateTime": "2020-10-15T14:12:50.7140861+00:00"}}