{"href": "/scores/v1/contests/89804698/", "contestKey": "89804698", "leader": {"draftGroupId": 37605, "contestKey": "89804698", "entryKey": "2152051486", "lineupId": 2553386086, "userName": "mikemcd810", "userKey": "753046", "userEntryCount": 1, "userEntryIndex": 1, "timeRemaining": 63.09, "timeRemainingUnit": "PMR", "maxTimeRemaining": 1200, "timeRemainingOpponent": 60, "rank": 1, "fantasyPoints": 228.6, "fantasyPointsOpponent": 190.58, "userNameOpponent": "jmegill", "winningValue": 0}, "leaderBoard": [{"draftGroupId": 37605, "contestKey": "89804698", "entryKey": "2152051486", "lineupId": 2553386086, "userName": "mikemcd810", "userKey": "753046", "userEntryCount": 1, "userEntryIndex": 1, "timeRemaining": 63.09, "timeRemainingUnit": "PMR", "maxTimeRemaining": 1200, "timeRemainingOpponent": 60, "rank": 1, "fantasyPoints": 228.6, "fantasyPointsOpponent": 190.58, "userNameOpponent": "jmegill", "winningValue": 0}, {"draftGroupId": 37605, "contestKey": "89804698", "entryKey": "2152026785", "lineupId": 2553386084, "userName": "jmegill", "userKey": "5063292", "userEntryCount": 1, "userEntryIndex": 1, "timeRemaining": 60, "timeRemainingUnit": "PMR", "maxTimeRemaining": 1200, "timeRemainingOpponent": 63.09, "rank": 2, "fantasyPoints": 190.58, "fantasyPointsOpponent": 228.6, "userNameOpponent": "mikemcd810", "winningValue": 0}, {"draftGroupId": 37605, "contestKey": "89804698", "entryKey": "2152040802", "lineupId": 2553386085, "userName": "sansbacon", "userKey": "725157", "userEntryCount": 1, "userEntryIndex": 1, "timeRemaining": 141.03, "timeRemainingUnit": "PMR", "maxTimeRemaining": 1200, "timeRemainingOpponent": 63.09, "rank": 3, "fantasyPoints": 190.18, "fantasyPointsOpponent": 228.6, "userNameOpponent": "mikemcd810", "winningValue": 0}]}