{"Leader": {"MegaDraftGroupId": 1, "MegaContestKey": "89804698", "MegaEntryKey": "2152040802", "UserName": "sansbacon", "UserKey": "725157", "UserMegaEntryCount": 0, "UserMegaEntryIndex": 0, "TimeRemainingOpponent": 0, "Rank": 1, "FantasyPoints": 1059.52, "FantasyPointsOpponent": 994.96, "RankScore": 0, "RankScoreOpponent": 0, "UserNameOpponent": "mikemcd810", "WinningValue": 2.7, "Winnings": [{"value": 2.7, "description": "Cash"}], "UpdateStatus": {"lastUpdateTime": "2020-10-15T14:12:51.0590528+00:00"}}, "LastWinningMegaEntry": {"MegaDraftGroupId": 1, "MegaContestKey": "89804698", "MegaEntryKey": "2152040802", "UserName": "sansbacon", "UserKey": "725157", "UserMegaEntryCount": 0, "UserMegaEntryIndex": 0, "TimeRemainingOpponent": 0, "Rank": 1, "FantasyPoints": 1059.52, "FantasyPointsOpponent": 994.96, "RankScore": 0, "RankScoreOpponent": 0, "UserNameOpponent": "mikemcd810", "WinningValue": 2.7, "Winnings": [{"value": 2.7, "description": "Cash"}], "UpdateStatus": {"lastUpdateTime": "2020-10-15T14:12:51.0590528+00:00"}}, "Leaderboard": [{"MegaDraftGroupId": 1, "MegaContestKey": "89804698", "MegaEntryKey": "2152040802", "UserName": "sansbacon", "UserKey": "725157", "UserMegaEntryCount": 0, "UserMegaEntryIndex": 0, "TimeRemainingOpponent": 0, "Rank": 1, "FantasyPoints": 1059.52, "FantasyPointsOpponent": 994.96, "RankScore": 0, "RankScoreOpponent": 0, "UserNameOpponent": "mikemcd810", "WinningValue": 2.7, "Winnings": [{"value": 2.7, "description": "Cash"}], "UpdateStatus": {"lastUpdateTime": "2020-10-15T14:12:51.0590528+00:00"}}, {"MegaDraftGroupId": 1, "MegaContestKey": "89804698", "MegaEntryKey": "2152051486", "UserName": "mikemcd810", "UserKey": "753046", "UserMegaEntryCount": 0, "UserMegaEntryIndex": 0, "TimeRemainingOpponent": 0, "Rank": 2, "FantasyPoints": 994.96, "FantasyPointsOpponent": 1059.52, "RankScore": 0, "RankScoreOpponent": 0, "UserNameOpponent": "sansbacon", "WinningValue": 0, "UpdateStatus": {"lastUpdateTime": "2020-10-15T14:12:51.0671325+00:00"}}, {"MegaDraftGroupId": 1, "MegaContestKey": "89804698", "MegaEntryKey": "2152026785", "UserName": "jmegill", "UserKey": "5063292", "UserMegaEntryCount": 0, "UserMegaEntryIndex": 0, "TimeRemainingOpponent": 0, "Rank": 3, "FantasyPoints": 991.7, "FantasyPointsOpponent": 1059.52, "RankScore": 0, "RankScoreOpponent": 0, "UserNameOpponent": "sansbacon", "WinningValue": 0, "UpdateStatus": {"lastUpdateTime": "2020-10-15T14:12:51.0662994+00:00"}}], "UpdateStatus": {"lastUpdateTime": "2020-10-15T14:12:51.0747683+00:00"}}