{"href": "/scores/v1/contests/89803258/", "contestKey": "89803258", "leader": {"draftGroupId": 37605, "contestKey": "89803258", "entryKey": "2152017084", "lineupId": 2553339142, "userName": "sansbacon", "userKey": "725157", "userEntryCount": 1, "userEntryIndex": 1, "timeRemaining": 42.06, "timeRemainingUnit": "PMR", "maxTimeRemaining": 1200, "timeRemainingOpponent": 120, "rank": 1, "fantasyPoints": 225.02, "fantasyPointsOpponent": 191.7, "userNameOpponent": "rhammons374", "winningValue": 0}, "leaderBoard": [{"draftGroupId": 37605, "contestKey": "89803258", "entryKey": "2152017084", "lineupId": 2553339142, "userName": "sansbacon", "userKey": "725157", "userEntryCount": 1, "userEntryIndex": 1, "timeRemaining": 42.06, "timeRemainingUnit": "PMR", "maxTimeRemaining": 1200, "timeRemainingOpponent": 120, "rank": 1, "fantasyPoints": 225.02, "fantasyPointsOpponent": 191.7, "userNameOpponent": "rhammons374", "winningValue": 0}, {"draftGroupId": 37605, "contestKey": "89803258", "entryKey": "2152001981", "lineupId": 2553339140, "userName": "rhammons374", "userKey": "524882", "userEntryCount": 1, "userEntryIndex": 1, "timeRemaining": 120, "timeRemainingUnit": "PMR", "maxTimeRemaining": 1200, "timeRemainingOpponent": 42.06, "rank": 2, "fantasyPoints": 191.7, "fantasyPointsOpponent": 225.02, "userNameOpponent": "sansbacon", "winningValue": 0}, {"draftGroupId": 37605, "contestKey": "89803258", "entryKey": "2151986808", "lineupId": 2553339139, "userName": "szeiss86", "userKey": "3451654", "userEntryCount": 1, "userEntryIndex": 1, "timeRemaining": 162.06, "timeRemainingUnit": "PMR", "maxTimeRemaining": 1200, "timeRemainingOpponent": 42.06, "rank": 3, "fantasyPoints": 183.88, "fantasyPointsOpponent": 225.02, "userNameOpponent": "sansbacon", "winningValue": 0}]}