{"href": "/scores/v1/contests/89809894/", "contestKey": "89809894", "leader": {"draftGroupId": 37605, "contestKey": "89809894", "entryKey": "2152160391", "lineupId": 2553529584, "userName": "Incoma", "userKey": "10227335", "userEntryCount": 1, "userEntryIndex": 1, "timeRemaining": 0, "timeRemainingUnit": "PMR", "maxTimeRemaining": 1200, "timeRemainingOpponent": 161, "rank": 1, "fantasyPoints": 206.2, "fantasyPointsOpponent": 199.78, "userNameOpponent": "sansbacon", "winningValue": 0}, "leaderBoard": [{"draftGroupId": 37605, "contestKey": "89809894", "entryKey": "2152160391", "lineupId": 2553529584, "userName": "Incoma", "userKey": "10227335", "userEntryCount": 1, "userEntryIndex": 1, "timeRemaining": 0, "timeRemainingUnit": "PMR", "maxTimeRemaining": 1200, "timeRemainingOpponent": 161, "rank": 1, "fantasyPoints": 206.2, "fantasyPointsOpponent": 199.78, "userNameOpponent": "sansbacon", "winningValue": 0}, {"draftGroupId": 37605, "contestKey": "89809894", "entryKey": "2152152494", "lineupId": 2553529581, "userName": "sansbacon", "userKey": "725157", "userEntryCount": 1, "userEntryIndex": 1, "timeRemaining": 161, "timeRemainingUnit": "PMR", "maxTimeRemaining": 1200, "timeRemainingOpponent": 0, "rank": 2, "fantasyPoints": 199.78, "fantasyPointsOpponent": 206.2, "userNameOpponent": "Incoma", "winningValue": 0}, {"draftGroupId": 37605, "contestKey": "89809894", "entryKey": "2152160363", "lineupId": 2553529583, "userName": "jakeywax31", "userKey": "604558", "userEntryCount": 1, "userEntryIndex": 1, "timeRemaining": 20.5, "timeRemainingUnit": "PMR", "maxTimeRemaining": 1200, "timeRemainingOpponent": 0, "rank": 3, "fantasyPoints": 197.4, "fantasyPointsOpponent": 206.2, "userNameOpponent": "Incoma", "winningValue": 0}]}