{"Leader": {"MegaDraftGroupId": 1, "MegaContestKey": "89803258", "MegaEntryKey": "2152017084", "UserName": "sansbacon", "UserKey": "725157", "UserMegaEntryCount": 0, "UserMegaEntryIndex": 0, "TimeRemainingOpponent": 0, "Rank": 1, "FantasyPoints": 1101.44, "FantasyPointsOpponent": 1039.4, "RankScore": 0, "RankScoreOpponent": 0, "UserNameOpponent": "rhammons374", "WinningValue": 2.7, "Winnings": [{"value": 2.7, "description": "Cash"}], "UpdateStatus": {"lastUpdateTime": "2020-10-15T14:12:50.9812189+00:00"}}, "LastWinningMegaEntry": {"MegaDraftGroupId": 1, "MegaContestKey": "89803258", "MegaEntryKey": "2152017084", "UserName": "sansbacon", "UserKey": "725157", "UserMegaEntryCount": 0, "UserMegaEntryIndex": 0, "TimeRemainingOpponent": 0, "Rank": 1, "FantasyPoints": 1101.44, "FantasyPointsOpponent": 1039.4, "RankScore": 0, "RankScoreOpponent": 0, "UserNameOpponent": "rhammons374", "WinningValue": 2.7, "Winnings": [{"value": 2.7, "description": "Cash"}], "UpdateStatus": {"lastUpdateTime": "2020-10-15T14:12:50.9812189+00:00"}}, "Leaderboard": [{"MegaDraftGroupId": 1, "MegaContestKey": "89803258", "MegaEntryKey": "2152017084", "UserName": "sansbacon", "UserKey": "725157", "UserMegaEntryCount": 0, "UserMegaEntryIndex": 0, "TimeRemainingOpponent": 0, "Rank": 1, "FantasyPoints": 1101.44, "FantasyPointsOpponent": 1039.4, "RankScore": 0, "RankScoreOpponent": 0, "UserNameOpponent": "rhammons374", "WinningValue": 2.7, "Winnings": [{"value": 2.7, "description": "Cash"}], "UpdateStatus": {"lastUpdateTime": "2020-10-15T14:12:50.9812189+00:00"}}, {"MegaDraftGroupId": 1, "MegaContestKey": "89803258", "MegaEntryKey": "2152001981", "UserName": "rhammons374", "UserKey": "524882", "UserMegaEntryCount": 0, "UserMegaEntryIndex": 0, "TimeRemainingOpponent": 0, "Rank": 2, "FantasyPoints": 1039.4, "FantasyPointsOpponent": 1101.44, "RankScore": 0, "RankScoreOpponent": 0, "UserNameOpponent": "sansbacon", "WinningValue": 0, "UpdateStatus": {"lastUpdateTime": "2020-10-15T14:12:50.9791363+00:00"}}, {"MegaDraftGroupId": 1, "MegaContestKey": "89803258", "MegaEntryKey": "2151986808", "UserName": "szeiss86", "UserKey": "3451654", "UserMegaEntryCount": 0, "UserMegaEntryIndex": 0, "TimeRemainingOpponent": 0, "Rank": 3, "FantasyPoints": 896.5, "FantasyPointsOpponent": 1101.44, "RankScore": 0, "RankScoreOpponent": 0, "UserNameOpponent": "sansbacon", "WinningValue": 0, "UpdateStatus": {"lastUpdateTime": "2020-10-15T14:12:50.9809575+00:00"}}], "UpdateStatus": {"lastUpdateTime": "2020-10-15T14:12:50.9940559+00:00"}}