{"Leader": {"MegaDraftGroupId": 1, "MegaContestKey": "89809894", "MegaEntryKey": "2152152494", "UserName": "sansbacon", "UserKey": "725157", "UserMegaEntryCount": 0, "UserMegaEntryIndex": 0, "TimeRemainingOpponent": 0, "Rank": 1, "FantasyPoints": 1081.86, "FantasyPointsOpponent": 1005.86, "RankScore": 0, "RankScoreOpponent": 0, "UserNameOpponent": "jakeywax31", "WinningValue": 2.7, "Winnings": [{"value": 2.7, "description": "Cash"}], "UpdateStatus": {"lastUpdateTime": "2020-10-15T14:12:51.2225023+00:00"}}, "LastWinningMegaEntry": {"MegaDraftGroupId": 1, "MegaContestKey": "89809894", "MegaEntryKey": "2152152494", "UserName": "sansbacon", "UserKey": "725157", "UserMegaEntryCount": 0, "UserMegaEntryIndex": 0, "TimeRemainingOpponent": 0, "Rank": 1, "FantasyPoints": 1081.86, "FantasyPointsOpponent": 1005.86, "RankScore": 0, "RankScoreOpponent": 0, "UserNameOpponent": "jakeywax31", "WinningValue": 2.7, "Winnings": [{"value": 2.7, "description": "Cash"}], "UpdateStatus": {"lastUpdateTime": "2020-10-15T14:12:51.2225023+00:00"}}, "Leaderboard": [{"MegaDraftGroupId": 1, "MegaContestKey": "89809894", "MegaEntryKey": "2152152494", "UserName": "sansbacon", "UserKey": "725157", "UserMegaEntryCount": 0, "UserMegaEntryIndex": 0, "TimeRemainingOpponent": 0, "Rank": 1, "FantasyPoints": 1081.86, "FantasyPointsOpponent": 1005.86, "RankScore": 0, "RankScoreOpponent": 0, "UserNameOpponent": "jakeywax31", "WinningValue": 2.7, "Winnings": [{"value": 2.7, "description": "Cash"}], "UpdateStatus": {"lastUpdateTime": "2020-10-15T14:12:51.2225023+00:00"}}, {"MegaDraftGroupId": 1, "MegaContestKey": "89809894", "MegaEntryKey": "2152160363", "UserName": "jakeywax31", "UserKey": "604558", "UserMegaEntryCount": 0, "UserMegaEntryIndex": 0, "TimeRemainingOpponent": 0, "Rank": 2, "FantasyPoints": 1005.86, "FantasyPointsOpponent": 1081.86, "RankScore": 0, "RankScoreOpponent": 0, "UserNameOpponent": "sansbacon", "WinningValue": 0, "UpdateStatus": {"lastUpdateTime": "2020-10-15T14:12:51.2223642+00:00"}}, {"MegaDraftGroupId": 1, "MegaContestKey": "89809894", "MegaEntryKey": "2152160391", "UserName": "Incoma", "UserKey": "10227335", "UserMegaEntryCount": 0, "UserMegaEntryIndex": 0, "TimeRemainingOpponent": 0, "Rank": 3, "FantasyPoints": 933, "FantasyPointsOpponent": 1081.86, "RankScore": 0, "RankScoreOpponent": 0, "UserNameOpponent": "sansbacon", "WinningValue": 0, "UpdateStatus": {"lastUpdateTime": "2020-10-15T14:12:51.2219579+00:00"}}], "UpdateStatus": {"lastUpdateTime": "2020-10-15T14:12:51.2228121+00:00"}}