{"Leader": {"MegaDraftGroupId": 1, "MegaContestKey": "89811528", "MegaEntryKey": "2152202656", "UserName": "Jaydawg12", "UserKey": "1220761", "UserMegaEntryCount": 0, "UserMegaEntryIndex": 0, "TimeRemainingOpponent": 0, "Rank": 1, "FantasyPoints": 1059.36, "FantasyPointsOpponent": 1043.8, "RankScore": 0, "RankScoreOpponent": 0, "UserNameOpponent": "sansbacon", "WinningValue": 2.7, "Winnings": [{"value": 2.7, "description": "Cash"}], "UpdateStatus": {"lastUpdateTime": "2020-10-15T14:12:51.4876956+00:00"}}, "LastWinningMegaEntry": {"MegaDraftGroupId": 1, "MegaContestKey": "89811528", "MegaEntryKey": "2152202656", "UserName": "Jaydawg12", "UserKey": "1220761", "UserMegaEntryCount": 0, "UserMegaEntryIndex": 0, "TimeRemainingOpponent": 0, "Rank": 1, "FantasyPoints": 1059.36, "FantasyPointsOpponent": 1043.8, "RankScore": 0, "RankScoreOpponent": 0, "UserNameOpponent": "sansbacon", "WinningValue": 2.7, "Winnings": [{"value": 2.7, "description": "Cash"}], "UpdateStatus": {"lastUpdateTime": "2020-10-15T14:12:51.4876956+00:00"}}, "Leaderboard": [{"MegaDraftGroupId": 1, "MegaContestKey": "89811528", "MegaEntryKey": "2152202656", "UserName": "Jaydawg12", "UserKey": "1220761", "UserMegaEntryCount": 0, "UserMegaEntryIndex": 0, "TimeRemainingOpponent": 0, "Rank": 1, "FantasyPoints": 1059.36, "FantasyPointsOpponent": 1043.8, "RankScore": 0, "RankScoreOpponent": 0, "UserNameOpponent": "sansbacon", "WinningValue": 2.7, "Winnings": [{"value": 2.7, "description": "Cash"}], "UpdateStatus": {"lastUpdateTime": "2020-10-15T14:12:51.4876956+00:00"}}, {"MegaDraftGroupId": 1, "MegaContestKey": "89811528", "MegaEntryKey": "2152195523", "UserName": "sansbacon", "UserKey": "725157", "UserMegaEntryCount": 0, "UserMegaEntryIndex": 0, "TimeRemainingOpponent": 0, "Rank": 2, "FantasyPoints": 1043.8, "FantasyPointsOpponent": 1059.36, "RankScore": 0, "RankScoreOpponent": 0, "UserNameOpponent": "Jaydawg12", "WinningValue": 0, "UpdateStatus": {"lastUpdateTime": "2020-10-15T14:12:51.4819517+00:00"}}, {"MegaDraftGroupId": 1, "MegaContestKey": "89811528", "MegaEntryKey": "2152202271", "UserName": "Blackieryan", "UserKey": "12708215", "UserMegaEntryCount": 0, "UserMegaEntryIndex": 0, "TimeRemainingOpponent": 0, "Rank": 3, "FantasyPoints": 904.72, "FantasyPointsOpponent": 1059.36, "RankScore": 0, "RankScoreOpponent": 0, "UserNameOpponent": "Jaydawg12", "WinningValue": 0, "UpdateStatus": {"lastUpdateTime": "2020-10-15T14:12:51.4822998+00:00"}}], "UpdateStatus": {"lastUpdateTime": "2020-10-15T14:12:51.4904419+00:00"}}