{"href": "/scores/v1/contests/89811528/", "contestKey": "89811528", "leader": {"draftGroupId": 37605, "contestKey": "89811528", "entryKey": "2152202656", "lineupId": 2553567425, "userName": "Jaydawg12", "userKey": "1220761", "userEntryCount": 1, "userEntryIndex": 1, "timeRemaining": 60, "timeRemainingUnit": "PMR", "maxTimeRemaining": 1200, "timeRemainingOpponent": 121.5, "rank": 1, "fantasyPoints": 207.88, "fantasyPointsOpponent": 194.02, "userNameOpponent": "sansbacon", "winningValue": 0}, "leaderBoard": [{"draftGroupId": 37605, "contestKey": "89811528", "entryKey": "2152202656", "lineupId": 2553567425, "userName": "Jaydawg12", "userKey": "1220761", "userEntryCount": 1, "userEntryIndex": 1, "timeRemaining": 60, "timeRemainingUnit": "PMR", "maxTimeRemaining": 1200, "timeRemainingOpponent": 121.5, "rank": 1, "fantasyPoints": 207.88, "fantasyPointsOpponent": 194.02, "userNameOpponent": "sansbacon", "winningValue": 0}, {"draftGroupId": 37605, "contestKey": "89811528", "entryKey": "2152195523", "lineupId": 2553567423, "userName": "sansbacon", "userKey": "725157", "userEntryCount": 1, "userEntryIndex": 1, "timeRemaining": 121.5, "timeRemainingUnit": "PMR", "maxTimeRemaining": 1200, "timeRemainingOpponent": 60, "rank": 2, "fantasyPoints": 194.02, "fantasyPointsOpponent": 207.88, "userNameOpponent": "Jaydawg12", "winningValue": 0}, {"draftGroupId": 37605, "contestKey": "89811528", "entryKey": "2152202271", "lineupId": 2553567424, "userName": "Blackieryan", "userKey": "12708215", "userEntryCount": 1, "userEntryIndex": 1, "timeRemaining": 140.5, "timeRemainingUnit": "PMR", "maxTimeRemaining": 1200, "timeRemainingOpponent": 60, "rank": 3, "fantasyPoints": 190.38, "fantasyPointsOpponent": 207.88, "userNameOpponent": "Jaydawg12", "winningValue": 0}]}