{"href": "/scores/v1/contests/89829372/", "contestKey": "89829372", "leader": {"draftGroupId": 37605, "contestKey": "89829372", "entryKey": "2152913356", "lineupId": 2554045186, "userName": "dsrdsr1", "userKey": "6595571", "userEntryCount": 1, "userEntryIndex": 1, "timeRemaining": 101, "timeRemainingUnit": "PMR", "maxTimeRemaining": 1200, "timeRemainingOpponent": 120, "rank": 1, "fantasyPoints": 221.68, "fantasyPointsOpponent": 219.18, "userNameOpponent": "sansbacon", "winningValue": 0}, "leaderBoard": [{"draftGroupId": 37605, "contestKey": "89829372", "entryKey": "2152913356", "lineupId": 2554045186, "userName": "dsrdsr1", "userKey": "6595571", "userEntryCount": 1, "userEntryIndex": 1, "timeRemaining": 101, "timeRemainingUnit": "PMR", "maxTimeRemaining": 1200, "timeRemainingOpponent": 120, "rank": 1, "fantasyPoints": 221.68, "fantasyPointsOpponent": 219.18, "userNameOpponent": "sansbacon", "winningValue": 0}, {"draftGroupId": 37605, "contestKey": "89829372", "entryKey": "2152907037", "lineupId": 2554045184, "userName": "sansbacon", "userKey": "725157", "userEntryCount": 1, "userEntryIndex": 1, "timeRemaining": 120, "timeRemainingUnit": "PMR", "maxTimeRemaining": 1200, "timeRemainingOpponent": 101, "rank": 2, "fantasyPoints": 219.18, "fantasyPointsOpponent": 221.68, "userNameOpponent": "dsrdsr1", "winningValue": 0}, {"draftGroupId": 37605, "contestKey": "89829372", "entryKey": "2152937424", "lineupId": 2554045187, "userName": "jeffgreen217", "userKey": "8074251", "userEntryCount": 1, "userEntryIndex": 1, "timeRemaining": 41, "timeRemainingUnit": "PMR", "maxTimeRemaining": 1200, "timeRemainingOpponent": 101, "rank": 3, "fantasyPoints": 171.9, "fantasyPointsOpponent": 221.68, "userNameOpponent": "dsrdsr1", "winningValue": 0}]}