{"Leader": {"MegaDraftGroupId": 1, "MegaContestKey": "89829912", "MegaEntryKey": "2152948977", "UserName": "sansbacon", "UserKey": "725157", "UserMegaEntryCount": 0, "UserMegaEntryIndex": 0, "TimeRemainingOpponent": 0, "Rank": 1, "FantasyPoints": 1059.42, "FantasyPointsOpponent": 992.72, "RankScore": 0, "RankScoreOpponent": 0, "UserNameOpponent": "fisherto9", "WinningValue": 2.7, "Winnings": [{"value": 2.7, "description": "Cash"}], "UpdateStatus": {"lastUpdateTime": "2020-10-15T14:12:51.1088910+00:00"}}, "LastWinningMegaEntry": {"MegaDraftGroupId": 1, "MegaContestKey": "89829912", "MegaEntryKey": "2152948977", "UserName": "sansbacon", "UserKey": "725157", "UserMegaEntryCount": 0, "UserMegaEntryIndex": 0, "TimeRemainingOpponent": 0, "Rank": 1, "FantasyPoints": 1059.42, "FantasyPointsOpponent": 992.72, "RankScore": 0, "RankScoreOpponent": 0, "UserNameOpponent": "fisherto9", "WinningValue": 2.7, "Winnings": [{"value": 2.7, "description": "Cash"}], "UpdateStatus": {"lastUpdateTime": "2020-10-15T14:12:51.1088910+00:00"}}, "Leaderboard": [{"MegaDraftGroupId": 1, "MegaContestKey": "89829912", "MegaEntryKey": "2152948977", "UserName": "sansbacon", "UserKey": "725157", "UserMegaEntryCount": 0, "UserMegaEntryIndex": 0, "TimeRemainingOpponent": 0, "Rank": 1, "FantasyPoints": 1059.42, "FantasyPointsOpponent": 992.72, "RankScore": 0, "RankScoreOpponent": 0, "UserNameOpponent": "fisherto9", "WinningValue": 2.7, "Winnings": [{"value": 2.7, "description": "Cash"}], "UpdateStatus": {"lastUpdateTime": "2020-10-15T14:12:51.1088910+00:00"}}, {"MegaDraftGroupId": 1, "MegaContestKey": "89829912", "MegaEntryKey": "2152967638", "UserName": "fisherto9", "UserKey": "118032", "UserMegaEntryCount": 0, "UserMegaEntryIndex": 0, "TimeRemainingOpponent": 0, "Rank": 2, "FantasyPoints": 992.72, "FantasyPointsOpponent": 1059.42, "RankScore": 0, "RankScoreOpponent": 0, "UserNameOpponent": "sansbacon", "WinningValue": 0, "UpdateStatus": {"lastUpdateTime": "2020-10-15T14:12:51.1089944+00:00"}}, {"MegaDraftGroupId": 1, "MegaContestKey": "89829912", "MegaEntryKey": "2152916427", "UserName": "jecl2772", "UserKey": "682096", "UserMegaEntryCount": 0, "UserMegaEntryIndex": 0, "TimeRemainingOpponent": 0, "Rank": 3, "FantasyPoints": 965.62, "FantasyPointsOpponent": 1059.42, "RankScore": 0, "RankScoreOpponent": 0, "UserNameOpponent": "sansbacon", "WinningValue": 0, "UpdateStatus": {"lastUpdateTime": "2020-10-15T14:12:51.1077790+00:00"}}], "UpdateStatus": {"lastUpdateTime": "2020-10-15T14:12:51.1096533+00:00"}}