{"Leader": {"MegaDraftGroupId": 1, "MegaContestKey": "89829372", "MegaEntryKey": "2152907037", "UserName": "sansbacon", "UserKey": "725157", "UserMegaEntryCount": 0, "UserMegaEntryIndex": 0, "TimeRemainingOpponent": 0, "Rank": 1, "FantasyPoints": 1056.92, "FantasyPointsOpponent": 1005.4, "RankScore": 0, "RankScoreOpponent": 0, "UserNameOpponent": "jeffgreen217", "WinningValue": 2.7, "Winnings": [{"value": 2.7, "description": "Cash"}], "UpdateStatus": {"lastUpdateTime": "2020-10-15T14:12:51.1036637+00:00"}}, "LastWinningMegaEntry": {"MegaDraftGroupId": 1, "MegaContestKey": "89829372", "MegaEntryKey": "2152907037", "UserName": "sansbacon", "UserKey": "725157", "UserMegaEntryCount": 0, "UserMegaEntryIndex": 0, "TimeRemainingOpponent": 0, "Rank": 1, "FantasyPoints": 1056.92, "FantasyPointsOpponent": 1005.4, "RankScore": 0, "RankScoreOpponent": 0, "UserNameOpponent": "jeffgreen217", "WinningValue": 2.7, "Winnings": [{"value": 2.7, "description": "Cash"}], "UpdateStatus": {"lastUpdateTime": "2020-10-15T14:12:51.1036637+00:00"}}, "Leaderboard": [{"MegaDraftGroupId": 1, "MegaContestKey": "89829372", "MegaEntryKey": "2152907037", "UserName": "sansbacon", "UserKey": "725157", "UserMegaEntryCount": 0, "UserMegaEntryIndex": 0, "TimeRemainingOpponent": 0, "Rank": 1, "FantasyPoints": 1056.92, "FantasyPointsOpponent": 1005.4, "RankScore": 0, "RankScoreOpponent": 0, "UserNameOpponent": "jeffgreen217", "WinningValue": 2.7, "Winnings": [{"value": 2.7, "description": "Cash"}], "UpdateStatus": {"lastUpdateTime": "2020-10-15T14:12:51.1036637+00:00"}}, {"MegaDraftGroupId": 1, "MegaContestKey": "89829372", "MegaEntryKey": "2152937424", "UserName": "jeffgreen217", "UserKey": "8074251", "UserMegaEntryCount": 0, "UserMegaEntryIndex": 0, "TimeRemainingOpponent": 0, "Rank": 2, "FantasyPoints": 1005.4, "FantasyPointsOpponent": 1056.92, "RankScore": 0, "RankScoreOpponent": 0, "UserNameOpponent": "sansbacon", "WinningValue": 0, "UpdateStatus": {"lastUpdateTime": "2020-10-15T14:12:51.1044226+00:00"}}, {"MegaDraftGroupId": 1, "MegaContestKey": "89829372", "MegaEntryKey": "2152913356", "UserName": "dsrdsr1", "UserKey": "6595571", "UserMegaEntryCount": 0, "UserMegaEntryIndex": 0, "TimeRemainingOpponent": 0, "Rank": 3, "FantasyPoints": 996.32, "FantasyPointsOpponent": 1056.92, "RankScore": 0, "RankScoreOpponent": 0, "UserNameOpponent": "sansbacon", "WinningValue": 0, "UpdateStatus": {"lastUpdateTime": "2020-10-15T14:12:51.1047566+00:00"}}], "UpdateStatus": {"lastUpdateTime": "2020-10-15T14:12:51.1092204+00:00"}}