{"href": "/scores/v1/contests/89829912/", "contestKey": "89829912", "leader": {"draftGroupId": 37605, "contestKey": "89829912", "entryKey": "2152948977", "lineupId": 2554062078, "userName": "sansbacon", "userKey": "725157", "userEntryCount": 1, "userEntryIndex": 1, "timeRemaining": 60, "timeRemainingUnit": "PMR", "maxTimeRemaining": 1200, "timeRemainingOpponent": 141.03, "rank": 1, "fantasyPoints": 219.14, "fantasyPointsOpponent": 195.9, "userNameOpponent": "fisherto9", "winningValue": 0}, "leaderBoard": [{"draftGroupId": 37605, "contestKey": "89829912", "entryKey": "2152948977", "lineupId": 2554062078, "userName": "sansbacon", "userKey": "725157", "userEntryCount": 1, "userEntryIndex": 1, "timeRemaining": 60, "timeRemainingUnit": "PMR", "maxTimeRemaining": 1200, "timeRemainingOpponent": 141.03, "rank": 1, "fantasyPoints": 219.14, "fantasyPointsOpponent": 195.9, "userNameOpponent": "fisherto9", "winningValue": 0}, {"draftGroupId": 37605, "contestKey": "89829912", "entryKey": "2152967638", "lineupId": 2554062079, "userName": "fisherto9", "userKey": "118032", "userEntryCount": 1, "userEntryIndex": 1, "timeRemaining": 141.03, "timeRemainingUnit": "PMR", "maxTimeRemaining": 1200, "timeRemainingOpponent": 60, "rank": 2, "fantasyPoints": 195.9, "fantasyPointsOpponent": 219.14, "userNameOpponent": "sansbacon", "winningValue": 0}, {"draftGroupId": 37605, "contestKey": "89829912", "entryKey": "2152916427", "lineupId": 2554062077, "userName": "jecl2772", "userKey": "682096", "userEntryCount": 1, "userEntryIndex": 1, "timeRemaining": 123.09, "timeRemainingUnit": "PMR", "maxTimeRemaining": 1200, "timeRemainingOpponent": 60, "rank": 3, "fantasyPoints": 177.98, "fantasyPointsOpponent": 219.14, "userNameOpponent": "sansbacon", "winningValue": 0}]}