{"href": "/scores/v1/contests/89830159/", "contestKey": "89830159", "leader": {"draftGroupId": 37605, "contestKey": "89830159", "entryKey": "2152963906", "lineupId": 2554076196, "userName": "sansbacon", "userKey": "725157", "userEntryCount": 1, "userEntryIndex": 1, "timeRemaining": 102.06, "timeRemainingUnit": "PMR", "maxTimeRemaining": 1200, "timeRemainingOpponent": 21.03, "rank": 1, "fantasyPoints": 223.18, "fantasyPointsOpponent": 215.88, "userNameOpponent": "kornonacob", "winningValue": 0}, "leaderBoard": [{"draftGroupId": 37605, "contestKey": "89830159", "entryKey": "2152963906", "lineupId": 2554076196, "userName": "sansbacon", "userKey": "725157", "userEntryCount": 1, "userEntryIndex": 1, "timeRemaining": 102.06, "timeRemainingUnit": "PMR", "maxTimeRemaining": 1200, "timeRemainingOpponent": 21.03, "rank": 1, "fantasyPoints": 223.18, "fantasyPointsOpponent": 215.88, "userNameOpponent": "kornonacob", "winningValue": 0}, {"draftGroupId": 37605, "contestKey": "89830159", "entryKey": "2152972967", "lineupId": 2554076197, "userName": "kornonacob", "userKey": "5041660", "userEntryCount": 1, "userEntryIndex": 1, "timeRemaining": 21.03, "timeRemainingUnit": "PMR", "maxTimeRemaining": 1200, "timeRemainingOpponent": 102.06, "rank": 2, "fantasyPoints": 215.88, "fantasyPointsOpponent": 223.18, "userNameOpponent": "sansbacon", "winningValue": 0}, {"draftGroupId": 37605, "contestKey": "89830159", "entryKey": "2152954211", "lineupId": 2554076195, "userName": "jecl2772", "userKey": "682096", "userEntryCount": 1, "userEntryIndex": 1, "timeRemaining": 81.03, "timeRemainingUnit": "PMR", "maxTimeRemaining": 1200, "timeRemainingOpponent": 102.06, "rank": 3, "fantasyPoints": 160.8, "fantasyPointsOpponent": 223.18, "userNameOpponent": "sansbacon", "winningValue": 0}]}