{"Leader": {"MegaDraftGroupId": 1, "MegaContestKey": "89830159", "MegaEntryKey": "2152963906", "UserName": "sansbacon", "UserKey": "725157", "UserMegaEntryCount": 0, "UserMegaEntryIndex": 0, "TimeRemainingOpponent": 0, "Rank": 1, "FantasyPoints": 1010.32, "FantasyPointsOpponent": 1003.86, "RankScore": 0, "RankScoreOpponent": 0, "UserNameOpponent": "kornonacob", "WinningValue": 2.7, "Winnings": [{"value": 2.7, "description": "Cash"}], "UpdateStatus": {"lastUpdateTime": "2020-10-15T14:12:51.1668477+00:00"}}, "LastWinningMegaEntry": {"MegaDraftGroupId": 1, "MegaContestKey": "89830159", "MegaEntryKey": "2152963906", "UserName": "sansbacon", "UserKey": "725157", "UserMegaEntryCount": 0, "UserMegaEntryIndex": 0, "TimeRemainingOpponent": 0, "Rank": 1, "FantasyPoints": 1010.32, "FantasyPointsOpponent": 1003.86, "RankScore": 0, "RankScoreOpponent": 0, "UserNameOpponent": "kornonacob", "WinningValue": 2.7, "Winnings": [{"value": 2.7, "description": "Cash"}], "UpdateStatus": {"lastUpdateTime": "2020-10-15T14:12:51.1668477+00:00"}}, "Leaderboard": [{"MegaDraftGroupId": 1, "MegaContestKey": "89830159", "MegaEntryKey": "2152963906", "UserName": "sansbacon", "UserKey": "725157", "UserMegaEntryCount": 0, "UserMegaEntryIndex": 0, "TimeRemainingOpponent": 0, "Rank": 1, "FantasyPoints": 1010.32, "FantasyPointsOpponent": 1003.86, "RankScore": 0, "RankScoreOpponent": 0, "UserNameOpponent": "kornonacob", "WinningValue": 2.7, "Winnings": [{"value": 2.7, "description": "Cash"}], "UpdateStatus": {"lastUpdateTime": "2020-10-15T14:12:51.1668477+00:00"}}, {"MegaDraftGroupId": 1, "MegaContestKey": "89830159", "MegaEntryKey": "2152972967", "UserName": "kornonacob", "UserKey": "5041660", "UserMegaEntryCount": 0, "UserMegaEntryIndex": 0, "TimeRemainingOpponent": 0, "Rank": 2, "FantasyPoints": 1003.86, "FantasyPointsOpponent": 1010.32, "RankScore": 0, "RankScoreOpponent": 0, "UserNameOpponent": "sansbacon", "WinningValue": 0, "UpdateStatus": {"lastUpdateTime": "2020-10-15T14:12:51.1647518+00:00"}}, {"MegaDraftGroupId": 1, "MegaContestKey": "89830159", "MegaEntryKey": "2152954211", "UserName": "jecl2772", "UserKey": "682096", "UserMegaEntryCount": 0, "UserMegaEntryIndex": 0, "TimeRemainingOpponent": 0, "Rank": 3, "FantasyPoints": 998.18, "FantasyPointsOpponent": 1010.32, "RankScore": 0, "RankScoreOpponent": 0, "UserNameOpponent": "sansbacon", "WinningValue": 0, "UpdateStatus": {"lastUpdateTime": "2020-10-15T14:12:51.1645874+00:00"}}], "UpdateStatus": {"lastUpdateTime": "2020-10-15T14:12:51.1693148+00:00"}}