{"Leader": {"MegaDraftGroupId": 1, "MegaContestKey": "89848256", "MegaEntryKey": "2153518224", "UserName": "sansbacon", "UserKey": "725157", "UserMegaEntryCount": 0, "UserMegaEntryIndex": 0, "TimeRemainingOpponent": 0, "Rank": 1, "FantasyPoints": 1039.98, "FantasyPointsOpponent": 981.76, "RankScore": 0, "RankScoreOpponent": 0, "UserNameOpponent": "ASchultz", "WinningValue": 2.7, "Winnings": [{"value": 2.7, "description": "Cash"}], "UpdateStatus": {"lastUpdateTime": "2020-10-15T14:12:51.9835921+00:00"}}, "LastWinningMegaEntry": {"MegaDraftGroupId": 1, "MegaContestKey": "89848256", "MegaEntryKey": "2153518224", "UserName": "sansbacon", "UserKey": "725157", "UserMegaEntryCount": 0, "UserMegaEntryIndex": 0, "TimeRemainingOpponent": 0, "Rank": 1, "FantasyPoints": 1039.98, "FantasyPointsOpponent": 981.76, "RankScore": 0, "RankScoreOpponent": 0, "UserNameOpponent": "ASchultz", "WinningValue": 2.7, "Winnings": [{"value": 2.7, "description": "Cash"}], "UpdateStatus": {"lastUpdateTime": "2020-10-15T14:12:51.9835921+00:00"}}, "Leaderboard": [{"MegaDraftGroupId": 1, "MegaContestKey": "89848256", "MegaEntryKey": "2153518224", "UserName": "sansbacon", "UserKey": "725157", "UserMegaEntryCount": 0, "UserMegaEntryIndex": 0, "TimeRemainingOpponent": 0, "Rank": 1, "FantasyPoints": 1039.98, "FantasyPointsOpponent": 981.76, "RankScore": 0, "RankScoreOpponent": 0, "UserNameOpponent": "ASchultz", "WinningValue": 2.7, "Winnings": [{"value": 2.7, "description": "Cash"}], "UpdateStatus": {"lastUpdateTime": "2020-10-15T14:12:51.9835921+00:00"}}, {"MegaDraftGroupId": 1, "MegaContestKey": "89848256", "MegaEntryKey": "2153518734", "UserName": "ASchultz", "UserKey": "1272157", "UserMegaEntryCount": 0, "UserMegaEntryIndex": 0, "TimeRemainingOpponent": 0, "Rank": 2, "FantasyPoints": 981.76, "FantasyPointsOpponent": 1039.98, "RankScore": 0, "RankScoreOpponent": 0, "UserNameOpponent": "sansbacon", "WinningValue": 0, "UpdateStatus": {"lastUpdateTime": "2020-10-15T14:12:51.9752457+00:00"}}, {"MegaDraftGroupId": 1, "MegaContestKey": "89848256", "MegaEntryKey": "2153509740", "UserName": "jmeger", "UserKey": "7054094", "UserMegaEntryCount": 0, "UserMegaEntryIndex": 0, "TimeRemainingOpponent": 0, "Rank": 3, "FantasyPoints": 954.64, "FantasyPointsOpponent": 1039.98, "RankScore": 0, "RankScoreOpponent": 0, "UserNameOpponent": "sansbacon", "WinningValue": 0, "UpdateStatus": {"lastUpdateTime": "2020-10-15T14:12:51.9808959+00:00"}}], "UpdateStatus": {"lastUpdateTime": "2020-10-15T14:12:51.9879989+00:00"}}