{"href": "/scores/v1/contests/89848256/", "contestKey": "89848256", "leader": {"draftGroupId": 37605, "contestKey": "89848256", "entryKey": "2153518734", "lineupId": 2554611716, "userName": "ASchultz", "userKey": "1272157", "userEntryCount": 1, "userEntryIndex": 1, "timeRemaining": 60, "timeRemainingUnit": "PMR", "maxTimeRemaining": 1200, "timeRemainingOpponent": 161, "rank": 1, "fantasyPoints": 238.78, "fantasyPointsOpponent": 199.98, "userNameOpponent": "sansbacon", "winningValue": 0}, "leaderBoard": [{"draftGroupId": 37605, "contestKey": "89848256", "entryKey": "2153518734", "lineupId": 2554611716, "userName": "ASchultz", "userKey": "1272157", "userEntryCount": 1, "userEntryIndex": 1, "timeRemaining": 60, "timeRemainingUnit": "PMR", "maxTimeRemaining": 1200, "timeRemainingOpponent": 161, "rank": 1, "fantasyPoints": 238.78, "fantasyPointsOpponent": 199.98, "userNameOpponent": "sansbacon", "winningValue": 0}, {"draftGroupId": 37605, "contestKey": "89848256", "entryKey": "2153518224", "lineupId": 2554611715, "userName": "sansbacon", "userKey": "725157", "userEntryCount": 1, "userEntryIndex": 1, "timeRemaining": 161, "timeRemainingUnit": "PMR", "maxTimeRemaining": 1200, "timeRemainingOpponent": 60, "rank": 2, "fantasyPoints": 199.98, "fantasyPointsOpponent": 238.78, "userNameOpponent": "ASchultz", "winningValue": 0}, {"draftGroupId": 37605, "contestKey": "89848256", "entryKey": "2153509740", "lineupId": 2554611713, "userName": "jmeger", "userKey": "7054094", "userEntryCount": 1, "userEntryIndex": 1, "timeRemaining": 41, "timeRemainingUnit": "PMR", "maxTimeRemaining": 1200, "timeRemainingOpponent": 60, "rank": 3, "fantasyPoints": 171.1, "fantasyPointsOpponent": 238.78, "userNameOpponent": "ASchultz", "winningValue": 0}]}