{"Leader": {"MegaDraftGroupId": 1, "MegaContestKey": "89874282", "MegaEntryKey": "2154355200", "UserName": "ptang", "UserKey": "3214138", "UserMegaEntryCount": 0, "UserMegaEntryIndex": 0, "TimeRemainingOpponent": 0, "Rank": 1, "FantasyPoints": 850.22, "FantasyPointsOpponent": 773.12, "RankScore": 0, "RankScoreOpponent": 0, "UserNameOpponent": "jrgrice", "WinningValue": 56, "Winnings": [{"value": 56, "description": "Cash"}], "UpdateStatus": {"lastUpdateTime": "2020-10-15T14:12:51.4534388+00:00"}}, "LastWinningMegaEntry": {"MegaDraftGroupId": 1, "MegaContestKey": "89874282", "MegaEntryKey": "2154468677", "UserName": "Hammertime43", "UserKey": "2220554", "UserMegaEntryCount": 0, "UserMegaEntryIndex": 0, "TimeRemainingOpponent": 0, "Rank": 3, "FantasyPoints": 736.1, "FantasyPointsOpponent": 850.22, "RankScore": 0, "RankScoreOpponent": 0, "UserNameOpponent": "ptang", "WinningValue": 18, "Winnings": [{"value": 18, "description": "Cash"}], "UpdateStatus": {"lastUpdateTime": "2020-10-15T14:12:51.4364543+00:00"}}, "Leaderboard": [{"MegaDraftGroupId": 1, "MegaContestKey": "89874282", "MegaEntryKey": "2154355200", "UserName": "ptang", "UserKey": "3214138", "UserMegaEntryCount": 0, "UserMegaEntryIndex": 0, "TimeRemainingOpponent": 0, "Rank": 1, "FantasyPoints": 850.22, "FantasyPointsOpponent": 773.12, "RankScore": 0, "RankScoreOpponent": 0, "UserNameOpponent": "jrgrice", "WinningValue": 56, "Winnings": [{"value": 56, "description": "Cash"}], "UpdateStatus": {"lastUpdateTime": "2020-10-15T14:12:51.4534388+00:00"}}, {"MegaDraftGroupId": 1, "MegaContestKey": "89874282", "MegaEntryKey": "2154450698", "UserName": "jrgrice", "UserKey": "2435130", "UserMegaEntryCount": 0, "UserMegaEntryIndex": 0, "TimeRemainingOpponent": 0, "Rank": 2, "FantasyPoints": 773.12, "FantasyPointsOpponent": 850.22, "RankScore": 0, "RankScoreOpponent": 0, "UserNameOpponent": "ptang", "WinningValue": 34, "Winnings": [{"value": 34, "description": "Cash"}], "UpdateStatus": {"lastUpdateTime": "2020-10-15T14:12:51.4372462+00:00"}}, {"MegaDraftGroupId": 1, "MegaContestKey": "89874282", "MegaEntryKey": "2154468677", "UserName": "Hammertime43", "UserKey": "2220554", "UserMegaEntryCount": 0, "UserMegaEntryIndex": 0, "TimeRemainingOpponent": 0, "Rank": 3, "FantasyPoints": 736.1, "FantasyPointsOpponent": 850.22, "RankScore": 0, "RankScoreOpponent": 0, "UserNameOpponent": "ptang", "WinningValue": 18, "Winnings": [{"value": 18, "description": "Cash"}], "UpdateStatus": {"lastUpdateTime": "2020-10-15T14:12:51.4364543+00:00"}}, {"MegaDraftGroupId": 1, "MegaContestKey": "89874282", "MegaEntryKey": "2154364604", "UserName": "boselli04", "UserKey": "5648262", "UserMegaEntryCount": 0, "UserMegaEntryIndex": 0, "TimeRemainingOpponent": 0, "Rank": 4, "FantasyPoints": 729.54, "FantasyPointsOpponent": 850.22, "RankScore": 0, "RankScoreOpponent": 0, "UserNameOpponent": "ptang", "WinningValue": 0, "UpdateStatus": {"lastUpdateTime": "2020-10-15T14:12:51.4321892+00:00"}}, {"MegaDraftGroupId": 1, "MegaContestKey": "89874282", "MegaEntryKey": "2154311077", "UserName": "Sleezyt35", "UserKey": "9823627", "UserMegaEntryCount": 0, "UserMegaEntryIndex": 0, "TimeRemainingOpponent": 0, "Rank": 5, "FantasyPoints": 719.96, "FantasyPointsOpponent": 850.22, "RankScore": 0, "RankScoreOpponent": 0, "UserNameOpponent": "ptang", "WinningValue": 0, "UpdateStatus": {"lastUpdateTime": "2020-10-15T14:12:51.4398876+00:00"}}, {"MegaDraftGroupId": 1, "MegaContestKey": "89874282", "MegaEntryKey": "2154399732", "UserName": "RickRick1202", "UserKey": "6496034", "UserMegaEntryCount": 0, "UserMegaEntryIndex": 0, "TimeRemainingOpponent": 0, "Rank": 6, "FantasyPoints": 719.72, "FantasyPointsOpponent": 850.22, "RankScore": 0, "RankScoreOpponent": 0, "UserNameOpponent": "ptang", "WinningValue": 0, "UpdateStatus": {"lastUpdateTime": "2020-10-15T14:12:51.4380672+00:00"}}, {"MegaDraftGroupId": 1, "MegaContestKey": "89874282", "MegaEntryKey": "2154428438", "UserName": "RDodger22", "UserKey": "11722819", "UserMegaEntryCount": 0, "UserMegaEntryIndex": 0, "TimeRemainingOpponent": 0, "Rank": 7, "FantasyPoints": 715.34, "FantasyPointsOpponent": 850.22, "RankScore": 0, "RankScoreOpponent": 0, "UserNameOpponent": "ptang", "WinningValue": 0, "UpdateStatus": {"lastUpdateTime": "2020-10-15T14:12:51.4537362+00:00"}}, {"MegaDraftGroupId": 1, "MegaContestKey": "89874282", "MegaEntryKey": "2154417337", "UserName": "xclozr", "UserKey": "1616135", "UserMegaEntryCount": 0, "UserMegaEntryIndex": 0, "TimeRemainingOpponent": 0, "Rank": 8, "FantasyPoints": 713.76, "FantasyPointsOpponent": 850.22, "RankScore": 0, "RankScoreOpponent": 0, "UserNameOpponent": "ptang", "WinningValue": 0, "UpdateStatus": {"lastUpdateTime": "2020-10-15T14:12:51.4390261+00:00"}}, {"MegaDraftGroupId": 1, "MegaContestKey": "89874282", "MegaEntryKey": "2154470606", "UserName": "mikemcd810", "UserKey": "753046", "UserMegaEntryCount": 0, "UserMegaEntryIndex": 0, "TimeRemainingOpponent": 0, "Rank": 9, "FantasyPoints": 711.98, "FantasyPointsOpponent": 850.22, "RankScore": 0, "RankScoreOpponent": 0, "UserNameOpponent": "ptang", "WinningValue": 0, "UpdateStatus": {"lastUpdateTime": "2020-10-15T14:12:51.4423646+00:00"}}, {"MegaDraftGroupId": 1, "MegaContestKey": "89874282", "MegaEntryKey": "2154328921", "UserName": "tomkeb", "UserKey": "3739190", "UserMegaEntryCount": 0, "UserMegaEntryIndex": 0, "TimeRemainingOpponent": 0, "Rank": 10, "FantasyPoints": 709.12, "FantasyPointsOpponent": 850.22, "RankScore": 0, "RankScoreOpponent": 0, "UserNameOpponent": "ptang", "WinningValue": 0, "UpdateStatus": {"lastUpdateTime": "2020-10-15T14:12:51.4530795+00:00"}}, {"MegaDraftGroupId": 1, "MegaContestKey": "89874282", "MegaEntryKey": "2154324455", "UserName": "bryan7054", "UserKey": "3857766", "UserMegaEntryCount": 0, "UserMegaEntryIndex": 0, "TimeRemainingOpponent": 0, "Rank": 11, "FantasyPoints": 698.04, "FantasyPointsOpponent": 850.22, "RankScore": 0, "RankScoreOpponent": 0, "UserNameOpponent": "ptang", "WinningValue": 0, "UpdateStatus": {"lastUpdateTime": "2020-10-15T14:12:51.4409624+00:00"}}, {"MegaDraftGroupId": 1, "MegaContestKey": "89874282", "MegaEntryKey": "2154454411", "UserName": "sansbacon", "UserKey": "725157", "UserMegaEntryCount": 0, "UserMegaEntryIndex": 0, "TimeRemainingOpponent": 0, "Rank": 12, "FantasyPoints": 632.62, "FantasyPointsOpponent": 850.22, "RankScore": 0, "RankScoreOpponent": 0, "UserNameOpponent": "ptang", "WinningValue": 0, "UpdateStatus": {"lastUpdateTime": "2020-10-15T14:12:51.4433520+00:00"}}], "UpdateStatus": {"lastUpdateTime": "2020-10-15T14:12:51.4705685+00:00"}}