{"href": "/scores/v1/contests/89899608/", "contestKey": "89899608", "leader": {"draftGroupId": 37605, "contestKey": "89899608", "entryKey": "2155113042", "lineupId": 2556235344, "userName": "sansbacon", "userKey": "725157", "userEntryCount": 1, "userEntryIndex": 1, "timeRemaining": 41, "timeRemainingUnit": "PMR", "maxTimeRemaining": 1200, "timeRemainingOpponent": 120, "rank": 1, "fantasyPoints": 213, "fantasyPointsOpponent": 207.68, "userNameOpponent": "Natesucksballs", "winningValue": 0}, "leaderBoard": [{"draftGroupId": 37605, "contestKey": "89899608", "entryKey": "2155113042", "lineupId": 2556235344, "userName": "sansbacon", "userKey": "725157", "userEntryCount": 1, "userEntryIndex": 1, "timeRemaining": 41, "timeRemainingUnit": "PMR", "maxTimeRemaining": 1200, "timeRemainingOpponent": 120, "rank": 1, "fantasyPoints": 213, "fantasyPointsOpponent": 207.68, "userNameOpponent": "Natesucksballs", "winningValue": 0}, {"draftGroupId": 37605, "contestKey": "89899608", "entryKey": "2155096387", "lineupId": 2556235343, "userName": "Natesucksballs", "userKey": "6618858", "userEntryCount": 1, "userEntryIndex": 1, "timeRemaining": 120, "timeRemainingUnit": "PMR", "maxTimeRemaining": 1200, "timeRemainingOpponent": 41, "rank": 2, "fantasyPoints": 207.68, "fantasyPointsOpponent": 213, "userNameOpponent": "sansbacon", "winningValue": 0}, {"draftGroupId": 37605, "contestKey": "89899608", "entryKey": "2155115448", "lineupId": 2556235345, "userName": "Jamespatricksmith22", "userKey": "477244", "userEntryCount": 1, "userEntryIndex": 1, "timeRemaining": 80.5, "timeRemainingUnit": "PMR", "maxTimeRemaining": 1200, "timeRemainingOpponent": 41, "rank": 3, "fantasyPoints": 175.5, "fantasyPointsOpponent": 213, "userNameOpponent": "sansbacon", "winningValue": 0}]}