{"href": "/scores/v1/contests/89898985/", "contestKey": "89898985", "leader": {"draftGroupId": 37605, "contestKey": "89898985", "entryKey": "2155109528", "lineupId": 2556215992, "userName": "sansbacon", "userKey": "725157", "userEntryCount": 1, "userEntryIndex": 1, "timeRemaining": 63.09, "timeRemainingUnit": "PMR", "maxTimeRemaining": 1200, "timeRemainingOpponent": 60, "rank": 1, "fantasyPoints": 214.88, "fantasyPointsOpponent": 202.1, "userNameOpponent": "may3vp", "winningValue": 0}, "leaderBoard": [{"draftGroupId": 37605, "contestKey": "89898985", "entryKey": "2155109528", "lineupId": 2556215992, "userName": "sansbacon", "userKey": "725157", "userEntryCount": 1, "userEntryIndex": 1, "timeRemaining": 63.09, "timeRemainingUnit": "PMR", "maxTimeRemaining": 1200, "timeRemainingOpponent": 60, "rank": 1, "fantasyPoints": 214.88, "fantasyPointsOpponent": 202.1, "userNameOpponent": "may3vp", "winningValue": 0}, {"draftGroupId": 37605, "contestKey": "89898985", "entryKey": "2155109596", "lineupId": 2556215994, "userName": "may3vp", "userKey": "417144", "userEntryCount": 1, "userEntryIndex": 1, "timeRemaining": 60, "timeRemainingUnit": "PMR", "maxTimeRemaining": 1200, "timeRemainingOpponent": 63.09, "rank": 2, "fantasyPoints": 202.1, "fantasyPointsOpponent": 214.88, "userNameOpponent": "sansbacon", "winningValue": 0}, {"draftGroupId": 37605, "contestKey": "89898985", "entryKey": "2155109535", "lineupId": 2556215993, "userName": "Dr.x", "userKey": "1215577", "userEntryCount": 1, "userEntryIndex": 1, "timeRemaining": 60, "timeRemainingUnit": "PMR", "maxTimeRemaining": 1200, "timeRemainingOpponent": 63.09, "rank": 3, "fantasyPoints": 166.5, "fantasyPointsOpponent": 214.88, "userNameOpponent": "sansbacon", "winningValue": 0}]}