{"Leader": {"MegaDraftGroupId": 1, "MegaContestKey": "89898985", "MegaEntryKey": "2155109528", "UserName": "sansbacon", "UserKey": "725157", "UserMegaEntryCount": 0, "UserMegaEntryIndex": 0, "TimeRemainingOpponent": 0, "Rank": 1, "FantasyPoints": 1020.96, "FantasyPointsOpponent": 966.42, "RankScore": 0, "RankScoreOpponent": 0, "UserNameOpponent": "may3vp", "WinningValue": 2.7, "Winnings": [{"value": 2.7, "description": "Cash"}], "UpdateStatus": {"lastUpdateTime": "2020-10-15T14:12:52.2066992+00:00"}}, "LastWinningMegaEntry": {"MegaDraftGroupId": 1, "MegaContestKey": "89898985", "MegaEntryKey": "2155109528", "UserName": "sansbacon", "UserKey": "725157", "UserMegaEntryCount": 0, "UserMegaEntryIndex": 0, "TimeRemainingOpponent": 0, "Rank": 1, "FantasyPoints": 1020.96, "FantasyPointsOpponent": 966.42, "RankScore": 0, "RankScoreOpponent": 0, "UserNameOpponent": "may3vp", "WinningValue": 2.7, "Winnings": [{"value": 2.7, "description": "Cash"}], "UpdateStatus": {"lastUpdateTime": "2020-10-15T14:12:52.2066992+00:00"}}, "Leaderboard": [{"MegaDraftGroupId": 1, "MegaContestKey": "89898985", "MegaEntryKey": "2155109528", "UserName": "sansbacon", "UserKey": "725157", "UserMegaEntryCount": 0, "UserMegaEntryIndex": 0, "TimeRemainingOpponent": 0, "Rank": 1, "FantasyPoints": 1020.96, "FantasyPointsOpponent": 966.42, "RankScore": 0, "RankScoreOpponent": 0, "UserNameOpponent": "may3vp", "WinningValue": 2.7, "Winnings": [{"value": 2.7, "description": "Cash"}], "UpdateStatus": {"lastUpdateTime": "2020-10-15T14:12:52.2066992+00:00"}}, {"MegaDraftGroupId": 1, "MegaContestKey": "89898985", "MegaEntryKey": "2155109596", "UserName": "may3vp", "UserKey": "417144", "UserMegaEntryCount": 0, "UserMegaEntryIndex": 0, "TimeRemainingOpponent": 0, "Rank": 2, "FantasyPoints": 966.42, "FantasyPointsOpponent": 1020.96, "RankScore": 0, "RankScoreOpponent": 0, "UserNameOpponent": "sansbacon", "WinningValue": 0, "UpdateStatus": {"lastUpdateTime": "2020-10-15T14:12:52.2038899+00:00"}}, {"MegaDraftGroupId": 1, "MegaContestKey": "89898985", "MegaEntryKey": "2155109535", "UserName": "Dr.x", "UserKey": "1215577", "UserMegaEntryCount": 0, "UserMegaEntryIndex": 0, "TimeRemainingOpponent": 0, "Rank": 3, "FantasyPoints": 907.68, "FantasyPointsOpponent": 1020.96, "RankScore": 0, "RankScoreOpponent": 0, "UserNameOpponent": "sansbacon", "WinningValue": 0, "UpdateStatus": {"lastUpdateTime": "2020-10-15T14:12:52.2041457+00:00"}}], "UpdateStatus": {"lastUpdateTime": "2020-10-15T14:12:52.2169804+00:00"}}