{"Leader": {"MegaDraftGroupId": 1, "MegaContestKey": "89899608", "MegaEntryKey": "2155113042", "UserName": "sansbacon", "UserKey": "725157", "UserMegaEntryCount": 0, "UserMegaEntryIndex": 0, "TimeRemainingOpponent": 0, "Rank": 1, "FantasyPoints": 1038.1, "FantasyPointsOpponent": 983.98, "RankScore": 0, "RankScoreOpponent": 0, "UserNameOpponent": "Jamespatricksmith22", "WinningValue": 2.7, "Winnings": [{"value": 2.7, "description": "Cash"}], "UpdateStatus": {"lastUpdateTime": "2020-10-15T14:12:52.4092933+00:00"}}, "LastWinningMegaEntry": {"MegaDraftGroupId": 1, "MegaContestKey": "89899608", "MegaEntryKey": "2155113042", "UserName": "sansbacon", "UserKey": "725157", "UserMegaEntryCount": 0, "UserMegaEntryIndex": 0, "TimeRemainingOpponent": 0, "Rank": 1, "FantasyPoints": 1038.1, "FantasyPointsOpponent": 983.98, "RankScore": 0, "RankScoreOpponent": 0, "UserNameOpponent": "Jamespatricksmith22", "WinningValue": 2.7, "Winnings": [{"value": 2.7, "description": "Cash"}], "UpdateStatus": {"lastUpdateTime": "2020-10-15T14:12:52.4092933+00:00"}}, "Leaderboard": [{"MegaDraftGroupId": 1, "MegaContestKey": "89899608", "MegaEntryKey": "2155113042", "UserName": "sansbacon", "UserKey": "725157", "UserMegaEntryCount": 0, "UserMegaEntryIndex": 0, "TimeRemainingOpponent": 0, "Rank": 1, "FantasyPoints": 1038.1, "FantasyPointsOpponent": 983.98, "RankScore": 0, "RankScoreOpponent": 0, "UserNameOpponent": "Jamespatricksmith22", "WinningValue": 2.7, "Winnings": [{"value": 2.7, "description": "Cash"}], "UpdateStatus": {"lastUpdateTime": "2020-10-15T14:12:52.4092933+00:00"}}, {"MegaDraftGroupId": 1, "MegaContestKey": "89899608", "MegaEntryKey": "2155115448", "UserName": "Jamespatricksmith22", "UserKey": "477244", "UserMegaEntryCount": 0, "UserMegaEntryIndex": 0, "TimeRemainingOpponent": 0, "Rank": 2, "FantasyPoints": 983.98, "FantasyPointsOpponent": 1038.1, "RankScore": 0, "RankScoreOpponent": 0, "UserNameOpponent": "sansbacon", "WinningValue": 0, "UpdateStatus": {"lastUpdateTime": "2020-10-15T14:12:52.4091193+00:00"}}, {"MegaDraftGroupId": 1, "MegaContestKey": "89899608", "MegaEntryKey": "2155096387", "UserName": "Natesucksballs", "UserKey": "6618858", "UserMegaEntryCount": 0, "UserMegaEntryIndex": 0, "TimeRemainingOpponent": 0, "Rank": 3, "FantasyPoints": 920.14, "FantasyPointsOpponent": 1038.1, "RankScore": 0, "RankScoreOpponent": 0, "UserNameOpponent": "sansbacon", "WinningValue": 0, "UpdateStatus": {"lastUpdateTime": "2020-10-15T14:12:52.4089566+00:00"}}], "UpdateStatus": {"lastUpdateTime": "2020-10-15T14:12:52.4190381+00:00"}}