{"href": "/scores/v1/contests/89900158/", "contestKey": "89900158", "leader": {"draftGroupId": 37605, "contestKey": "89900158", "entryKey": "2155098328", "lineupId": 2556244098, "userName": "CaptLouAlbano", "userKey": "2163466", "userEntryCount": 1, "userEntryIndex": 1, "timeRemaining": 60, "timeRemainingUnit": "PMR", "maxTimeRemaining": 1200, "timeRemainingOpponent": 102.06, "rank": 1, "fantasyPoints": 243.08, "fantasyPointsOpponent": 194.8, "userNameOpponent": "sansbacon", "winningValue": 0}, "leaderBoard": [{"draftGroupId": 37605, "contestKey": "89900158", "entryKey": "2155098328", "lineupId": 2556244098, "userName": "CaptLouAlbano", "userKey": "2163466", "userEntryCount": 1, "userEntryIndex": 1, "timeRemaining": 60, "timeRemainingUnit": "PMR", "maxTimeRemaining": 1200, "timeRemainingOpponent": 102.06, "rank": 1, "fantasyPoints": 243.08, "fantasyPointsOpponent": 194.8, "userNameOpponent": "sansbacon", "winningValue": 0}, {"draftGroupId": 37605, "contestKey": "89900158", "entryKey": "2155098895", "lineupId": 2556244100, "userName": "sansbacon", "userKey": "725157", "userEntryCount": 1, "userEntryIndex": 1, "timeRemaining": 102.06, "timeRemainingUnit": "PMR", "maxTimeRemaining": 1200, "timeRemainingOpponent": 60, "rank": 2, "fantasyPoints": 194.8, "fantasyPointsOpponent": 243.08, "userNameOpponent": "CaptLouAlbano", "winningValue": 0}, {"draftGroupId": 37605, "contestKey": "89900158", "entryKey": "2155098730", "lineupId": 2556244099, "userName": "hauntedmansion84", "userKey": "1401194", "userEntryCount": 1, "userEntryIndex": 1, "timeRemaining": 81.03, "timeRemainingUnit": "PMR", "maxTimeRemaining": 1200, "timeRemainingOpponent": 60, "rank": 3, "fantasyPoints": 173.96, "fantasyPointsOpponent": 243.08, "userNameOpponent": "CaptLouAlbano", "winningValue": 0}]}