{"Leader": {"MegaDraftGroupId": 1, "MegaContestKey": "89900158", "MegaEntryKey": "2155098328", "UserName": "CaptLouAlbano", "UserKey": "2163466", "UserMegaEntryCount": 0, "UserMegaEntryIndex": 0, "TimeRemainingOpponent": 0, "Rank": 1, "FantasyPoints": 1075.12, "FantasyPointsOpponent": 1041.6, "RankScore": 0, "RankScoreOpponent": 0, "UserNameOpponent": "sansbacon", "WinningValue": 2.7, "Winnings": [{"value": 2.7, "description": "Cash"}], "UpdateStatus": {"lastUpdateTime": "2020-10-15T14:12:52.4702482+00:00"}}, "LastWinningMegaEntry": {"MegaDraftGroupId": 1, "MegaContestKey": "89900158", "MegaEntryKey": "2155098328", "UserName": "CaptLouAlbano", "UserKey": "2163466", "UserMegaEntryCount": 0, "UserMegaEntryIndex": 0, "TimeRemainingOpponent": 0, "Rank": 1, "FantasyPoints": 1075.12, "FantasyPointsOpponent": 1041.6, "RankScore": 0, "RankScoreOpponent": 0, "UserNameOpponent": "sansbacon", "WinningValue": 2.7, "Winnings": [{"value": 2.7, "description": "Cash"}], "UpdateStatus": {"lastUpdateTime": "2020-10-15T14:12:52.4702482+00:00"}}, "Leaderboard": [{"MegaDraftGroupId": 1, "MegaContestKey": "89900158", "MegaEntryKey": "2155098328", "UserName": "CaptLouAlbano", "UserKey": "2163466", "UserMegaEntryCount": 0, "UserMegaEntryIndex": 0, "TimeRemainingOpponent": 0, "Rank": 1, "FantasyPoints": 1075.12, "FantasyPointsOpponent": 1041.6, "RankScore": 0, "RankScoreOpponent": 0, "UserNameOpponent": "sansbacon", "WinningValue": 2.7, "Winnings": [{"value": 2.7, "description": "Cash"}], "UpdateStatus": {"lastUpdateTime": "2020-10-15T14:12:52.4702482+00:00"}}, {"MegaDraftGroupId": 1, "MegaContestKey": "89900158", "MegaEntryKey": "2155098895", "UserName": "sansbacon", "UserKey": "725157", "UserMegaEntryCount": 0, "UserMegaEntryIndex": 0, "TimeRemainingOpponent": 0, "Rank": 2, "FantasyPoints": 1041.6, "FantasyPointsOpponent": 1075.12, "RankScore": 0, "RankScoreOpponent": 0, "UserNameOpponent": "CaptLouAlbano", "WinningValue": 0, "UpdateStatus": {"lastUpdateTime": "2020-10-15T14:12:52.4700121+00:00"}}, {"MegaDraftGroupId": 1, "MegaContestKey": "89900158", "MegaEntryKey": "2155098730", "UserName": "hauntedmansion84", "UserKey": "1401194", "UserMegaEntryCount": 0, "UserMegaEntryIndex": 0, "TimeRemainingOpponent": 0, "Rank": 3, "FantasyPoints": 978.76, "FantasyPointsOpponent": 1075.12, "RankScore": 0, "RankScoreOpponent": 0, "UserNameOpponent": "CaptLouAlbano", "WinningValue": 0, "UpdateStatus": {"lastUpdateTime": "2020-10-15T14:12:52.4696734+00:00"}}], "UpdateStatus": {"lastUpdateTime": "2020-10-15T14:12:52.4736911+00:00"}}