{"Leader": {"MegaDraftGroupId": 1, "MegaContestKey": "89915650", "MegaEntryKey": "2155485361", "UserName": "sansbacon", "UserKey": "725157", "UserMegaEntryCount": 0, "UserMegaEntryIndex": 0, "TimeRemainingOpponent": 0, "Rank": 1, "FantasyPoints": 1101.88, "FantasyPointsOpponent": 969.74, "RankScore": 0, "RankScoreOpponent": 0, "UserNameOpponent": "themaltz", "WinningValue": 2.7, "Winnings": [{"value": 2.7, "description": "Cash"}], "UpdateStatus": {"lastUpdateTime": "2020-10-15T14:12:52.7203167+00:00"}}, "LastWinningMegaEntry": {"MegaDraftGroupId": 1, "MegaContestKey": "89915650", "MegaEntryKey": "2155485361", "UserName": "sansbacon", "UserKey": "725157", "UserMegaEntryCount": 0, "UserMegaEntryIndex": 0, "TimeRemainingOpponent": 0, "Rank": 1, "FantasyPoints": 1101.88, "FantasyPointsOpponent": 969.74, "RankScore": 0, "RankScoreOpponent": 0, "UserNameOpponent": "themaltz", "WinningValue": 2.7, "Winnings": [{"value": 2.7, "description": "Cash"}], "UpdateStatus": {"lastUpdateTime": "2020-10-15T14:12:52.7203167+00:00"}}, "Leaderboard": [{"MegaDraftGroupId": 1, "MegaContestKey": "89915650", "MegaEntryKey": "2155485361", "UserName": "sansbacon", "UserKey": "725157", "UserMegaEntryCount": 0, "UserMegaEntryIndex": 0, "TimeRemainingOpponent": 0, "Rank": 1, "FantasyPoints": 1101.88, "FantasyPointsOpponent": 969.74, "RankScore": 0, "RankScoreOpponent": 0, "UserNameOpponent": "themaltz", "WinningValue": 2.7, "Winnings": [{"value": 2.7, "description": "Cash"}], "UpdateStatus": {"lastUpdateTime": "2020-10-15T14:12:52.7203167+00:00"}}, {"MegaDraftGroupId": 1, "MegaContestKey": "89915650", "MegaEntryKey": "2155499702", "UserName": "themaltz", "UserKey": "316494", "UserMegaEntryCount": 0, "UserMegaEntryIndex": 0, "TimeRemainingOpponent": 0, "Rank": 2, "FantasyPoints": 969.74, "FantasyPointsOpponent": 1101.88, "RankScore": 0, "RankScoreOpponent": 0, "UserNameOpponent": "sansbacon", "WinningValue": 0, "UpdateStatus": {"lastUpdateTime": "2020-10-15T14:12:52.7270100+00:00"}}, {"MegaDraftGroupId": 1, "MegaContestKey": "89915650", "MegaEntryKey": "2155491085", "UserName": "serratoservin", "UserKey": "6084083", "UserMegaEntryCount": 0, "UserMegaEntryIndex": 0, "TimeRemainingOpponent": 0, "Rank": 3, "FantasyPoints": 967.56, "FantasyPointsOpponent": 1101.88, "RankScore": 0, "RankScoreOpponent": 0, "UserNameOpponent": "sansbacon", "WinningValue": 0, "UpdateStatus": {"lastUpdateTime": "2020-10-15T14:12:52.7344518+00:00"}}], "UpdateStatus": {"lastUpdateTime": "2020-10-15T14:12:52.7618979+00:00"}}