{"Leader": {"MegaDraftGroupId": 1, "MegaContestKey": "89915003", "MegaEntryKey": "2155476226", "UserName": "sansbacon", "UserKey": "725157", "UserMegaEntryCount": 0, "UserMegaEntryIndex": 0, "TimeRemainingOpponent": 0, "Rank": 1, "FantasyPoints": 1072.34, "FantasyPointsOpponent": 1044.74, "RankScore": 0, "RankScoreOpponent": 0, "UserNameOpponent": "supermannbataman", "WinningValue": 2.7, "Winnings": [{"value": 2.7, "description": "Cash"}], "UpdateStatus": {"lastUpdateTime": "2020-10-15T14:12:52.6900858+00:00"}}, "LastWinningMegaEntry": {"MegaDraftGroupId": 1, "MegaContestKey": "89915003", "MegaEntryKey": "2155476226", "UserName": "sansbacon", "UserKey": "725157", "UserMegaEntryCount": 0, "UserMegaEntryIndex": 0, "TimeRemainingOpponent": 0, "Rank": 1, "FantasyPoints": 1072.34, "FantasyPointsOpponent": 1044.74, "RankScore": 0, "RankScoreOpponent": 0, "UserNameOpponent": "supermannbataman", "WinningValue": 2.7, "Winnings": [{"value": 2.7, "description": "Cash"}], "UpdateStatus": {"lastUpdateTime": "2020-10-15T14:12:52.6900858+00:00"}}, "Leaderboard": [{"MegaDraftGroupId": 1, "MegaContestKey": "89915003", "MegaEntryKey": "2155476226", "UserName": "sansbacon", "UserKey": "725157", "UserMegaEntryCount": 0, "UserMegaEntryIndex": 0, "TimeRemainingOpponent": 0, "Rank": 1, "FantasyPoints": 1072.34, "FantasyPointsOpponent": 1044.74, "RankScore": 0, "RankScoreOpponent": 0, "UserNameOpponent": "supermannbataman", "WinningValue": 2.7, "Winnings": [{"value": 2.7, "description": "Cash"}], "UpdateStatus": {"lastUpdateTime": "2020-10-15T14:12:52.6900858+00:00"}}, {"MegaDraftGroupId": 1, "MegaContestKey": "89915003", "MegaEntryKey": "2155482486", "UserName": "supermannbataman", "UserKey": "188357", "UserMegaEntryCount": 0, "UserMegaEntryIndex": 0, "TimeRemainingOpponent": 0, "Rank": 2, "FantasyPoints": 1044.74, "FantasyPointsOpponent": 1072.34, "RankScore": 0, "RankScoreOpponent": 0, "UserNameOpponent": "sansbacon", "WinningValue": 0, "UpdateStatus": {"lastUpdateTime": "2020-10-15T14:12:52.6902083+00:00"}}, {"MegaDraftGroupId": 1, "MegaContestKey": "89915003", "MegaEntryKey": "2155483107", "UserName": "serratoservin", "UserKey": "6084083", "UserMegaEntryCount": 0, "UserMegaEntryIndex": 0, "TimeRemainingOpponent": 0, "Rank": 3, "FantasyPoints": 912.82, "FantasyPointsOpponent": 1072.34, "RankScore": 0, "RankScoreOpponent": 0, "UserNameOpponent": "sansbacon", "WinningValue": 0, "UpdateStatus": {"lastUpdateTime": "2020-10-15T14:12:52.6975094+00:00"}}], "UpdateStatus": {"lastUpdateTime": "2020-10-15T14:12:52.7065960+00:00"}}