{"href": "/scores/v1/contests/89917490/", "contestKey": "89917490", "leader": {"draftGroupId": 37605, "contestKey": "89917490", "entryKey": "2155543482", "lineupId": 2556524312, "userName": "BCHD", "userKey": "10290298", "userEntryCount": 1, "userEntryIndex": 1, "timeRemaining": 180, "timeRemainingUnit": "PMR", "maxTimeRemaining": 1200, "timeRemainingOpponent": 81.03, "rank": 1, "fantasyPoints": 229.38, "fantasyPointsOpponent": 207.48, "userNameOpponent": "sansbacon", "winningValue": 0}, "leaderBoard": [{"draftGroupId": 37605, "contestKey": "89917490", "entryKey": "2155543482", "lineupId": 2556524312, "userName": "BCHD", "userKey": "10290298", "userEntryCount": 1, "userEntryIndex": 1, "timeRemaining": 180, "timeRemainingUnit": "PMR", "maxTimeRemaining": 1200, "timeRemainingOpponent": 81.03, "rank": 1, "fantasyPoints": 229.38, "fantasyPointsOpponent": 207.48, "userNameOpponent": "sansbacon", "winningValue": 0}, {"draftGroupId": 37605, "contestKey": "89917490", "entryKey": "2155543257", "lineupId": 2556524311, "userName": "sansbacon", "userKey": "725157", "userEntryCount": 1, "userEntryIndex": 1, "timeRemaining": 81.03, "timeRemainingUnit": "PMR", "maxTimeRemaining": 1200, "timeRemainingOpponent": 180, "rank": 2, "fantasyPoints": 207.48, "fantasyPointsOpponent": 229.38, "userNameOpponent": "BCHD", "winningValue": 0}, {"draftGroupId": 37605, "contestKey": "89917490", "entryKey": "2155537268", "lineupId": 2556524310, "userName": "brock6385", "userKey": "5321985", "userEntryCount": 1, "userEntryIndex": 1, "timeRemaining": 63.09, "timeRemainingUnit": "PMR", "maxTimeRemaining": 1200, "timeRemainingOpponent": 180, "rank": 3, "fantasyPoints": 160, "fantasyPointsOpponent": 229.38, "userNameOpponent": "BCHD", "winningValue": 0}]}