{"href": "/scores/v1/contests/89913877/", "contestKey": "89913877", "leader": {"draftGroupId": 37605, "contestKey": "89913877", "entryKey": "2155435779", "lineupId": 2556466773, "userName": "sansbacon", "userKey": "725157", "userEntryCount": 1, "userEntryIndex": 1, "timeRemaining": 80.5, "timeRemainingUnit": "PMR", "maxTimeRemaining": 1200, "timeRemainingOpponent": 80.5, "rank": 1, "fantasyPoints": 210.8, "fantasyPointsOpponent": 185.38, "userNameOpponent": "icecoldj78", "winningValue": 0}, "leaderBoard": [{"draftGroupId": 37605, "contestKey": "89913877", "entryKey": "2155435779", "lineupId": 2556466773, "userName": "sansbacon", "userKey": "725157", "userEntryCount": 1, "userEntryIndex": 1, "timeRemaining": 80.5, "timeRemainingUnit": "PMR", "maxTimeRemaining": 1200, "timeRemainingOpponent": 80.5, "rank": 1, "fantasyPoints": 210.8, "fantasyPointsOpponent": 185.38, "userNameOpponent": "icecoldj78", "winningValue": 0}, {"draftGroupId": 37605, "contestKey": "89913877", "entryKey": "2155442863", "lineupId": 2556466775, "userName": "icecoldj78", "userKey": "1189489", "userEntryCount": 1, "userEntryIndex": 1, "timeRemaining": 80.5, "timeRemainingUnit": "PMR", "maxTimeRemaining": 1200, "timeRemainingOpponent": 80.5, "rank": 2, "fantasyPoints": 185.38, "fantasyPointsOpponent": 210.8, "userNameOpponent": "sansbacon", "winningValue": 0}, {"draftGroupId": 37605, "contestKey": "89913877", "entryKey": "2155436018", "lineupId": 2556466774, "userName": "belly52d", "userKey": "8368680", "userEntryCount": 1, "userEntryIndex": 1, "timeRemaining": 101, "timeRemainingUnit": "PMR", "maxTimeRemaining": 1200, "timeRemainingOpponent": 80.5, "rank": 3, "fantasyPoints": 185.1, "fantasyPointsOpponent": 210.8, "userNameOpponent": "sansbacon", "winningValue": 0}]}