{"href": "/scores/v1/contests/89917250/", "contestKey": "89917250", "leader": {"draftGroupId": 37605, "contestKey": "89917250", "entryKey": "2155541351", "lineupId": 2556518137, "userName": "sansbacon", "userKey": "725157", "userEntryCount": 1, "userEntryIndex": 1, "timeRemaining": 42.06, "timeRemainingUnit": "PMR", "maxTimeRemaining": 1200, "timeRemainingOpponent": 102.06, "rank": 1, "fantasyPoints": 251.9, "fantasyPointsOpponent": 173.88, "userNameOpponent": "Rueber4", "winningValue": 0}, "leaderBoard": [{"draftGroupId": 37605, "contestKey": "89917250", "entryKey": "2155541351", "lineupId": 2556518137, "userName": "sansbacon", "userKey": "725157", "userEntryCount": 1, "userEntryIndex": 1, "timeRemaining": 42.06, "timeRemainingUnit": "PMR", "maxTimeRemaining": 1200, "timeRemainingOpponent": 102.06, "rank": 1, "fantasyPoints": 251.9, "fantasyPointsOpponent": 173.88, "userNameOpponent": "Rueber4", "winningValue": 0}, {"draftGroupId": 37605, "contestKey": "89917250", "entryKey": "2155541588", "lineupId": 2556518138, "userName": "Rueber4", "userKey": "3453399", "userEntryCount": 1, "userEntryIndex": 1, "timeRemaining": 102.06, "timeRemainingUnit": "PMR", "maxTimeRemaining": 1200, "timeRemainingOpponent": 42.06, "rank": 2, "fantasyPoints": 173.88, "fantasyPointsOpponent": 251.9, "userNameOpponent": "sansbacon", "winningValue": 0}, {"draftGroupId": 37605, "contestKey": "89917250", "entryKey": "2155526648", "lineupId": 2556518136, "userName": "Rdlott", "userKey": "11510779", "userEntryCount": 1, "userEntryIndex": 1, "timeRemaining": 120, "timeRemainingUnit": "PMR", "maxTimeRemaining": 1200, "timeRemainingOpponent": 42.06, "rank": 3, "fantasyPoints": 143.5, "fantasyPointsOpponent": 251.9, "userNameOpponent": "sansbacon", "winningValue": 0}]}