{"Leader": {"MegaDraftGroupId": 1, "MegaContestKey": "89917250", "MegaEntryKey": "2155541351", "UserName": "sansbacon", "UserKey": "725157", "UserMegaEntryCount": 0, "UserMegaEntryIndex": 0, "TimeRemainingOpponent": 0, "Rank": 1, "FantasyPoints": 1077.06, "FantasyPointsOpponent": 974.5, "RankScore": 0, "RankScoreOpponent": 0, "UserNameOpponent": "Rdlott", "WinningValue": 2.7, "Winnings": [{"value": 2.7, "description": "Cash"}], "UpdateStatus": {"lastUpdateTime": "2020-10-15T14:12:52.8732088+00:00"}}, "LastWinningMegaEntry": {"MegaDraftGroupId": 1, "MegaContestKey": "89917250", "MegaEntryKey": "2155541351", "UserName": "sansbacon", "UserKey": "725157", "UserMegaEntryCount": 0, "UserMegaEntryIndex": 0, "TimeRemainingOpponent": 0, "Rank": 1, "FantasyPoints": 1077.06, "FantasyPointsOpponent": 974.5, "RankScore": 0, "RankScoreOpponent": 0, "UserNameOpponent": "Rdlott", "WinningValue": 2.7, "Winnings": [{"value": 2.7, "description": "Cash"}], "UpdateStatus": {"lastUpdateTime": "2020-10-15T14:12:52.8732088+00:00"}}, "Leaderboard": [{"MegaDraftGroupId": 1, "MegaContestKey": "89917250", "MegaEntryKey": "2155541351", "UserName": "sansbacon", "UserKey": "725157", "UserMegaEntryCount": 0, "UserMegaEntryIndex": 0, "TimeRemainingOpponent": 0, "Rank": 1, "FantasyPoints": 1077.06, "FantasyPointsOpponent": 974.5, "RankScore": 0, "RankScoreOpponent": 0, "UserNameOpponent": "Rdlott", "WinningValue": 2.7, "Winnings": [{"value": 2.7, "description": "Cash"}], "UpdateStatus": {"lastUpdateTime": "2020-10-15T14:12:52.8732088+00:00"}}, {"MegaDraftGroupId": 1, "MegaContestKey": "89917250", "MegaEntryKey": "2155526648", "UserName": "Rdlott", "UserKey": "11510779", "UserMegaEntryCount": 0, "UserMegaEntryIndex": 0, "TimeRemainingOpponent": 0, "Rank": 2, "FantasyPoints": 974.5, "FantasyPointsOpponent": 1077.06, "RankScore": 0, "RankScoreOpponent": 0, "UserNameOpponent": "sansbacon", "WinningValue": 0, "UpdateStatus": {"lastUpdateTime": "2020-10-15T14:12:52.8817255+00:00"}}, {"MegaDraftGroupId": 1, "MegaContestKey": "89917250", "MegaEntryKey": "2155541588", "UserName": "Rueber4", "UserKey": "3453399", "UserMegaEntryCount": 0, "UserMegaEntryIndex": 0, "TimeRemainingOpponent": 0, "Rank": 3, "FantasyPoints": 919.12, "FantasyPointsOpponent": 1077.06, "RankScore": 0, "RankScoreOpponent": 0, "UserNameOpponent": "sansbacon", "WinningValue": 0, "UpdateStatus": {"lastUpdateTime": "2020-10-15T14:12:52.8723704+00:00"}}], "UpdateStatus": {"lastUpdateTime": "2020-10-15T14:12:52.8852505+00:00"}}