{"Leader": {"MegaDraftGroupId": 1, "MegaContestKey": "89917490", "MegaEntryKey": "2155543482", "UserName": "BCHD", "UserKey": "10290298", "UserMegaEntryCount": 0, "UserMegaEntryIndex": 0, "TimeRemainingOpponent": 0, "Rank": 1, "FantasyPoints": 1032.8, "FantasyPointsOpponent": 1015.18, "RankScore": 0, "RankScoreOpponent": 0, "UserNameOpponent": "brock6385", "WinningValue": 2.7, "Winnings": [{"value": 2.7, "description": "Cash"}], "UpdateStatus": {"lastUpdateTime": "2020-10-15T14:12:52.9100587+00:00"}}, "LastWinningMegaEntry": {"MegaDraftGroupId": 1, "MegaContestKey": "89917490", "MegaEntryKey": "2155543482", "UserName": "BCHD", "UserKey": "10290298", "UserMegaEntryCount": 0, "UserMegaEntryIndex": 0, "TimeRemainingOpponent": 0, "Rank": 1, "FantasyPoints": 1032.8, "FantasyPointsOpponent": 1015.18, "RankScore": 0, "RankScoreOpponent": 0, "UserNameOpponent": "brock6385", "WinningValue": 2.7, "Winnings": [{"value": 2.7, "description": "Cash"}], "UpdateStatus": {"lastUpdateTime": "2020-10-15T14:12:52.9100587+00:00"}}, "Leaderboard": [{"MegaDraftGroupId": 1, "MegaContestKey": "89917490", "MegaEntryKey": "2155543482", "UserName": "BCHD", "UserKey": "10290298", "UserMegaEntryCount": 0, "UserMegaEntryIndex": 0, "TimeRemainingOpponent": 0, "Rank": 1, "FantasyPoints": 1032.8, "FantasyPointsOpponent": 1015.18, "RankScore": 0, "RankScoreOpponent": 0, "UserNameOpponent": "brock6385", "WinningValue": 2.7, "Winnings": [{"value": 2.7, "description": "Cash"}], "UpdateStatus": {"lastUpdateTime": "2020-10-15T14:12:52.9100587+00:00"}}, {"MegaDraftGroupId": 1, "MegaContestKey": "89917490", "MegaEntryKey": "2155537268", "UserName": "brock6385", "UserKey": "5321985", "UserMegaEntryCount": 0, "UserMegaEntryIndex": 0, "TimeRemainingOpponent": 0, "Rank": 2, "FantasyPoints": 1015.18, "FantasyPointsOpponent": 1032.8, "RankScore": 0, "RankScoreOpponent": 0, "UserNameOpponent": "BCHD", "WinningValue": 0, "UpdateStatus": {"lastUpdateTime": "2020-10-15T14:12:52.9044296+00:00"}}, {"MegaDraftGroupId": 1, "MegaContestKey": "89917490", "MegaEntryKey": "2155543257", "UserName": "sansbacon", "UserKey": "725157", "UserMegaEntryCount": 0, "UserMegaEntryIndex": 0, "TimeRemainingOpponent": 0, "Rank": 3, "FantasyPoints": 1001.78, "FantasyPointsOpponent": 1032.8, "RankScore": 0, "RankScoreOpponent": 0, "UserNameOpponent": "BCHD", "WinningValue": 0, "UpdateStatus": {"lastUpdateTime": "2020-10-15T14:12:52.9110671+00:00"}}], "UpdateStatus": {"lastUpdateTime": "2020-10-15T14:12:52.9260579+00:00"}}