{"href": "/scores/v1/contests/89915650/", "contestKey": "89915650", "leader": {"draftGroupId": 37605, "contestKey": "89915650", "entryKey": "2155491085", "lineupId": 2556492377, "userName": "serratoservin", "userKey": "6084083", "userEntryCount": 1, "userEntryIndex": 1, "timeRemaining": 102.06, "timeRemainingUnit": "PMR", "maxTimeRemaining": 1200, "timeRemainingOpponent": 81.03, "rank": 1, "fantasyPoints": 229.2, "fantasyPointsOpponent": 209.58, "userNameOpponent": "sansbacon", "winningValue": 0}, "leaderBoard": [{"draftGroupId": 37605, "contestKey": "89915650", "entryKey": "2155491085", "lineupId": 2556492377, "userName": "serratoservin", "userKey": "6084083", "userEntryCount": 1, "userEntryIndex": 1, "timeRemaining": 102.06, "timeRemainingUnit": "PMR", "maxTimeRemaining": 1200, "timeRemainingOpponent": 81.03, "rank": 1, "fantasyPoints": 229.2, "fantasyPointsOpponent": 209.58, "userNameOpponent": "sansbacon", "winningValue": 0}, {"draftGroupId": 37605, "contestKey": "89915650", "entryKey": "2155485361", "lineupId": 2556492376, "userName": "sansbacon", "userKey": "725157", "userEntryCount": 1, "userEntryIndex": 1, "timeRemaining": 81.03, "timeRemainingUnit": "PMR", "maxTimeRemaining": 1200, "timeRemainingOpponent": 102.06, "rank": 2, "fantasyPoints": 209.58, "fantasyPointsOpponent": 229.2, "userNameOpponent": "serratoservin", "winningValue": 0}, {"draftGroupId": 37605, "contestKey": "89915650", "entryKey": "2155499702", "lineupId": 2556492378, "userName": "themaltz", "userKey": "316494", "userEntryCount": 1, "userEntryIndex": 1, "timeRemaining": 81.03, "timeRemainingUnit": "PMR", "maxTimeRemaining": 1200, "timeRemainingOpponent": 102.06, "rank": 3, "fantasyPoints": 167.98, "fantasyPointsOpponent": 229.2, "userNameOpponent": "serratoservin", "winningValue": 0}]}