{"Leader": {"MegaDraftGroupId": 1, "MegaContestKey": "89913877", "MegaEntryKey": "2155435779", "UserName": "sansbacon", "UserKey": "725157", "UserMegaEntryCount": 0, "UserMegaEntryIndex": 0, "TimeRemainingOpponent": 0, "Rank": 1, "FantasyPoints": 1065.36, "FantasyPointsOpponent": 1048.64, "RankScore": 0, "RankScoreOpponent": 0, "UserNameOpponent": "belly52d", "WinningValue": 2.7, "Winnings": [{"value": 2.7, "description": "Cash"}], "UpdateStatus": {"lastUpdateTime": "2020-10-15T14:12:52.5726862+00:00"}}, "LastWinningMegaEntry": {"MegaDraftGroupId": 1, "MegaContestKey": "89913877", "MegaEntryKey": "2155435779", "UserName": "sansbacon", "UserKey": "725157", "UserMegaEntryCount": 0, "UserMegaEntryIndex": 0, "TimeRemainingOpponent": 0, "Rank": 1, "FantasyPoints": 1065.36, "FantasyPointsOpponent": 1048.64, "RankScore": 0, "RankScoreOpponent": 0, "UserNameOpponent": "belly52d", "WinningValue": 2.7, "Winnings": [{"value": 2.7, "description": "Cash"}], "UpdateStatus": {"lastUpdateTime": "2020-10-15T14:12:52.5726862+00:00"}}, "Leaderboard": [{"MegaDraftGroupId": 1, "MegaContestKey": "89913877", "MegaEntryKey": "2155435779", "UserName": "sansbacon", "UserKey": "725157", "UserMegaEntryCount": 0, "UserMegaEntryIndex": 0, "TimeRemainingOpponent": 0, "Rank": 1, "FantasyPoints": 1065.36, "FantasyPointsOpponent": 1048.64, "RankScore": 0, "RankScoreOpponent": 0, "UserNameOpponent": "belly52d", "WinningValue": 2.7, "Winnings": [{"value": 2.7, "description": "Cash"}], "UpdateStatus": {"lastUpdateTime": "2020-10-15T14:12:52.5726862+00:00"}}, {"MegaDraftGroupId": 1, "MegaContestKey": "89913877", "MegaEntryKey": "2155436018", "UserName": "belly52d", "UserKey": "8368680", "UserMegaEntryCount": 0, "UserMegaEntryIndex": 0, "TimeRemainingOpponent": 0, "Rank": 2, "FantasyPoints": 1048.64, "FantasyPointsOpponent": 1065.36, "RankScore": 0, "RankScoreOpponent": 0, "UserNameOpponent": "sansbacon", "WinningValue": 0, "UpdateStatus": {"lastUpdateTime": "2020-10-15T14:12:52.5810875+00:00"}}, {"MegaDraftGroupId": 1, "MegaContestKey": "89913877", "MegaEntryKey": "2155442863", "UserName": "icecoldj78", "UserKey": "1189489", "UserMegaEntryCount": 0, "UserMegaEntryIndex": 0, "TimeRemainingOpponent": 0, "Rank": 3, "FantasyPoints": 917.98, "FantasyPointsOpponent": 1065.36, "RankScore": 0, "RankScoreOpponent": 0, "UserNameOpponent": "sansbacon", "WinningValue": 0, "UpdateStatus": {"lastUpdateTime": "2020-10-15T14:12:52.5801791+00:00"}}], "UpdateStatus": {"lastUpdateTime": "2020-10-15T14:12:52.5814185+00:00"}}