{"href": "/scores/v1/contests/89915003/", "contestKey": "89915003", "leader": {"draftGroupId": 37605, "contestKey": "89915003", "entryKey": "2155476226", "lineupId": 2556486982, "userName": "sansbacon", "userKey": "725157", "userEntryCount": 1, "userEntryIndex": 1, "timeRemaining": 20.5, "timeRemainingUnit": "PMR", "maxTimeRemaining": 1200, "timeRemainingOpponent": 60, "rank": 1, "fantasyPoints": 225.3, "fantasyPointsOpponent": 201.88, "userNameOpponent": "supermannbataman", "winningValue": 0}, "leaderBoard": [{"draftGroupId": 37605, "contestKey": "89915003", "entryKey": "2155476226", "lineupId": 2556486982, "userName": "sansbacon", "userKey": "725157", "userEntryCount": 1, "userEntryIndex": 1, "timeRemaining": 20.5, "timeRemainingUnit": "PMR", "maxTimeRemaining": 1200, "timeRemainingOpponent": 60, "rank": 1, "fantasyPoints": 225.3, "fantasyPointsOpponent": 201.88, "userNameOpponent": "supermannbataman", "winningValue": 0}, {"draftGroupId": 37605, "contestKey": "89915003", "entryKey": "2155482486", "lineupId": 2556486983, "userName": "supermannbataman", "userKey": "188357", "userEntryCount": 1, "userEntryIndex": 1, "timeRemaining": 60, "timeRemainingUnit": "PMR", "maxTimeRemaining": 1200, "timeRemainingOpponent": 20.5, "rank": 2, "fantasyPoints": 201.88, "fantasyPointsOpponent": 225.3, "userNameOpponent": "sansbacon", "winningValue": 0}, {"draftGroupId": 37605, "contestKey": "89915003", "entryKey": "2155483107", "lineupId": 2556486984, "userName": "serratoservin", "userKey": "6084083", "userEntryCount": 1, "userEntryIndex": 1, "timeRemaining": 181.5, "timeRemainingUnit": "PMR", "maxTimeRemaining": 1200, "timeRemainingOpponent": 20.5, "rank": 3, "fantasyPoints": 175.68, "fantasyPointsOpponent": 225.3, "userNameOpponent": "sansbacon", "winningValue": 0}]}