{"href": "/scores/v1/contests/89942415/", "contestKey": "89942415", "leader": {"draftGroupId": 37605, "contestKey": "89942415", "entryKey": "2156273006", "lineupId": 2557044782, "userName": "sansbacon", "userKey": "725157", "userEntryCount": 1, "userEntryIndex": 1, "timeRemaining": 42.06, "timeRemainingUnit": "PMR", "maxTimeRemaining": 1200, "timeRemainingOpponent": 141.03, "rank": 1, "fantasyPoints": 248.32, "fantasyPointsOpponent": 173, "userNameOpponent": "Psx120", "winningValue": 0}, "leaderBoard": [{"draftGroupId": 37605, "contestKey": "89942415", "entryKey": "2156273006", "lineupId": 2557044782, "userName": "sansbacon", "userKey": "725157", "userEntryCount": 1, "userEntryIndex": 1, "timeRemaining": 42.06, "timeRemainingUnit": "PMR", "maxTimeRemaining": 1200, "timeRemainingOpponent": 141.03, "rank": 1, "fantasyPoints": 248.32, "fantasyPointsOpponent": 173, "userNameOpponent": "Psx120", "winningValue": 0}, {"draftGroupId": 37605, "contestKey": "89942415", "entryKey": "2156251093", "lineupId": 2557044781, "userName": "Psx120", "userKey": "241620", "userEntryCount": 1, "userEntryIndex": 1, "timeRemaining": 141.03, "timeRemainingUnit": "PMR", "maxTimeRemaining": 1200, "timeRemainingOpponent": 42.06, "rank": 2, "fantasyPoints": 173, "fantasyPointsOpponent": 248.32, "userNameOpponent": "sansbacon", "winningValue": 0}, {"draftGroupId": 37605, "contestKey": "89942415", "entryKey": "2156273814", "lineupId": 2557044783, "userName": "sjkaplan", "userKey": "4022771", "userEntryCount": 1, "userEntryIndex": 1, "timeRemaining": 141.03, "timeRemainingUnit": "PMR", "maxTimeRemaining": 1200, "timeRemainingOpponent": 42.06, "rank": 3, "fantasyPoints": 172.68, "fantasyPointsOpponent": 248.32, "userNameOpponent": "sansbacon", "winningValue": 0}]}