{"Leader": {"MegaDraftGroupId": 1, "MegaContestKey": "89942415", "MegaEntryKey": "2156273006", "UserName": "sansbacon", "UserKey": "725157", "UserMegaEntryCount": 0, "UserMegaEntryIndex": 0, "TimeRemainingOpponent": 0, "Rank": 1, "FantasyPoints": 1114.9, "FantasyPointsOpponent": 994.16, "RankScore": 0, "RankScoreOpponent": 0, "UserNameOpponent": "Psx120", "WinningValue": 2.7, "Winnings": [{"value": 2.7, "description": "Cash"}], "UpdateStatus": {"lastUpdateTime": "2020-10-15T14:12:52.4264251+00:00"}}, "LastWinningMegaEntry": {"MegaDraftGroupId": 1, "MegaContestKey": "89942415", "MegaEntryKey": "2156273006", "UserName": "sansbacon", "UserKey": "725157", "UserMegaEntryCount": 0, "UserMegaEntryIndex": 0, "TimeRemainingOpponent": 0, "Rank": 1, "FantasyPoints": 1114.9, "FantasyPointsOpponent": 994.16, "RankScore": 0, "RankScoreOpponent": 0, "UserNameOpponent": "Psx120", "WinningValue": 2.7, "Winnings": [{"value": 2.7, "description": "Cash"}], "UpdateStatus": {"lastUpdateTime": "2020-10-15T14:12:52.4264251+00:00"}}, "Leaderboard": [{"MegaDraftGroupId": 1, "MegaContestKey": "89942415", "MegaEntryKey": "2156273006", "UserName": "sansbacon", "UserKey": "725157", "UserMegaEntryCount": 0, "UserMegaEntryIndex": 0, "TimeRemainingOpponent": 0, "Rank": 1, "FantasyPoints": 1114.9, "FantasyPointsOpponent": 994.16, "RankScore": 0, "RankScoreOpponent": 0, "UserNameOpponent": "Psx120", "WinningValue": 2.7, "Winnings": [{"value": 2.7, "description": "Cash"}], "UpdateStatus": {"lastUpdateTime": "2020-10-15T14:12:52.4264251+00:00"}}, {"MegaDraftGroupId": 1, "MegaContestKey": "89942415", "MegaEntryKey": "2156251093", "UserName": "Psx120", "UserKey": "241620", "UserMegaEntryCount": 0, "UserMegaEntryIndex": 0, "TimeRemainingOpponent": 0, "Rank": 2, "FantasyPoints": 994.16, "FantasyPointsOpponent": 1114.9, "RankScore": 0, "RankScoreOpponent": 0, "UserNameOpponent": "sansbacon", "WinningValue": 0, "UpdateStatus": {"lastUpdateTime": "2020-10-15T14:12:52.4277881+00:00"}}, {"MegaDraftGroupId": 1, "MegaContestKey": "89942415", "MegaEntryKey": "2156273814", "UserName": "sjkaplan", "UserKey": "4022771", "UserMegaEntryCount": 0, "UserMegaEntryIndex": 0, "TimeRemainingOpponent": 0, "Rank": 3, "FantasyPoints": 931.66, "FantasyPointsOpponent": 1114.9, "RankScore": 0, "RankScoreOpponent": 0, "UserNameOpponent": "sansbacon", "WinningValue": 0, "UpdateStatus": {"lastUpdateTime": "2020-10-15T14:12:52.4279297+00:00"}}], "UpdateStatus": {"lastUpdateTime": "2020-10-15T14:12:52.4294321+00:00"}}