{"href": "/scores/v1/contests/89981329/", "contestKey": "89981329", "leader": {"draftGroupId": 37605, "contestKey": "89981329", "entryKey": "2157255986", "lineupId": 2558303279, "userName": "tybrannon", "userKey": "2034951", "userEntryCount": 1, "userEntryIndex": 1, "timeRemaining": 60, "timeRemainingUnit": "PMR", "maxTimeRemaining": 1200, "timeRemainingOpponent": 141.03, "rank": 1, "fantasyPoints": 207.68, "fantasyPointsOpponent": 205.7, "userNameOpponent": "sansbacon", "winningValue": 0}, "leaderBoard": [{"draftGroupId": 37605, "contestKey": "89981329", "entryKey": "2157255986", "lineupId": 2558303279, "userName": "tybrannon", "userKey": "2034951", "userEntryCount": 1, "userEntryIndex": 1, "timeRemaining": 60, "timeRemainingUnit": "PMR", "maxTimeRemaining": 1200, "timeRemainingOpponent": 141.03, "rank": 1, "fantasyPoints": 207.68, "fantasyPointsOpponent": 205.7, "userNameOpponent": "sansbacon", "winningValue": 0}, {"draftGroupId": 37605, "contestKey": "89981329", "entryKey": "2157250233", "lineupId": 2558303277, "userName": "sansbacon", "userKey": "725157", "userEntryCount": 1, "userEntryIndex": 1, "timeRemaining": 141.03, "timeRemainingUnit": "PMR", "maxTimeRemaining": 1200, "timeRemainingOpponent": 60, "rank": 2, "fantasyPoints": 205.7, "fantasyPointsOpponent": 207.68, "userNameOpponent": "tybrannon", "winningValue": 0}, {"draftGroupId": 37605, "contestKey": "89981329", "entryKey": "2157255980", "lineupId": 2558303278, "userName": "Chadm19", "userKey": "1894395", "userEntryCount": 1, "userEntryIndex": 1, "timeRemaining": 102.06, "timeRemainingUnit": "PMR", "maxTimeRemaining": 1200, "timeRemainingOpponent": 60, "rank": 3, "fantasyPoints": 192.3, "fantasyPointsOpponent": 207.68, "userNameOpponent": "tybrannon", "winningValue": 0}]}