{"Leader": {"MegaDraftGroupId": 1, "MegaContestKey": "89985201", "MegaEntryKey": "2157348734", "UserName": "sansbacon", "UserKey": "725157", "UserMegaEntryCount": 0, "UserMegaEntryIndex": 0, "TimeRemainingOpponent": 0, "Rank": 1, "FantasyPoints": 1056.94, "FantasyPointsOpponent": 1024.4, "RankScore": 0, "RankScoreOpponent": 0, "UserNameOpponent": "Skreets", "WinningValue": 2.7, "Winnings": [{"value": 2.7, "description": "Cash"}], "UpdateStatus": {"lastUpdateTime": "2020-10-15T14:12:53.6834789+00:00"}}, "LastWinningMegaEntry": {"MegaDraftGroupId": 1, "MegaContestKey": "89985201", "MegaEntryKey": "2157348734", "UserName": "sansbacon", "UserKey": "725157", "UserMegaEntryCount": 0, "UserMegaEntryIndex": 0, "TimeRemainingOpponent": 0, "Rank": 1, "FantasyPoints": 1056.94, "FantasyPointsOpponent": 1024.4, "RankScore": 0, "RankScoreOpponent": 0, "UserNameOpponent": "Skreets", "WinningValue": 2.7, "Winnings": [{"value": 2.7, "description": "Cash"}], "UpdateStatus": {"lastUpdateTime": "2020-10-15T14:12:53.6834789+00:00"}}, "Leaderboard": [{"MegaDraftGroupId": 1, "MegaContestKey": "89985201", "MegaEntryKey": "2157348734", "UserName": "sansbacon", "UserKey": "725157", "UserMegaEntryCount": 0, "UserMegaEntryIndex": 0, "TimeRemainingOpponent": 0, "Rank": 1, "FantasyPoints": 1056.94, "FantasyPointsOpponent": 1024.4, "RankScore": 0, "RankScoreOpponent": 0, "UserNameOpponent": "Skreets", "WinningValue": 2.7, "Winnings": [{"value": 2.7, "description": "Cash"}], "UpdateStatus": {"lastUpdateTime": "2020-10-15T14:12:53.6834789+00:00"}}, {"MegaDraftGroupId": 1, "MegaContestKey": "89985201", "MegaEntryKey": "2157339842", "UserName": "Skreets", "UserKey": "6427893", "UserMegaEntryCount": 0, "UserMegaEntryIndex": 0, "TimeRemainingOpponent": 0, "Rank": 2, "FantasyPoints": 1024.4, "FantasyPointsOpponent": 1056.94, "RankScore": 0, "RankScoreOpponent": 0, "UserNameOpponent": "sansbacon", "WinningValue": 0, "UpdateStatus": {"lastUpdateTime": "2020-10-15T14:12:53.6840862+00:00"}}, {"MegaDraftGroupId": 1, "MegaContestKey": "89985201", "MegaEntryKey": "2157348253", "UserName": "Chadm19", "UserKey": "1894395", "UserMegaEntryCount": 0, "UserMegaEntryIndex": 0, "TimeRemainingOpponent": 0, "Rank": 3, "FantasyPoints": 1001.7, "FantasyPointsOpponent": 1056.94, "RankScore": 0, "RankScoreOpponent": 0, "UserNameOpponent": "sansbacon", "WinningValue": 0, "UpdateStatus": {"lastUpdateTime": "2020-10-15T14:12:53.6825697+00:00"}}], "UpdateStatus": {"lastUpdateTime": "2020-10-15T14:12:53.6884993+00:00"}}