{"Leader": {"MegaDraftGroupId": 1, "MegaContestKey": "89980678", "MegaEntryKey": "2157238183", "UserName": "sansbacon", "UserKey": "725157", "UserMegaEntryCount": 0, "UserMegaEntryIndex": 0, "TimeRemainingOpponent": 0, "Rank": 1, "FantasyPoints": 1021.82, "FantasyPointsOpponent": 1020.52, "RankScore": 0, "RankScoreOpponent": 0, "UserNameOpponent": "gballz78", "WinningValue": 2.7, "Winnings": [{"value": 2.7, "description": "Cash"}], "UpdateStatus": {"lastUpdateTime": "2020-10-15T14:12:53.2285452+00:00"}}, "LastWinningMegaEntry": {"MegaDraftGroupId": 1, "MegaContestKey": "89980678", "MegaEntryKey": "2157238183", "UserName": "sansbacon", "UserKey": "725157", "UserMegaEntryCount": 0, "UserMegaEntryIndex": 0, "TimeRemainingOpponent": 0, "Rank": 1, "FantasyPoints": 1021.82, "FantasyPointsOpponent": 1020.52, "RankScore": 0, "RankScoreOpponent": 0, "UserNameOpponent": "gballz78", "WinningValue": 2.7, "Winnings": [{"value": 2.7, "description": "Cash"}], "UpdateStatus": {"lastUpdateTime": "2020-10-15T14:12:53.2285452+00:00"}}, "Leaderboard": [{"MegaDraftGroupId": 1, "MegaContestKey": "89980678", "MegaEntryKey": "2157238183", "UserName": "sansbacon", "UserKey": "725157", "UserMegaEntryCount": 0, "UserMegaEntryIndex": 0, "TimeRemainingOpponent": 0, "Rank": 1, "FantasyPoints": 1021.82, "FantasyPointsOpponent": 1020.52, "RankScore": 0, "RankScoreOpponent": 0, "UserNameOpponent": "gballz78", "WinningValue": 2.7, "Winnings": [{"value": 2.7, "description": "Cash"}], "UpdateStatus": {"lastUpdateTime": "2020-10-15T14:12:53.2285452+00:00"}}, {"MegaDraftGroupId": 1, "MegaContestKey": "89980678", "MegaEntryKey": "2157238282", "UserName": "gballz78", "UserKey": "12700424", "UserMegaEntryCount": 0, "UserMegaEntryIndex": 0, "TimeRemainingOpponent": 0, "Rank": 2, "FantasyPoints": 1020.52, "FantasyPointsOpponent": 1021.82, "RankScore": 0, "RankScoreOpponent": 0, "UserNameOpponent": "sansbacon", "WinningValue": 0, "UpdateStatus": {"lastUpdateTime": "2020-10-15T14:12:53.2163145+00:00"}}, {"MegaDraftGroupId": 1, "MegaContestKey": "89980678", "MegaEntryKey": "2157238380", "UserName": "jecl2772", "UserKey": "682096", "UserMegaEntryCount": 0, "UserMegaEntryIndex": 0, "TimeRemainingOpponent": 0, "Rank": 3, "FantasyPoints": 995.3, "FantasyPointsOpponent": 1021.82, "RankScore": 0, "RankScoreOpponent": 0, "UserNameOpponent": "sansbacon", "WinningValue": 0, "UpdateStatus": {"lastUpdateTime": "2020-10-15T14:12:53.2291080+00:00"}}], "UpdateStatus": {"lastUpdateTime": "2020-10-15T14:12:53.2416124+00:00"}}