{"Leader": {"MegaDraftGroupId": 1, "MegaContestKey": "89980280", "MegaEntryKey": "2157220161", "UserName": "sansbacon", "UserKey": "725157", "UserMegaEntryCount": 0, "UserMegaEntryIndex": 0, "TimeRemainingOpponent": 0, "Rank": 1, "FantasyPoints": 1087.3, "FantasyPointsOpponent": 1027.62, "RankScore": 0, "RankScoreOpponent": 0, "UserNameOpponent": "Rockafizz", "WinningValue": 2.7, "Winnings": [{"value": 2.7, "description": "Cash"}], "UpdateStatus": {"lastUpdateTime": "2020-10-15T14:12:53.1673610+00:00"}}, "LastWinningMegaEntry": {"MegaDraftGroupId": 1, "MegaContestKey": "89980280", "MegaEntryKey": "2157220161", "UserName": "sansbacon", "UserKey": "725157", "UserMegaEntryCount": 0, "UserMegaEntryIndex": 0, "TimeRemainingOpponent": 0, "Rank": 1, "FantasyPoints": 1087.3, "FantasyPointsOpponent": 1027.62, "RankScore": 0, "RankScoreOpponent": 0, "UserNameOpponent": "Rockafizz", "WinningValue": 2.7, "Winnings": [{"value": 2.7, "description": "Cash"}], "UpdateStatus": {"lastUpdateTime": "2020-10-15T14:12:53.1673610+00:00"}}, "Leaderboard": [{"MegaDraftGroupId": 1, "MegaContestKey": "89980280", "MegaEntryKey": "2157220161", "UserName": "sansbacon", "UserKey": "725157", "UserMegaEntryCount": 0, "UserMegaEntryIndex": 0, "TimeRemainingOpponent": 0, "Rank": 1, "FantasyPoints": 1087.3, "FantasyPointsOpponent": 1027.62, "RankScore": 0, "RankScoreOpponent": 0, "UserNameOpponent": "Rockafizz", "WinningValue": 2.7, "Winnings": [{"value": 2.7, "description": "Cash"}], "UpdateStatus": {"lastUpdateTime": "2020-10-15T14:12:53.1673610+00:00"}}, {"MegaDraftGroupId": 1, "MegaContestKey": "89980280", "MegaEntryKey": "2157220479", "UserName": "Rockafizz", "UserKey": "7243690", "UserMegaEntryCount": 0, "UserMegaEntryIndex": 0, "TimeRemainingOpponent": 0, "Rank": 2, "FantasyPoints": 1027.62, "FantasyPointsOpponent": 1087.3, "RankScore": 0, "RankScoreOpponent": 0, "UserNameOpponent": "sansbacon", "WinningValue": 0, "UpdateStatus": {"lastUpdateTime": "2020-10-15T14:12:53.1778364+00:00"}}, {"MegaDraftGroupId": 1, "MegaContestKey": "89980280", "MegaEntryKey": "2157226926", "UserName": "dff_mike2", "UserKey": "11730084", "UserMegaEntryCount": 0, "UserMegaEntryIndex": 0, "TimeRemainingOpponent": 0, "Rank": 3, "FantasyPoints": 909.76, "FantasyPointsOpponent": 1087.3, "RankScore": 0, "RankScoreOpponent": 0, "UserNameOpponent": "sansbacon", "WinningValue": 0, "UpdateStatus": {"lastUpdateTime": "2020-10-15T14:12:53.1657212+00:00"}}], "UpdateStatus": {"lastUpdateTime": "2020-10-15T14:12:53.1803465+00:00"}}