{"Leader": {"MegaDraftGroupId": 1, "MegaContestKey": "89981329", "MegaEntryKey": "2157250233", "UserName": "sansbacon", "UserKey": "725157", "UserMegaEntryCount": 0, "UserMegaEntryIndex": 0, "TimeRemainingOpponent": 0, "Rank": 1, "FantasyPoints": 1098.76, "FantasyPointsOpponent": 1016, "RankScore": 0, "RankScoreOpponent": 0, "UserNameOpponent": "tybrannon", "WinningValue": 2.7, "Winnings": [{"value": 2.7, "description": "Cash"}], "UpdateStatus": {"lastUpdateTime": "2020-10-15T14:12:53.2398268+00:00"}}, "LastWinningMegaEntry": {"MegaDraftGroupId": 1, "MegaContestKey": "89981329", "MegaEntryKey": "2157250233", "UserName": "sansbacon", "UserKey": "725157", "UserMegaEntryCount": 0, "UserMegaEntryIndex": 0, "TimeRemainingOpponent": 0, "Rank": 1, "FantasyPoints": 1098.76, "FantasyPointsOpponent": 1016, "RankScore": 0, "RankScoreOpponent": 0, "UserNameOpponent": "tybrannon", "WinningValue": 2.7, "Winnings": [{"value": 2.7, "description": "Cash"}], "UpdateStatus": {"lastUpdateTime": "2020-10-15T14:12:53.2398268+00:00"}}, "Leaderboard": [{"MegaDraftGroupId": 1, "MegaContestKey": "89981329", "MegaEntryKey": "2157250233", "UserName": "sansbacon", "UserKey": "725157", "UserMegaEntryCount": 0, "UserMegaEntryIndex": 0, "TimeRemainingOpponent": 0, "Rank": 1, "FantasyPoints": 1098.76, "FantasyPointsOpponent": 1016, "RankScore": 0, "RankScoreOpponent": 0, "UserNameOpponent": "tybrannon", "WinningValue": 2.7, "Winnings": [{"value": 2.7, "description": "Cash"}], "UpdateStatus": {"lastUpdateTime": "2020-10-15T14:12:53.2398268+00:00"}}, {"MegaDraftGroupId": 1, "MegaContestKey": "89981329", "MegaEntryKey": "2157255986", "UserName": "tybrannon", "UserKey": "2034951", "UserMegaEntryCount": 0, "UserMegaEntryIndex": 0, "TimeRemainingOpponent": 0, "Rank": 2, "FantasyPoints": 1016, "FantasyPointsOpponent": 1098.76, "RankScore": 0, "RankScoreOpponent": 0, "UserNameOpponent": "sansbacon", "WinningValue": 0, "UpdateStatus": {"lastUpdateTime": "2020-10-15T14:12:53.2448367+00:00"}}, {"MegaDraftGroupId": 1, "MegaContestKey": "89981329", "MegaEntryKey": "2157255980", "UserName": "Chadm19", "UserKey": "1894395", "UserMegaEntryCount": 0, "UserMegaEntryIndex": 0, "TimeRemainingOpponent": 0, "Rank": 3, "FantasyPoints": 907.62, "FantasyPointsOpponent": 1098.76, "RankScore": 0, "RankScoreOpponent": 0, "UserNameOpponent": "sansbacon", "WinningValue": 0, "UpdateStatus": {"lastUpdateTime": "2020-10-15T14:12:53.2372559+00:00"}}], "UpdateStatus": {"lastUpdateTime": "2020-10-15T14:12:53.2830163+00:00"}}