{"href": "/scores/v1/contests/89985642/", "contestKey": "89985642", "leader": {"draftGroupId": 37605, "contestKey": "89985642", "entryKey": "2157358715", "lineupId": 2558367111, "userName": "sansbacon", "userKey": "725157", "userEntryCount": 1, "userEntryIndex": 1, "timeRemaining": 102.06, "timeRemainingUnit": "PMR", "maxTimeRemaining": 1200, "timeRemainingOpponent": 21.03, "rank": 1, "fantasyPoints": 233.18, "fantasyPointsOpponent": 227.98, "userNameOpponent": "Chadm19", "winningValue": 0}, "leaderBoard": [{"draftGroupId": 37605, "contestKey": "89985642", "entryKey": "2157358715", "lineupId": 2558367111, "userName": "sansbacon", "userKey": "725157", "userEntryCount": 1, "userEntryIndex": 1, "timeRemaining": 102.06, "timeRemainingUnit": "PMR", "maxTimeRemaining": 1200, "timeRemainingOpponent": 21.03, "rank": 1, "fantasyPoints": 233.18, "fantasyPointsOpponent": 227.98, "userNameOpponent": "Chadm19", "winningValue": 0}, {"draftGroupId": 37605, "contestKey": "89985642", "entryKey": "2157372838", "lineupId": 2558367113, "userName": "Chadm19", "userKey": "1894395", "userEntryCount": 1, "userEntryIndex": 1, "timeRemaining": 21.03, "timeRemainingUnit": "PMR", "maxTimeRemaining": 1200, "timeRemainingOpponent": 102.06, "rank": 2, "fantasyPoints": 227.98, "fantasyPointsOpponent": 233.18, "userNameOpponent": "sansbacon", "winningValue": 0}, {"draftGroupId": 37605, "contestKey": "89985642", "entryKey": "2157359613", "lineupId": 2558367112, "userName": "jrsteen35", "userKey": "425146", "userEntryCount": 1, "userEntryIndex": 1, "timeRemaining": 141.03, "timeRemainingUnit": "PMR", "maxTimeRemaining": 1200, "timeRemainingOpponent": 102.06, "rank": 3, "fantasyPoints": 147, "fantasyPointsOpponent": 233.18, "userNameOpponent": "sansbacon", "winningValue": 0}]}