{"href": "/scores/v1/contests/89985201/", "contestKey": "89985201", "leader": {"draftGroupId": 37605, "contestKey": "89985201", "entryKey": "2157348734", "lineupId": 2558360113, "userName": "sansbacon", "userKey": "725157", "userEntryCount": 1, "userEntryIndex": 1, "timeRemaining": 201.03, "timeRemainingUnit": "PMR", "maxTimeRemaining": 1200, "timeRemainingOpponent": 0, "rank": 1, "fantasyPoints": 210.62, "fantasyPointsOpponent": 206.28, "userNameOpponent": "Chadm19", "winningValue": 0}, "leaderBoard": [{"draftGroupId": 37605, "contestKey": "89985201", "entryKey": "2157348734", "lineupId": 2558360113, "userName": "sansbacon", "userKey": "725157", "userEntryCount": 1, "userEntryIndex": 1, "timeRemaining": 201.03, "timeRemainingUnit": "PMR", "maxTimeRemaining": 1200, "timeRemainingOpponent": 0, "rank": 1, "fantasyPoints": 210.62, "fantasyPointsOpponent": 206.28, "userNameOpponent": "Chadm19", "winningValue": 0}, {"draftGroupId": 37605, "contestKey": "89985201", "entryKey": "2157348253", "lineupId": 2558360112, "userName": "Chadm19", "userKey": "1894395", "userEntryCount": 1, "userEntryIndex": 1, "timeRemaining": 0, "timeRemainingUnit": "PMR", "maxTimeRemaining": 1200, "timeRemainingOpponent": 201.03, "rank": 2, "fantasyPoints": 206.28, "fantasyPointsOpponent": 210.62, "userNameOpponent": "sansbacon", "winningValue": 0}, {"draftGroupId": 37605, "contestKey": "89985201", "entryKey": "2157339842", "lineupId": 2558360111, "userName": "Skreets", "userKey": "6427893", "userEntryCount": 1, "userEntryIndex": 1, "timeRemaining": 123.09, "timeRemainingUnit": "PMR", "maxTimeRemaining": 1200, "timeRemainingOpponent": 201.03, "rank": 3, "fantasyPoints": 187.8, "fantasyPointsOpponent": 210.62, "userNameOpponent": "sansbacon", "winningValue": 0}]}