{"href": "/scores/v1/contests/89980678/", "contestKey": "89980678", "leader": {"draftGroupId": 37605, "contestKey": "89980678", "entryKey": "2157238183", "lineupId": 2558296135, "userName": "sansbacon", "userKey": "725157", "userEntryCount": 1, "userEntryIndex": 1, "timeRemaining": 21.03, "timeRemainingUnit": "PMR", "maxTimeRemaining": 1200, "timeRemainingOpponent": 141.03, "rank": 1, "fantasyPoints": 229.1, "fantasyPointsOpponent": 196.88, "userNameOpponent": "jecl2772", "winningValue": 0}, "leaderBoard": [{"draftGroupId": 37605, "contestKey": "89980678", "entryKey": "2157238183", "lineupId": 2558296135, "userName": "sansbacon", "userKey": "725157", "userEntryCount": 1, "userEntryIndex": 1, "timeRemaining": 21.03, "timeRemainingUnit": "PMR", "maxTimeRemaining": 1200, "timeRemainingOpponent": 141.03, "rank": 1, "fantasyPoints": 229.1, "fantasyPointsOpponent": 196.88, "userNameOpponent": "jecl2772", "winningValue": 0}, {"draftGroupId": 37605, "contestKey": "89980678", "entryKey": "2157238380", "lineupId": 2558296137, "userName": "jecl2772", "userKey": "682096", "userEntryCount": 1, "userEntryIndex": 1, "timeRemaining": 141.03, "timeRemainingUnit": "PMR", "maxTimeRemaining": 1200, "timeRemainingOpponent": 21.03, "rank": 2, "fantasyPoints": 196.88, "fantasyPointsOpponent": 229.1, "userNameOpponent": "sansbacon", "winningValue": 0}, {"draftGroupId": 37605, "contestKey": "89980678", "entryKey": "2157238282", "lineupId": 2558296136, "userName": "gballz78", "userKey": "12700424", "userEntryCount": 1, "userEntryIndex": 1, "timeRemaining": 102.06, "timeRemainingUnit": "PMR", "maxTimeRemaining": 1200, "timeRemainingOpponent": 21.03, "rank": 3, "fantasyPoints": 177.84, "fantasyPointsOpponent": 229.1, "userNameOpponent": "sansbacon", "winningValue": 0}]}