{"Leader": {"MegaDraftGroupId": 1, "MegaContestKey": "89985642", "MegaEntryKey": "2157372838", "UserName": "Chadm19", "UserKey": "1894395", "UserMegaEntryCount": 0, "UserMegaEntryIndex": 0, "TimeRemainingOpponent": 0, "Rank": 1, "FantasyPoints": 1127.28, "FantasyPointsOpponent": 1039.72, "RankScore": 0, "RankScoreOpponent": 0, "UserNameOpponent": "sansbacon", "WinningValue": 2.7, "Winnings": [{"value": 2.7, "description": "Cash"}], "UpdateStatus": {"lastUpdateTime": "2020-10-15T14:12:53.7184597+00:00"}}, "LastWinningMegaEntry": {"MegaDraftGroupId": 1, "MegaContestKey": "89985642", "MegaEntryKey": "2157372838", "UserName": "Chadm19", "UserKey": "1894395", "UserMegaEntryCount": 0, "UserMegaEntryIndex": 0, "TimeRemainingOpponent": 0, "Rank": 1, "FantasyPoints": 1127.28, "FantasyPointsOpponent": 1039.72, "RankScore": 0, "RankScoreOpponent": 0, "UserNameOpponent": "sansbacon", "WinningValue": 2.7, "Winnings": [{"value": 2.7, "description": "Cash"}], "UpdateStatus": {"lastUpdateTime": "2020-10-15T14:12:53.7184597+00:00"}}, "Leaderboard": [{"MegaDraftGroupId": 1, "MegaContestKey": "89985642", "MegaEntryKey": "2157372838", "UserName": "Chadm19", "UserKey": "1894395", "UserMegaEntryCount": 0, "UserMegaEntryIndex": 0, "TimeRemainingOpponent": 0, "Rank": 1, "FantasyPoints": 1127.28, "FantasyPointsOpponent": 1039.72, "RankScore": 0, "RankScoreOpponent": 0, "UserNameOpponent": "sansbacon", "WinningValue": 2.7, "Winnings": [{"value": 2.7, "description": "Cash"}], "UpdateStatus": {"lastUpdateTime": "2020-10-15T14:12:53.7184597+00:00"}}, {"MegaDraftGroupId": 1, "MegaContestKey": "89985642", "MegaEntryKey": "2157358715", "UserName": "sansbacon", "UserKey": "725157", "UserMegaEntryCount": 0, "UserMegaEntryIndex": 0, "TimeRemainingOpponent": 0, "Rank": 2, "FantasyPoints": 1039.72, "FantasyPointsOpponent": 1127.28, "RankScore": 0, "RankScoreOpponent": 0, "UserNameOpponent": "Chadm19", "WinningValue": 0, "UpdateStatus": {"lastUpdateTime": "2020-10-15T14:12:53.7223600+00:00"}}, {"MegaDraftGroupId": 1, "MegaContestKey": "89985642", "MegaEntryKey": "2157359613", "UserName": "jrsteen35", "UserKey": "425146", "UserMegaEntryCount": 0, "UserMegaEntryIndex": 0, "TimeRemainingOpponent": 0, "Rank": 3, "FantasyPoints": 875.06, "FantasyPointsOpponent": 1127.28, "RankScore": 0, "RankScoreOpponent": 0, "UserNameOpponent": "Chadm19", "WinningValue": 0, "UpdateStatus": {"lastUpdateTime": "2020-10-15T14:12:53.7213331+00:00"}}], "UpdateStatus": {"lastUpdateTime": "2020-10-15T14:12:53.7322367+00:00"}}