{"href": "/scores/v1/contests/89980280/", "contestKey": "89980280", "leader": {"draftGroupId": 37605, "contestKey": "89980280", "entryKey": "2157220161", "lineupId": 2558289085, "userName": "sansbacon", "userKey": "725157", "userEntryCount": 1, "userEntryIndex": 1, "timeRemaining": 21.03, "timeRemainingUnit": "PMR", "maxTimeRemaining": 1200, "timeRemainingOpponent": 123.09, "rank": 1, "fantasyPoints": 235.9, "fantasyPointsOpponent": 205.68, "userNameOpponent": "Rockafizz", "winningValue": 0}, "leaderBoard": [{"draftGroupId": 37605, "contestKey": "89980280", "entryKey": "2157220161", "lineupId": 2558289085, "userName": "sansbacon", "userKey": "725157", "userEntryCount": 1, "userEntryIndex": 1, "timeRemaining": 21.03, "timeRemainingUnit": "PMR", "maxTimeRemaining": 1200, "timeRemainingOpponent": 123.09, "rank": 1, "fantasyPoints": 235.9, "fantasyPointsOpponent": 205.68, "userNameOpponent": "Rockafizz", "winningValue": 0}, {"draftGroupId": 37605, "contestKey": "89980280", "entryKey": "2157220479", "lineupId": 2558289086, "userName": "Rockafizz", "userKey": "7243690", "userEntryCount": 1, "userEntryIndex": 1, "timeRemaining": 123.09, "timeRemainingUnit": "PMR", "maxTimeRemaining": 1200, "timeRemainingOpponent": 21.03, "rank": 2, "fantasyPoints": 205.68, "fantasyPointsOpponent": 235.9, "userNameOpponent": "sansbacon", "winningValue": 0}, {"draftGroupId": 37605, "contestKey": "89980280", "entryKey": "2157226926", "lineupId": 2558289087, "userName": "dff_mike2", "userKey": "11730084", "userEntryCount": 1, "userEntryIndex": 1, "timeRemaining": 180, "timeRemainingUnit": "PMR", "maxTimeRemaining": 1200, "timeRemainingOpponent": 21.03, "rank": 3, "fantasyPoints": 139.36, "fantasyPointsOpponent": 235.9, "userNameOpponent": "sansbacon", "winningValue": 0}]}