{"Leader": {"MegaDraftGroupId": 1, "MegaContestKey": "89992084", "MegaEntryKey": "2157655895", "UserName": "sansbacon", "UserKey": "725157", "UserMegaEntryCount": 0, "UserMegaEntryIndex": 0, "TimeRemainingOpponent": 0, "Rank": 1, "FantasyPoints": 1077.38, "FantasyPointsOpponent": 979.06, "RankScore": 0, "RankScoreOpponent": 0, "UserNameOpponent": "tizzy1990", "WinningValue": 2.7, "Winnings": [{"value": 2.7, "description": "Cash"}], "UpdateStatus": {"lastUpdateTime": "2020-10-15T14:12:53.3175623+00:00"}}, "LastWinningMegaEntry": {"MegaDraftGroupId": 1, "MegaContestKey": "89992084", "MegaEntryKey": "2157655895", "UserName": "sansbacon", "UserKey": "725157", "UserMegaEntryCount": 0, "UserMegaEntryIndex": 0, "TimeRemainingOpponent": 0, "Rank": 1, "FantasyPoints": 1077.38, "FantasyPointsOpponent": 979.06, "RankScore": 0, "RankScoreOpponent": 0, "UserNameOpponent": "tizzy1990", "WinningValue": 2.7, "Winnings": [{"value": 2.7, "description": "Cash"}], "UpdateStatus": {"lastUpdateTime": "2020-10-15T14:12:53.3175623+00:00"}}, "Leaderboard": [{"MegaDraftGroupId": 1, "MegaContestKey": "89992084", "MegaEntryKey": "2157655895", "UserName": "sansbacon", "UserKey": "725157", "UserMegaEntryCount": 0, "UserMegaEntryIndex": 0, "TimeRemainingOpponent": 0, "Rank": 1, "FantasyPoints": 1077.38, "FantasyPointsOpponent": 979.06, "RankScore": 0, "RankScoreOpponent": 0, "UserNameOpponent": "tizzy1990", "WinningValue": 2.7, "Winnings": [{"value": 2.7, "description": "Cash"}], "UpdateStatus": {"lastUpdateTime": "2020-10-15T14:12:53.3175623+00:00"}}, {"MegaDraftGroupId": 1, "MegaContestKey": "89992084", "MegaEntryKey": "2157658365", "UserName": "tizzy1990", "UserKey": "33717", "UserMegaEntryCount": 0, "UserMegaEntryIndex": 0, "TimeRemainingOpponent": 0, "Rank": 2, "FantasyPoints": 979.06, "FantasyPointsOpponent": 1077.38, "RankScore": 0, "RankScoreOpponent": 0, "UserNameOpponent": "sansbacon", "WinningValue": 0, "UpdateStatus": {"lastUpdateTime": "2020-10-15T14:12:53.3172692+00:00"}}, {"MegaDraftGroupId": 1, "MegaContestKey": "89992084", "MegaEntryKey": "2157666519", "UserName": "funny09", "UserKey": "4115403", "UserMegaEntryCount": 0, "UserMegaEntryIndex": 0, "TimeRemainingOpponent": 0, "Rank": 3, "FantasyPoints": 899.16, "FantasyPointsOpponent": 1077.38, "RankScore": 0, "RankScoreOpponent": 0, "UserNameOpponent": "sansbacon", "WinningValue": 0, "UpdateStatus": {"lastUpdateTime": "2020-10-15T14:12:53.3094400+00:00"}}], "UpdateStatus": {"lastUpdateTime": "2020-10-15T14:12:53.3190477+00:00"}}