{"href": "/scores/v1/contests/89992084/", "contestKey": "89992084", "leader": {"draftGroupId": 37605, "contestKey": "89992084", "entryKey": "2157655895", "lineupId": 2558511486, "userName": "sansbacon", "userKey": "725157", "userEntryCount": 1, "userEntryIndex": 1, "timeRemaining": 81.03, "timeRemainingUnit": "PMR", "maxTimeRemaining": 1200, "timeRemainingOpponent": 81.03, "rank": 1, "fantasyPoints": 254.08, "fantasyPointsOpponent": 185.36, "userNameOpponent": "funny09", "winningValue": 0}, "leaderBoard": [{"draftGroupId": 37605, "contestKey": "89992084", "entryKey": "2157655895", "lineupId": 2558511486, "userName": "sansbacon", "userKey": "725157", "userEntryCount": 1, "userEntryIndex": 1, "timeRemaining": 81.03, "timeRemainingUnit": "PMR", "maxTimeRemaining": 1200, "timeRemainingOpponent": 81.03, "rank": 1, "fantasyPoints": 254.08, "fantasyPointsOpponent": 185.36, "userNameOpponent": "funny09", "winningValue": 0}, {"draftGroupId": 37605, "contestKey": "89992084", "entryKey": "2157666519", "lineupId": 2558511488, "userName": "funny09", "userKey": "4115403", "userEntryCount": 1, "userEntryIndex": 1, "timeRemaining": 81.03, "timeRemainingUnit": "PMR", "maxTimeRemaining": 1200, "timeRemainingOpponent": 81.03, "rank": 2, "fantasyPoints": 185.36, "fantasyPointsOpponent": 254.08, "userNameOpponent": "sansbacon", "winningValue": 0}, {"draftGroupId": 37605, "contestKey": "89992084", "entryKey": "2157658365", "lineupId": 2558511487, "userName": "tizzy1990", "userKey": "33717", "userEntryCount": 1, "userEntryIndex": 1, "timeRemaining": 81.03, "timeRemainingUnit": "PMR", "maxTimeRemaining": 1200, "timeRemainingOpponent": 81.03, "rank": 3, "fantasyPoints": 161.38, "fantasyPointsOpponent": 254.08, "userNameOpponent": "sansbacon", "winningValue": 0}]}