{"Leader": {"MegaDraftGroupId": 1, "MegaContestKey": "90015062", "MegaEntryKey": "2158483804", "UserName": "Totes15", "UserKey": "1389977", "UserMegaEntryCount": 0, "UserMegaEntryIndex": 0, "TimeRemainingOpponent": 0, "Rank": 1, "FantasyPoints": 1029.34, "FantasyPointsOpponent": 1007.96, "RankScore": 0, "RankScoreOpponent": 0, "UserNameOpponent": "greekhero46", "WinningValue": 2.7, "Winnings": [{"value": 2.7, "description": "Cash"}], "UpdateStatus": {"lastUpdateTime": "2020-10-15T14:12:53.9084809+00:00"}}, "LastWinningMegaEntry": {"MegaDraftGroupId": 1, "MegaContestKey": "90015062", "MegaEntryKey": "2158483804", "UserName": "Totes15", "UserKey": "1389977", "UserMegaEntryCount": 0, "UserMegaEntryIndex": 0, "TimeRemainingOpponent": 0, "Rank": 1, "FantasyPoints": 1029.34, "FantasyPointsOpponent": 1007.96, "RankScore": 0, "RankScoreOpponent": 0, "UserNameOpponent": "greekhero46", "WinningValue": 2.7, "Winnings": [{"value": 2.7, "description": "Cash"}], "UpdateStatus": {"lastUpdateTime": "2020-10-15T14:12:53.9084809+00:00"}}, "Leaderboard": [{"MegaDraftGroupId": 1, "MegaContestKey": "90015062", "MegaEntryKey": "2158483804", "UserName": "Totes15", "UserKey": "1389977", "UserMegaEntryCount": 0, "UserMegaEntryIndex": 0, "TimeRemainingOpponent": 0, "Rank": 1, "FantasyPoints": 1029.34, "FantasyPointsOpponent": 1007.96, "RankScore": 0, "RankScoreOpponent": 0, "UserNameOpponent": "greekhero46", "WinningValue": 2.7, "Winnings": [{"value": 2.7, "description": "Cash"}], "UpdateStatus": {"lastUpdateTime": "2020-10-15T14:12:53.9084809+00:00"}}, {"MegaDraftGroupId": 1, "MegaContestKey": "90015062", "MegaEntryKey": "2158485077", "UserName": "greekhero46", "UserKey": "109510", "UserMegaEntryCount": 0, "UserMegaEntryIndex": 0, "TimeRemainingOpponent": 0, "Rank": 2, "FantasyPoints": 1007.96, "FantasyPointsOpponent": 1029.34, "RankScore": 0, "RankScoreOpponent": 0, "UserNameOpponent": "Totes15", "WinningValue": 0, "UpdateStatus": {"lastUpdateTime": "2020-10-15T14:12:53.9079618+00:00"}}, {"MegaDraftGroupId": 1, "MegaContestKey": "90015062", "MegaEntryKey": "2158475657", "UserName": "sansbacon", "UserKey": "725157", "UserMegaEntryCount": 0, "UserMegaEntryIndex": 0, "TimeRemainingOpponent": 0, "Rank": 3, "FantasyPoints": 980.84, "FantasyPointsOpponent": 1029.34, "RankScore": 0, "RankScoreOpponent": 0, "UserNameOpponent": "Totes15", "WinningValue": 0, "UpdateStatus": {"lastUpdateTime": "2020-10-15T14:12:53.9083504+00:00"}}], "UpdateStatus": {"lastUpdateTime": "2020-10-15T14:12:53.9123209+00:00"}}