{"href": "/scores/v1/contests/90015062/", "contestKey": "90015062", "leader": {"draftGroupId": 37605, "contestKey": "90015062", "entryKey": "2158475657", "lineupId": 2559257173, "userName": "sansbacon", "userKey": "725157", "userEntryCount": 1, "userEntryIndex": 1, "timeRemaining": 63.09, "timeRemainingUnit": "PMR", "maxTimeRemaining": 1200, "timeRemainingOpponent": 60, "rank": 1, "fantasyPoints": 233, "fantasyPointsOpponent": 187.9, "userNameOpponent": "greekhero46", "winningValue": 0}, "leaderBoard": [{"draftGroupId": 37605, "contestKey": "90015062", "entryKey": "2158475657", "lineupId": 2559257173, "userName": "sansbacon", "userKey": "725157", "userEntryCount": 1, "userEntryIndex": 1, "timeRemaining": 63.09, "timeRemainingUnit": "PMR", "maxTimeRemaining": 1200, "timeRemainingOpponent": 60, "rank": 1, "fantasyPoints": 233, "fantasyPointsOpponent": 187.9, "userNameOpponent": "greekhero46", "winningValue": 0}, {"draftGroupId": 37605, "contestKey": "90015062", "entryKey": "2158485077", "lineupId": 2559257175, "userName": "greekhero46", "userKey": "109510", "userEntryCount": 1, "userEntryIndex": 1, "timeRemaining": 60, "timeRemainingUnit": "PMR", "maxTimeRemaining": 1200, "timeRemainingOpponent": 63.09, "rank": 2, "fantasyPoints": 187.9, "fantasyPointsOpponent": 233, "userNameOpponent": "sansbacon", "winningValue": 0}, {"draftGroupId": 37605, "contestKey": "90015062", "entryKey": "2158483804", "lineupId": 2559257174, "userName": "Totes15", "userKey": "1389977", "userEntryCount": 1, "userEntryIndex": 1, "timeRemaining": 141.03, "timeRemainingUnit": "PMR", "maxTimeRemaining": 1200, "timeRemainingOpponent": 63.09, "rank": 3, "fantasyPoints": 185.68, "fantasyPointsOpponent": 233, "userNameOpponent": "sansbacon", "winningValue": 0}]}