{"href": "/scores/v1/contests/90024903/", "contestKey": "90024903", "leader": {"draftGroupId": 37605, "contestKey": "90024903", "entryKey": "2158808776", "lineupId": 2559624281, "userName": "sansbacon", "userKey": "725157", "userEntryCount": 1, "userEntryIndex": 1, "timeRemaining": 42.06, "timeRemainingUnit": "PMR", "maxTimeRemaining": 1200, "timeRemainingOpponent": 81.03, "rank": 1, "fantasyPoints": 239.4, "fantasyPointsOpponent": 187.38, "userNameOpponent": "train1", "winningValue": 0}, "leaderBoard": [{"draftGroupId": 37605, "contestKey": "90024903", "entryKey": "2158808776", "lineupId": 2559624281, "userName": "sansbacon", "userKey": "725157", "userEntryCount": 1, "userEntryIndex": 1, "timeRemaining": 42.06, "timeRemainingUnit": "PMR", "maxTimeRemaining": 1200, "timeRemainingOpponent": 81.03, "rank": 1, "fantasyPoints": 239.4, "fantasyPointsOpponent": 187.38, "userNameOpponent": "train1", "winningValue": 0}, {"draftGroupId": 37605, "contestKey": "90024903", "entryKey": "2158823904", "lineupId": 2559624282, "userName": "train1", "userKey": "3382234", "userEntryCount": 1, "userEntryIndex": 1, "timeRemaining": 81.03, "timeRemainingUnit": "PMR", "maxTimeRemaining": 1200, "timeRemainingOpponent": 42.06, "rank": 2, "fantasyPoints": 187.38, "fantasyPointsOpponent": 239.4, "userNameOpponent": "sansbacon", "winningValue": 0}, {"draftGroupId": 37605, "contestKey": "90024903", "entryKey": "2158800498", "lineupId": 2559624280, "userName": "zswalker5", "userKey": "1372394", "userEntryCount": 1, "userEntryIndex": 1, "timeRemaining": 141.03, "timeRemainingUnit": "PMR", "maxTimeRemaining": 1200, "timeRemainingOpponent": 42.06, "rank": 3, "fantasyPoints": 184.92, "fantasyPointsOpponent": 239.4, "userNameOpponent": "sansbacon", "winningValue": 0}]}