{"Leader": {"MegaDraftGroupId": 1, "MegaContestKey": "90024903", "MegaEntryKey": "2158800498", "UserName": "zswalker5", "UserKey": "1372394", "UserMegaEntryCount": 0, "UserMegaEntryIndex": 0, "TimeRemainingOpponent": 0, "Rank": 1, "FantasyPoints": 1117.24, "FantasyPointsOpponent": 1043.8, "RankScore": 0, "RankScoreOpponent": 0, "UserNameOpponent": "sansbacon", "WinningValue": 2.7, "Winnings": [{"value": 2.7, "description": "Cash"}], "UpdateStatus": {"lastUpdateTime": "2020-10-15T14:12:53.4675148+00:00"}}, "LastWinningMegaEntry": {"MegaDraftGroupId": 1, "MegaContestKey": "90024903", "MegaEntryKey": "2158800498", "UserName": "zswalker5", "UserKey": "1372394", "UserMegaEntryCount": 0, "UserMegaEntryIndex": 0, "TimeRemainingOpponent": 0, "Rank": 1, "FantasyPoints": 1117.24, "FantasyPointsOpponent": 1043.8, "RankScore": 0, "RankScoreOpponent": 0, "UserNameOpponent": "sansbacon", "WinningValue": 2.7, "Winnings": [{"value": 2.7, "description": "Cash"}], "UpdateStatus": {"lastUpdateTime": "2020-10-15T14:12:53.4675148+00:00"}}, "Leaderboard": [{"MegaDraftGroupId": 1, "MegaContestKey": "90024903", "MegaEntryKey": "2158800498", "UserName": "zswalker5", "UserKey": "1372394", "UserMegaEntryCount": 0, "UserMegaEntryIndex": 0, "TimeRemainingOpponent": 0, "Rank": 1, "FantasyPoints": 1117.24, "FantasyPointsOpponent": 1043.8, "RankScore": 0, "RankScoreOpponent": 0, "UserNameOpponent": "sansbacon", "WinningValue": 2.7, "Winnings": [{"value": 2.7, "description": "Cash"}], "UpdateStatus": {"lastUpdateTime": "2020-10-15T14:12:53.4675148+00:00"}}, {"MegaDraftGroupId": 1, "MegaContestKey": "90024903", "MegaEntryKey": "2158808776", "UserName": "sansbacon", "UserKey": "725157", "UserMegaEntryCount": 0, "UserMegaEntryIndex": 0, "TimeRemainingOpponent": 0, "Rank": 2, "FantasyPoints": 1043.8, "FantasyPointsOpponent": 1117.24, "RankScore": 0, "RankScoreOpponent": 0, "UserNameOpponent": "zswalker5", "WinningValue": 0, "UpdateStatus": {"lastUpdateTime": "2020-10-15T14:12:53.4696361+00:00"}}, {"MegaDraftGroupId": 1, "MegaContestKey": "90024903", "MegaEntryKey": "2158823904", "UserName": "train1", "UserKey": "3382234", "UserMegaEntryCount": 0, "UserMegaEntryIndex": 0, "TimeRemainingOpponent": 0, "Rank": 3, "FantasyPoints": 930.46, "FantasyPointsOpponent": 1117.24, "RankScore": 0, "RankScoreOpponent": 0, "UserNameOpponent": "zswalker5", "WinningValue": 0, "UpdateStatus": {"lastUpdateTime": "2020-10-15T14:12:53.4698032+00:00"}}], "UpdateStatus": {"lastUpdateTime": "2020-10-15T14:12:53.4727297+00:00"}}