{"Leader": {"MegaDraftGroupId": 1, "MegaContestKey": "90026170", "MegaEntryKey": "2158858138", "UserName": "nate20", "UserKey": "243703", "UserMegaEntryCount": 0, "UserMegaEntryIndex": 0, "TimeRemainingOpponent": 0, "Rank": 1, "FantasyPoints": 1082.62, "FantasyPointsOpponent": 1050.9, "RankScore": 0, "RankScoreOpponent": 0, "UserNameOpponent": "sansbacon", "WinningValue": 2.7, "Winnings": [{"value": 2.7, "description": "Cash"}], "UpdateStatus": {"lastUpdateTime": "2020-10-15T14:12:53.5418991+00:00"}}, "LastWinningMegaEntry": {"MegaDraftGroupId": 1, "MegaContestKey": "90026170", "MegaEntryKey": "2158858138", "UserName": "nate20", "UserKey": "243703", "UserMegaEntryCount": 0, "UserMegaEntryIndex": 0, "TimeRemainingOpponent": 0, "Rank": 1, "FantasyPoints": 1082.62, "FantasyPointsOpponent": 1050.9, "RankScore": 0, "RankScoreOpponent": 0, "UserNameOpponent": "sansbacon", "WinningValue": 2.7, "Winnings": [{"value": 2.7, "description": "Cash"}], "UpdateStatus": {"lastUpdateTime": "2020-10-15T14:12:53.5418991+00:00"}}, "Leaderboard": [{"MegaDraftGroupId": 1, "MegaContestKey": "90026170", "MegaEntryKey": "2158858138", "UserName": "nate20", "UserKey": "243703", "UserMegaEntryCount": 0, "UserMegaEntryIndex": 0, "TimeRemainingOpponent": 0, "Rank": 1, "FantasyPoints": 1082.62, "FantasyPointsOpponent": 1050.9, "RankScore": 0, "RankScoreOpponent": 0, "UserNameOpponent": "sansbacon", "WinningValue": 2.7, "Winnings": [{"value": 2.7, "description": "Cash"}], "UpdateStatus": {"lastUpdateTime": "2020-10-15T14:12:53.5418991+00:00"}}, {"MegaDraftGroupId": 1, "MegaContestKey": "90026170", "MegaEntryKey": "2158844856", "UserName": "sansbacon", "UserKey": "725157", "UserMegaEntryCount": 0, "UserMegaEntryIndex": 0, "TimeRemainingOpponent": 0, "Rank": 2, "FantasyPoints": 1050.9, "FantasyPointsOpponent": 1082.62, "RankScore": 0, "RankScoreOpponent": 0, "UserNameOpponent": "nate20", "WinningValue": 0, "UpdateStatus": {"lastUpdateTime": "2020-10-15T14:12:53.5437741+00:00"}}, {"MegaDraftGroupId": 1, "MegaContestKey": "90026170", "MegaEntryKey": "2158848106", "UserName": "hauntedmansion84", "UserKey": "1401194", "UserMegaEntryCount": 0, "UserMegaEntryIndex": 0, "TimeRemainingOpponent": 0, "Rank": 3, "FantasyPoints": 900.72, "FantasyPointsOpponent": 1082.62, "RankScore": 0, "RankScoreOpponent": 0, "UserNameOpponent": "nate20", "WinningValue": 0, "UpdateStatus": {"lastUpdateTime": "2020-10-15T14:12:53.5429632+00:00"}}], "UpdateStatus": {"lastUpdateTime": "2020-10-15T14:12:53.5445932+00:00"}}