{"href": "/scores/v1/contests/90026170/", "contestKey": "90026170", "leader": {"draftGroupId": 37605, "contestKey": "90026170", "entryKey": "2158844856", "lineupId": 2559679122, "userName": "sansbacon", "userKey": "725157", "userEntryCount": 1, "userEntryIndex": 1, "timeRemaining": 102.06, "timeRemainingUnit": "PMR", "maxTimeRemaining": 1200, "timeRemainingOpponent": 120, "rank": 1, "fantasyPoints": 225.8, "fantasyPointsOpponent": 212.88, "userNameOpponent": "nate20", "winningValue": 0}, "leaderBoard": [{"draftGroupId": 37605, "contestKey": "90026170", "entryKey": "2158844856", "lineupId": 2559679122, "userName": "sansbacon", "userKey": "725157", "userEntryCount": 1, "userEntryIndex": 1, "timeRemaining": 102.06, "timeRemainingUnit": "PMR", "maxTimeRemaining": 1200, "timeRemainingOpponent": 120, "rank": 1, "fantasyPoints": 225.8, "fantasyPointsOpponent": 212.88, "userNameOpponent": "nate20", "winningValue": 0}, {"draftGroupId": 37605, "contestKey": "90026170", "entryKey": "2158858138", "lineupId": 2559679124, "userName": "nate20", "userKey": "243703", "userEntryCount": 1, "userEntryIndex": 1, "timeRemaining": 120, "timeRemainingUnit": "PMR", "maxTimeRemaining": 1200, "timeRemainingOpponent": 102.06, "rank": 2, "fantasyPoints": 212.88, "fantasyPointsOpponent": 225.8, "userNameOpponent": "sansbacon", "winningValue": 0}, {"draftGroupId": 37605, "contestKey": "90026170", "entryKey": "2158848106", "lineupId": 2559679123, "userName": "hauntedmansion84", "userKey": "1401194", "userEntryCount": 1, "userEntryIndex": 1, "timeRemaining": 81.03, "timeRemainingUnit": "PMR", "maxTimeRemaining": 1200, "timeRemainingOpponent": 102.06, "rank": 3, "fantasyPoints": 146.28, "fantasyPointsOpponent": 225.8, "userNameOpponent": "sansbacon", "winningValue": 0}]}