{"Leader": {"MegaDraftGroupId": 1, "MegaContestKey": "90038375", "MegaEntryKey": "2159124456", "UserName": "grumshot", "UserKey": "12621423", "UserMegaEntryCount": 0, "UserMegaEntryIndex": 0, "TimeRemainingOpponent": 0, "Rank": 1, "FantasyPoints": 820.8, "FantasyPointsOpponent": 805.92, "RankScore": 0, "RankScoreOpponent": 0, "UserNameOpponent": "DFSCrusader445", "WinningValue": 56, "Winnings": [{"value": 56, "description": "Cash"}], "UpdateStatus": {"lastUpdateTime": "2020-10-15T14:12:54.0955443+00:00"}}, "LastWinningMegaEntry": {"MegaDraftGroupId": 1, "MegaContestKey": "90038375", "MegaEntryKey": "2159152278", "UserName": "jvaneverdingen", "UserKey": "11272613", "UserMegaEntryCount": 0, "UserMegaEntryIndex": 0, "TimeRemainingOpponent": 0, "Rank": 3, "FantasyPoints": 784.08, "FantasyPointsOpponent": 820.8, "RankScore": 0, "RankScoreOpponent": 0, "UserNameOpponent": "grumshot", "WinningValue": 18, "Winnings": [{"value": 18, "description": "Cash"}], "UpdateStatus": {"lastUpdateTime": "2020-10-15T14:12:54.0996250+00:00"}}, "Leaderboard": [{"MegaDraftGroupId": 1, "MegaContestKey": "90038375", "MegaEntryKey": "2159124456", "UserName": "grumshot", "UserKey": "12621423", "UserMegaEntryCount": 0, "UserMegaEntryIndex": 0, "TimeRemainingOpponent": 0, "Rank": 1, "FantasyPoints": 820.8, "FantasyPointsOpponent": 805.92, "RankScore": 0, "RankScoreOpponent": 0, "UserNameOpponent": "DFSCrusader445", "WinningValue": 56, "Winnings": [{"value": 56, "description": "Cash"}], "UpdateStatus": {"lastUpdateTime": "2020-10-15T14:12:54.0955443+00:00"}}, {"MegaDraftGroupId": 1, "MegaContestKey": "90038375", "MegaEntryKey": "2159164803", "UserName": "DFSCrusader445", "UserKey": "10600149", "UserMegaEntryCount": 0, "UserMegaEntryIndex": 0, "TimeRemainingOpponent": 0, "Rank": 2, "FantasyPoints": 805.92, "FantasyPointsOpponent": 820.8, "RankScore": 0, "RankScoreOpponent": 0, "UserNameOpponent": "grumshot", "WinningValue": 34, "Winnings": [{"value": 34, "description": "Cash"}], "UpdateStatus": {"lastUpdateTime": "2020-10-15T14:12:54.1094543+00:00"}}, {"MegaDraftGroupId": 1, "MegaContestKey": "90038375", "MegaEntryKey": "2159152278", "UserName": "jvaneverdingen", "UserKey": "11272613", "UserMegaEntryCount": 0, "UserMegaEntryIndex": 0, "TimeRemainingOpponent": 0, "Rank": 3, "FantasyPoints": 784.08, "FantasyPointsOpponent": 820.8, "RankScore": 0, "RankScoreOpponent": 0, "UserNameOpponent": "grumshot", "WinningValue": 18, "Winnings": [{"value": 18, "description": "Cash"}], "UpdateStatus": {"lastUpdateTime": "2020-10-15T14:12:54.0996250+00:00"}}, {"MegaDraftGroupId": 1, "MegaContestKey": "90038375", "MegaEntryKey": "2159165377", "UserName": "jbtupper9", "UserKey": "322853", "UserMegaEntryCount": 0, "UserMegaEntryIndex": 0, "TimeRemainingOpponent": 0, "Rank": 4, "FantasyPoints": 766.56, "FantasyPointsOpponent": 820.8, "RankScore": 0, "RankScoreOpponent": 0, "UserNameOpponent": "grumshot", "WinningValue": 0, "UpdateStatus": {"lastUpdateTime": "2020-10-15T14:12:54.0943148+00:00"}}, {"MegaDraftGroupId": 1, "MegaContestKey": "90038375", "MegaEntryKey": "2159089911", "UserName": "kylewilson1092", "UserKey": "6059643", "UserMegaEntryCount": 0, "UserMegaEntryIndex": 0, "TimeRemainingOpponent": 0, "Rank": 5, "FantasyPoints": 763, "FantasyPointsOpponent": 820.8, "RankScore": 0, "RankScoreOpponent": 0, "UserNameOpponent": "grumshot", "WinningValue": 0, "UpdateStatus": {"lastUpdateTime": "2020-10-15T14:12:54.1003823+00:00"}}, {"MegaDraftGroupId": 1, "MegaContestKey": "90038375", "MegaEntryKey": "2159151001", "UserName": "Hardinw624", "UserKey": "10626046", "UserMegaEntryCount": 0, "UserMegaEntryIndex": 0, "TimeRemainingOpponent": 0, "Rank": 6, "FantasyPoints": 729.78, "FantasyPointsOpponent": 820.8, "RankScore": 0, "RankScoreOpponent": 0, "UserNameOpponent": "grumshot", "WinningValue": 0, "UpdateStatus": {"lastUpdateTime": "2020-10-15T14:12:54.1013398+00:00"}}, {"MegaDraftGroupId": 1, "MegaContestKey": "90038375", "MegaEntryKey": "2159138854", "UserName": "Drjpine3", "UserKey": "3427893", "UserMegaEntryCount": 0, "UserMegaEntryIndex": 0, "TimeRemainingOpponent": 0, "Rank": 7, "FantasyPoints": 723.28, "FantasyPointsOpponent": 820.8, "RankScore": 0, "RankScoreOpponent": 0, "UserNameOpponent": "grumshot", "WinningValue": 0, "UpdateStatus": {"lastUpdateTime": "2020-10-15T14:12:54.0963835+00:00"}}, {"MegaDraftGroupId": 1, "MegaContestKey": "90038375", "MegaEntryKey": "2159174353", "UserName": "sansbacon", "UserKey": "725157", "UserMegaEntryCount": 0, "UserMegaEntryIndex": 0, "TimeRemainingOpponent": 0, "Rank": 8, "FantasyPoints": 693.44, "FantasyPointsOpponent": 820.8, "RankScore": 0, "RankScoreOpponent": 0, "UserNameOpponent": "grumshot", "WinningValue": 0, "UpdateStatus": {"lastUpdateTime": "2020-10-15T14:12:54.0972428+00:00"}}, {"MegaDraftGroupId": 1, "MegaContestKey": "90038375", "MegaEntryKey": "2159163264", "UserName": "kmccray25", "UserKey": "420148", "UserMegaEntryCount": 0, "UserMegaEntryIndex": 0, "TimeRemainingOpponent": 0, "Rank": 9, "FantasyPoints": 691.52, "FantasyPointsOpponent": 820.8, "RankScore": 0, "RankScoreOpponent": 0, "UserNameOpponent": "grumshot", "WinningValue": 0, "UpdateStatus": {"lastUpdateTime": "2020-10-15T14:12:54.0980967+00:00"}}, {"MegaDraftGroupId": 1, "MegaContestKey": "90038375", "MegaEntryKey": "2159089795", "UserName": "mikemcd810", "UserKey": "753046", "UserMegaEntryCount": 0, "UserMegaEntryIndex": 0, "TimeRemainingOpponent": 0, "Rank": 10, "FantasyPoints": 642.54, "FantasyPointsOpponent": 820.8, "RankScore": 0, "RankScoreOpponent": 0, "UserNameOpponent": "grumshot", "WinningValue": 0, "UpdateStatus": {"lastUpdateTime": "2020-10-15T14:12:54.0988928+00:00"}}, {"MegaDraftGroupId": 1, "MegaContestKey": "90038375", "MegaEntryKey": "2159145660", "UserName": "Jus10mmar10", "UserKey": "4652854", "UserMegaEntryCount": 0, "UserMegaEntryIndex": 0, "TimeRemainingOpponent": 0, "Rank": 11, "FantasyPoints": 642.4, "FantasyPointsOpponent": 820.8, "RankScore": 0, "RankScoreOpponent": 0, "UserNameOpponent": "grumshot", "WinningValue": 0, "UpdateStatus": {"lastUpdateTime": "2020-10-15T14:12:54.1106747+00:00"}}, {"MegaDraftGroupId": 1, "MegaContestKey": "90038375", "MegaEntryKey": "2159143490", "UserName": "Bravehearts1", "UserKey": "1996689", "UserMegaEntryCount": 0, "UserMegaEntryIndex": 0, "TimeRemainingOpponent": 0, "Rank": 12, "FantasyPoints": 596.92, "FantasyPointsOpponent": 820.8, "RankScore": 0, "RankScoreOpponent": 0, "UserNameOpponent": "grumshot", "WinningValue": 0, "UpdateStatus": {"lastUpdateTime": "2020-10-15T14:12:54.1116870+00:00"}}], "UpdateStatus": {"lastUpdateTime": "2020-10-15T14:12:54.1149019+00:00"}}