{"Leader": {"MegaDraftGroupId": 1, "MegaContestKey": "90044495", "MegaEntryKey": "2159230652", "UserName": "sansbacon", "UserKey": "725157", "UserMegaEntryCount": 0, "UserMegaEntryIndex": 0, "TimeRemainingOpponent": 0, "Rank": 1, "FantasyPoints": 1055.64, "FantasyPointsOpponent": 1004.38, "RankScore": 0, "RankScoreOpponent": 0, "UserNameOpponent": "packers223", "WinningValue": 2.7, "Winnings": [{"value": 2.7, "description": "Cash"}], "UpdateStatus": {"lastUpdateTime": "2020-10-15T14:12:54.5175517+00:00"}}, "LastWinningMegaEntry": {"MegaDraftGroupId": 1, "MegaContestKey": "90044495", "MegaEntryKey": "2159230652", "UserName": "sansbacon", "UserKey": "725157", "UserMegaEntryCount": 0, "UserMegaEntryIndex": 0, "TimeRemainingOpponent": 0, "Rank": 1, "FantasyPoints": 1055.64, "FantasyPointsOpponent": 1004.38, "RankScore": 0, "RankScoreOpponent": 0, "UserNameOpponent": "packers223", "WinningValue": 2.7, "Winnings": [{"value": 2.7, "description": "Cash"}], "UpdateStatus": {"lastUpdateTime": "2020-10-15T14:12:54.5175517+00:00"}}, "Leaderboard": [{"MegaDraftGroupId": 1, "MegaContestKey": "90044495", "MegaEntryKey": "2159230652", "UserName": "sansbacon", "UserKey": "725157", "UserMegaEntryCount": 0, "UserMegaEntryIndex": 0, "TimeRemainingOpponent": 0, "Rank": 1, "FantasyPoints": 1055.64, "FantasyPointsOpponent": 1004.38, "RankScore": 0, "RankScoreOpponent": 0, "UserNameOpponent": "packers223", "WinningValue": 2.7, "Winnings": [{"value": 2.7, "description": "Cash"}], "UpdateStatus": {"lastUpdateTime": "2020-10-15T14:12:54.5175517+00:00"}}, {"MegaDraftGroupId": 1, "MegaContestKey": "90044495", "MegaEntryKey": "2159253393", "UserName": "packers223", "UserKey": "7235578", "UserMegaEntryCount": 0, "UserMegaEntryIndex": 0, "TimeRemainingOpponent": 0, "Rank": 2, "FantasyPoints": 1004.38, "FantasyPointsOpponent": 1055.64, "RankScore": 0, "RankScoreOpponent": 0, "UserNameOpponent": "sansbacon", "WinningValue": 0, "UpdateStatus": {"lastUpdateTime": "2020-10-15T14:12:54.5145046+00:00"}}, {"MegaDraftGroupId": 1, "MegaContestKey": "90044495", "MegaEntryKey": "2159231403", "UserName": "BillyZ", "UserKey": "413008", "UserMegaEntryCount": 0, "UserMegaEntryIndex": 0, "TimeRemainingOpponent": 0, "Rank": 3, "FantasyPoints": 960.9, "FantasyPointsOpponent": 1055.64, "RankScore": 0, "RankScoreOpponent": 0, "UserNameOpponent": "sansbacon", "WinningValue": 0, "UpdateStatus": {"lastUpdateTime": "2020-10-15T14:12:54.5137292+00:00"}}], "UpdateStatus": {"lastUpdateTime": "2020-10-15T14:12:54.5199435+00:00"}}