{"href": "/scores/v1/contests/90045790/", "contestKey": "90045790", "leader": {"draftGroupId": 37605, "contestKey": "90045790", "entryKey": "2159267124", "lineupId": 2560176199, "userName": "yogi007", "userKey": "200978", "userEntryCount": 1, "userEntryIndex": 1, "timeRemaining": 60, "timeRemainingUnit": "PMR", "maxTimeRemaining": 1200, "timeRemainingOpponent": 162.06, "rank": 1, "fantasyPoints": 228.48, "fantasyPointsOpponent": 215.28, "userNameOpponent": "stromith", "winningValue": 0}, "leaderBoard": [{"draftGroupId": 37605, "contestKey": "90045790", "entryKey": "2159267124", "lineupId": 2560176199, "userName": "yogi007", "userKey": "200978", "userEntryCount": 1, "userEntryIndex": 1, "timeRemaining": 60, "timeRemainingUnit": "PMR", "maxTimeRemaining": 1200, "timeRemainingOpponent": 162.06, "rank": 1, "fantasyPoints": 228.48, "fantasyPointsOpponent": 215.28, "userNameOpponent": "stromith", "winningValue": 0}, {"draftGroupId": 37605, "contestKey": "90045790", "entryKey": "2159260447", "lineupId": 2560176198, "userName": "stromith", "userKey": "33058", "userEntryCount": 1, "userEntryIndex": 1, "timeRemaining": 162.06, "timeRemainingUnit": "PMR", "maxTimeRemaining": 1200, "timeRemainingOpponent": 60, "rank": 2, "fantasyPoints": 215.28, "fantasyPointsOpponent": 228.48, "userNameOpponent": "yogi007", "winningValue": 0}, {"draftGroupId": 37605, "contestKey": "90045790", "entryKey": "2159251143", "lineupId": 2560176197, "userName": "sansbacon", "userKey": "725157", "userEntryCount": 1, "userEntryIndex": 1, "timeRemaining": 102.06, "timeRemainingUnit": "PMR", "maxTimeRemaining": 1200, "timeRemainingOpponent": 60, "rank": 3, "fantasyPoints": 175.62, "fantasyPointsOpponent": 228.48, "userNameOpponent": "yogi007", "winningValue": 0}]}