{"Leader": {"MegaDraftGroupId": 1, "MegaContestKey": "90040152", "MegaEntryKey": "2159162559", "UserName": "sansbacon", "UserKey": "725157", "UserMegaEntryCount": 0, "UserMegaEntryIndex": 0, "TimeRemainingOpponent": 0, "Rank": 1, "FantasyPoints": 1036.16, "FantasyPointsOpponent": 989.88, "RankScore": 0, "RankScoreOpponent": 0, "UserNameOpponent": "ljeremy578", "WinningValue": 2.7, "Winnings": [{"value": 2.7, "description": "Cash"}], "UpdateStatus": {"lastUpdateTime": "2020-10-15T14:12:54.0532518+00:00"}}, "LastWinningMegaEntry": {"MegaDraftGroupId": 1, "MegaContestKey": "90040152", "MegaEntryKey": "2159162559", "UserName": "sansbacon", "UserKey": "725157", "UserMegaEntryCount": 0, "UserMegaEntryIndex": 0, "TimeRemainingOpponent": 0, "Rank": 1, "FantasyPoints": 1036.16, "FantasyPointsOpponent": 989.88, "RankScore": 0, "RankScoreOpponent": 0, "UserNameOpponent": "ljeremy578", "WinningValue": 2.7, "Winnings": [{"value": 2.7, "description": "Cash"}], "UpdateStatus": {"lastUpdateTime": "2020-10-15T14:12:54.0532518+00:00"}}, "Leaderboard": [{"MegaDraftGroupId": 1, "MegaContestKey": "90040152", "MegaEntryKey": "2159162559", "UserName": "sansbacon", "UserKey": "725157", "UserMegaEntryCount": 0, "UserMegaEntryIndex": 0, "TimeRemainingOpponent": 0, "Rank": 1, "FantasyPoints": 1036.16, "FantasyPointsOpponent": 989.88, "RankScore": 0, "RankScoreOpponent": 0, "UserNameOpponent": "ljeremy578", "WinningValue": 2.7, "Winnings": [{"value": 2.7, "description": "Cash"}], "UpdateStatus": {"lastUpdateTime": "2020-10-15T14:12:54.0532518+00:00"}}, {"MegaDraftGroupId": 1, "MegaContestKey": "90040152", "MegaEntryKey": "2159147973", "UserName": "ljeremy578", "UserKey": "11215096", "UserMegaEntryCount": 0, "UserMegaEntryIndex": 0, "TimeRemainingOpponent": 0, "Rank": 2, "FantasyPoints": 989.88, "FantasyPointsOpponent": 1036.16, "RankScore": 0, "RankScoreOpponent": 0, "UserNameOpponent": "sansbacon", "WinningValue": 0, "UpdateStatus": {"lastUpdateTime": "2020-10-15T14:12:54.0505029+00:00"}}, {"MegaDraftGroupId": 1, "MegaContestKey": "90040152", "MegaEntryKey": "2159148256", "UserName": "Chadm19", "UserKey": "1894395", "UserMegaEntryCount": 0, "UserMegaEntryIndex": 0, "TimeRemainingOpponent": 0, "Rank": 3, "FantasyPoints": 928, "FantasyPointsOpponent": 1036.16, "RankScore": 0, "RankScoreOpponent": 0, "UserNameOpponent": "sansbacon", "WinningValue": 0, "UpdateStatus": {"lastUpdateTime": "2020-10-15T14:12:54.0502400+00:00"}}], "UpdateStatus": {"lastUpdateTime": "2020-10-15T14:12:54.0538338+00:00"}}