{"href": "/scores/v1/contests/90040689/", "contestKey": "90040689", "leader": {"draftGroupId": 37605, "contestKey": "90040689", "entryKey": "2159159922", "lineupId": 2560096634, "userName": "sansbacon", "userKey": "725157", "userEntryCount": 1, "userEntryIndex": 1, "timeRemaining": 80.5, "timeRemainingUnit": "PMR", "maxTimeRemaining": 1200, "timeRemainingOpponent": 241.5, "rank": 1, "fantasyPoints": 250.9, "fantasyPointsOpponent": 160.18, "userNameOpponent": "Psx120", "winningValue": 0}, "leaderBoard": [{"draftGroupId": 37605, "contestKey": "90040689", "entryKey": "2159159922", "lineupId": 2560096634, "userName": "sansbacon", "userKey": "725157", "userEntryCount": 1, "userEntryIndex": 1, "timeRemaining": 80.5, "timeRemainingUnit": "PMR", "maxTimeRemaining": 1200, "timeRemainingOpponent": 241.5, "rank": 1, "fantasyPoints": 250.9, "fantasyPointsOpponent": 160.18, "userNameOpponent": "Psx120", "winningValue": 0}, {"draftGroupId": 37605, "contestKey": "90040689", "entryKey": "2159160512", "lineupId": 2560096636, "userName": "Psx120", "userKey": "241620", "userEntryCount": 1, "userEntryIndex": 1, "timeRemaining": 241.5, "timeRemainingUnit": "PMR", "maxTimeRemaining": 1200, "timeRemainingOpponent": 80.5, "rank": 2, "fantasyPoints": 160.18, "fantasyPointsOpponent": 250.9, "userNameOpponent": "sansbacon", "winningValue": 0}, {"draftGroupId": 37605, "contestKey": "90040689", "entryKey": "2159160446", "lineupId": 2560096635, "userName": "BoogerHoller", "userKey": "8453104", "userEntryCount": 1, "userEntryIndex": 1, "timeRemaining": 60, "timeRemainingUnit": "PMR", "maxTimeRemaining": 1200, "timeRemainingOpponent": 80.5, "rank": 3, "fantasyPoints": 154.82, "fantasyPointsOpponent": 250.9, "userNameOpponent": "sansbacon", "winningValue": 0}]}