{"href": "/scores/v1/contests/90041682/", "contestKey": "90041682", "leader": {"draftGroupId": 37605, "contestKey": "90041682", "entryKey": "2159170034", "lineupId": 2560104044, "userName": "sansbacon", "userKey": "725157", "userEntryCount": 1, "userEntryIndex": 1, "timeRemaining": 102.06, "timeRemainingUnit": "PMR", "maxTimeRemaining": 1200, "timeRemainingOpponent": 120, "rank": 1, "fantasyPoints": 228.9, "fantasyPointsOpponent": 201.18, "userNameOpponent": "PHINS-OF-ANARCHY", "winningValue": 0}, "leaderBoard": [{"draftGroupId": 37605, "contestKey": "90041682", "entryKey": "2159170034", "lineupId": 2560104044, "userName": "sansbacon", "userKey": "725157", "userEntryCount": 1, "userEntryIndex": 1, "timeRemaining": 102.06, "timeRemainingUnit": "PMR", "maxTimeRemaining": 1200, "timeRemainingOpponent": 120, "rank": 1, "fantasyPoints": 228.9, "fantasyPointsOpponent": 201.18, "userNameOpponent": "PHINS-OF-ANARCHY", "winningValue": 0}, {"draftGroupId": 37605, "contestKey": "90041682", "entryKey": "2159185624", "lineupId": 2560104045, "userName": "PHINS-OF-ANARCHY", "userKey": "1172961", "userEntryCount": 1, "userEntryIndex": 1, "timeRemaining": 120, "timeRemainingUnit": "PMR", "maxTimeRemaining": 1200, "timeRemainingOpponent": 102.06, "rank": 2, "fantasyPoints": 201.18, "fantasyPointsOpponent": 228.9, "userNameOpponent": "sansbacon", "winningValue": 0}, {"draftGroupId": 37605, "contestKey": "90041682", "entryKey": "2159186129", "lineupId": 2560104046, "userName": "advazjr", "userKey": "11200627", "userEntryCount": 1, "userEntryIndex": 1, "timeRemaining": 42.06, "timeRemainingUnit": "PMR", "maxTimeRemaining": 1200, "timeRemainingOpponent": 102.06, "rank": 3, "fantasyPoints": 164.08, "fantasyPointsOpponent": 228.9, "userNameOpponent": "sansbacon", "winningValue": 0}]}