{"Leader": {"MegaDraftGroupId": 1, "MegaContestKey": "90041682", "MegaEntryKey": "2159170034", "UserName": "sansbacon", "UserKey": "725157", "UserMegaEntryCount": 0, "UserMegaEntryIndex": 0, "TimeRemainingOpponent": 0, "Rank": 1, "FantasyPoints": 1060.46, "FantasyPointsOpponent": 1042.36, "RankScore": 0, "RankScoreOpponent": 0, "UserNameOpponent": "PHINS-OF-ANARCHY", "WinningValue": 2.7, "Winnings": [{"value": 2.7, "description": "Cash"}], "UpdateStatus": {"lastUpdateTime": "2020-10-15T14:12:54.2432480+00:00"}}, "LastWinningMegaEntry": {"MegaDraftGroupId": 1, "MegaContestKey": "90041682", "MegaEntryKey": "2159170034", "UserName": "sansbacon", "UserKey": "725157", "UserMegaEntryCount": 0, "UserMegaEntryIndex": 0, "TimeRemainingOpponent": 0, "Rank": 1, "FantasyPoints": 1060.46, "FantasyPointsOpponent": 1042.36, "RankScore": 0, "RankScoreOpponent": 0, "UserNameOpponent": "PHINS-OF-ANARCHY", "WinningValue": 2.7, "Winnings": [{"value": 2.7, "description": "Cash"}], "UpdateStatus": {"lastUpdateTime": "2020-10-15T14:12:54.2432480+00:00"}}, "Leaderboard": [{"MegaDraftGroupId": 1, "MegaContestKey": "90041682", "MegaEntryKey": "2159170034", "UserName": "sansbacon", "UserKey": "725157", "UserMegaEntryCount": 0, "UserMegaEntryIndex": 0, "TimeRemainingOpponent": 0, "Rank": 1, "FantasyPoints": 1060.46, "FantasyPointsOpponent": 1042.36, "RankScore": 0, "RankScoreOpponent": 0, "UserNameOpponent": "PHINS-OF-ANARCHY", "WinningValue": 2.7, "Winnings": [{"value": 2.7, "description": "Cash"}], "UpdateStatus": {"lastUpdateTime": "2020-10-15T14:12:54.2432480+00:00"}}, {"MegaDraftGroupId": 1, "MegaContestKey": "90041682", "MegaEntryKey": "2159185624", "UserName": "PHINS-OF-ANARCHY", "UserKey": "1172961", "UserMegaEntryCount": 0, "UserMegaEntryIndex": 0, "TimeRemainingOpponent": 0, "Rank": 2, "FantasyPoints": 1042.36, "FantasyPointsOpponent": 1060.46, "RankScore": 0, "RankScoreOpponent": 0, "UserNameOpponent": "sansbacon", "WinningValue": 0, "UpdateStatus": {"lastUpdateTime": "2020-10-15T14:12:54.2442047+00:00"}}, {"MegaDraftGroupId": 1, "MegaContestKey": "90041682", "MegaEntryKey": "2159186129", "UserName": "advazjr", "UserKey": "11200627", "UserMegaEntryCount": 0, "UserMegaEntryIndex": 0, "TimeRemainingOpponent": 0, "Rank": 3, "FantasyPoints": 896.84, "FantasyPointsOpponent": 1060.46, "RankScore": 0, "RankScoreOpponent": 0, "UserNameOpponent": "sansbacon", "WinningValue": 0, "UpdateStatus": {"lastUpdateTime": "2020-10-15T14:12:54.2443472+00:00"}}], "UpdateStatus": {"lastUpdateTime": "2020-10-15T14:12:54.2461012+00:00"}}