{"href": "/scores/v1/contests/90040152/", "contestKey": "90040152", "leader": {"draftGroupId": 37605, "contestKey": "90040152", "entryKey": "2159162559", "lineupId": 2560081936, "userName": "sansbacon", "userKey": "725157", "userEntryCount": 1, "userEntryIndex": 1, "timeRemaining": 21.03, "timeRemainingUnit": "PMR", "maxTimeRemaining": 1200, "timeRemainingOpponent": 102.06, "rank": 1, "fantasyPoints": 209, "fantasyPointsOpponent": 194.92, "userNameOpponent": "Chadm19", "winningValue": 0}, "leaderBoard": [{"draftGroupId": 37605, "contestKey": "90040152", "entryKey": "2159162559", "lineupId": 2560081936, "userName": "sansbacon", "userKey": "725157", "userEntryCount": 1, "userEntryIndex": 1, "timeRemaining": 21.03, "timeRemainingUnit": "PMR", "maxTimeRemaining": 1200, "timeRemainingOpponent": 102.06, "rank": 1, "fantasyPoints": 209, "fantasyPointsOpponent": 194.92, "userNameOpponent": "Chadm19", "winningValue": 0}, {"draftGroupId": 37605, "contestKey": "90040152", "entryKey": "2159148256", "lineupId": 2560081935, "userName": "Chadm19", "userKey": "1894395", "userEntryCount": 1, "userEntryIndex": 1, "timeRemaining": 102.06, "timeRemainingUnit": "PMR", "maxTimeRemaining": 1200, "timeRemainingOpponent": 21.03, "rank": 2, "fantasyPoints": 194.92, "fantasyPointsOpponent": 209, "userNameOpponent": "sansbacon", "winningValue": 0}, {"draftGroupId": 37605, "contestKey": "90040152", "entryKey": "2159147973", "lineupId": 2560081934, "userName": "ljeremy578", "userKey": "11215096", "userEntryCount": 1, "userEntryIndex": 1, "timeRemaining": 141.03, "timeRemainingUnit": "PMR", "maxTimeRemaining": 1200, "timeRemainingOpponent": 21.03, "rank": 3, "fantasyPoints": 186.08, "fantasyPointsOpponent": 209, "userNameOpponent": "sansbacon", "winningValue": 0}]}