{"Leader": {"MegaDraftGroupId": 1, "MegaContestKey": "90043666", "MegaEntryKey": "2159207384", "UserName": "sansbacon", "UserKey": "725157", "UserMegaEntryCount": 0, "UserMegaEntryIndex": 0, "TimeRemainingOpponent": 0, "Rank": 1, "FantasyPoints": 1078.56, "FantasyPointsOpponent": 957.22, "RankScore": 0, "RankScoreOpponent": 0, "UserNameOpponent": "JakeWhytsell", "WinningValue": 2.7, "Winnings": [{"value": 2.7, "description": "Cash"}], "UpdateStatus": {"lastUpdateTime": "2020-10-15T14:12:54.3819651+00:00"}}, "LastWinningMegaEntry": {"MegaDraftGroupId": 1, "MegaContestKey": "90043666", "MegaEntryKey": "2159207384", "UserName": "sansbacon", "UserKey": "725157", "UserMegaEntryCount": 0, "UserMegaEntryIndex": 0, "TimeRemainingOpponent": 0, "Rank": 1, "FantasyPoints": 1078.56, "FantasyPointsOpponent": 957.22, "RankScore": 0, "RankScoreOpponent": 0, "UserNameOpponent": "JakeWhytsell", "WinningValue": 2.7, "Winnings": [{"value": 2.7, "description": "Cash"}], "UpdateStatus": {"lastUpdateTime": "2020-10-15T14:12:54.3819651+00:00"}}, "Leaderboard": [{"MegaDraftGroupId": 1, "MegaContestKey": "90043666", "MegaEntryKey": "2159207384", "UserName": "sansbacon", "UserKey": "725157", "UserMegaEntryCount": 0, "UserMegaEntryIndex": 0, "TimeRemainingOpponent": 0, "Rank": 1, "FantasyPoints": 1078.56, "FantasyPointsOpponent": 957.22, "RankScore": 0, "RankScoreOpponent": 0, "UserNameOpponent": "JakeWhytsell", "WinningValue": 2.7, "Winnings": [{"value": 2.7, "description": "Cash"}], "UpdateStatus": {"lastUpdateTime": "2020-10-15T14:12:54.3819651+00:00"}}, {"MegaDraftGroupId": 1, "MegaContestKey": "90043666", "MegaEntryKey": "2159207993", "UserName": "JakeWhytsell", "UserKey": "568271", "UserMegaEntryCount": 0, "UserMegaEntryIndex": 0, "TimeRemainingOpponent": 0, "Rank": 2, "FantasyPoints": 957.22, "FantasyPointsOpponent": 1078.56, "RankScore": 0, "RankScoreOpponent": 0, "UserNameOpponent": "sansbacon", "WinningValue": 0, "UpdateStatus": {"lastUpdateTime": "2020-10-15T14:12:54.3939192+00:00"}}, {"MegaDraftGroupId": 1, "MegaContestKey": "90043666", "MegaEntryKey": "2159201372", "UserName": "jfleshman21", "UserKey": "2398381", "UserMegaEntryCount": 0, "UserMegaEntryIndex": 0, "TimeRemainingOpponent": 0, "Rank": 3, "FantasyPoints": 954, "FantasyPointsOpponent": 1078.56, "RankScore": 0, "RankScoreOpponent": 0, "UserNameOpponent": "sansbacon", "WinningValue": 0, "UpdateStatus": {"lastUpdateTime": "2020-10-15T14:12:54.3815554+00:00"}}], "UpdateStatus": {"lastUpdateTime": "2020-10-15T14:12:54.3942478+00:00"}}