{"Leader": {"MegaDraftGroupId": 1, "MegaContestKey": "90043933", "MegaEntryKey": "2159228156", "UserName": "sansbacon", "UserKey": "725157", "UserMegaEntryCount": 0, "UserMegaEntryIndex": 0, "TimeRemainingOpponent": 0, "Rank": 1, "FantasyPoints": 1070.3, "FantasyPointsOpponent": 1022.02, "RankScore": 0, "RankScoreOpponent": 0, "UserNameOpponent": "taytech", "WinningValue": 2.7, "Winnings": [{"value": 2.7, "description": "Cash"}], "UpdateStatus": {"lastUpdateTime": "2020-10-15T14:12:54.4388391+00:00"}}, "LastWinningMegaEntry": {"MegaDraftGroupId": 1, "MegaContestKey": "90043933", "MegaEntryKey": "2159228156", "UserName": "sansbacon", "UserKey": "725157", "UserMegaEntryCount": 0, "UserMegaEntryIndex": 0, "TimeRemainingOpponent": 0, "Rank": 1, "FantasyPoints": 1070.3, "FantasyPointsOpponent": 1022.02, "RankScore": 0, "RankScoreOpponent": 0, "UserNameOpponent": "taytech", "WinningValue": 2.7, "Winnings": [{"value": 2.7, "description": "Cash"}], "UpdateStatus": {"lastUpdateTime": "2020-10-15T14:12:54.4388391+00:00"}}, "Leaderboard": [{"MegaDraftGroupId": 1, "MegaContestKey": "90043933", "MegaEntryKey": "2159228156", "UserName": "sansbacon", "UserKey": "725157", "UserMegaEntryCount": 0, "UserMegaEntryIndex": 0, "TimeRemainingOpponent": 0, "Rank": 1, "FantasyPoints": 1070.3, "FantasyPointsOpponent": 1022.02, "RankScore": 0, "RankScoreOpponent": 0, "UserNameOpponent": "taytech", "WinningValue": 2.7, "Winnings": [{"value": 2.7, "description": "Cash"}], "UpdateStatus": {"lastUpdateTime": "2020-10-15T14:12:54.4388391+00:00"}}, {"MegaDraftGroupId": 1, "MegaContestKey": "90043933", "MegaEntryKey": "2159220284", "UserName": "taytech", "UserKey": "3633831", "UserMegaEntryCount": 0, "UserMegaEntryIndex": 0, "TimeRemainingOpponent": 0, "Rank": 2, "FantasyPoints": 1022.02, "FantasyPointsOpponent": 1070.3, "RankScore": 0, "RankScoreOpponent": 0, "UserNameOpponent": "sansbacon", "WinningValue": 0, "UpdateStatus": {"lastUpdateTime": "2020-10-15T14:12:54.4502766+00:00"}}, {"MegaDraftGroupId": 1, "MegaContestKey": "90043933", "MegaEntryKey": "2159228506", "UserName": "ksanches", "UserKey": "12656710", "UserMegaEntryCount": 0, "UserMegaEntryIndex": 0, "TimeRemainingOpponent": 0, "Rank": 3, "FantasyPoints": 962.3, "FantasyPointsOpponent": 1070.3, "RankScore": 0, "RankScoreOpponent": 0, "UserNameOpponent": "sansbacon", "WinningValue": 0, "UpdateStatus": {"lastUpdateTime": "2020-10-15T14:12:54.4321096+00:00"}}], "UpdateStatus": {"lastUpdateTime": "2020-10-15T14:12:54.4506507+00:00"}}