{"href": "/scores/v1/contests/90042851/", "contestKey": "90042851", "leader": {"draftGroupId": 37605, "contestKey": "90042851", "entryKey": "2159202251", "lineupId": 2560112720, "userName": "Cole2442", "userKey": "7918176", "userEntryCount": 1, "userEntryIndex": 1, "timeRemaining": 0, "timeRemainingUnit": "PMR", "maxTimeRemaining": 1200, "timeRemainingOpponent": 102.06, "rank": 1, "fantasyPoints": 224.68, "fantasyPointsOpponent": 205.1, "userNameOpponent": "Pershin", "winningValue": 0}, "leaderBoard": [{"draftGroupId": 37605, "contestKey": "90042851", "entryKey": "2159202251", "lineupId": 2560112720, "userName": "Cole2442", "userKey": "7918176", "userEntryCount": 1, "userEntryIndex": 1, "timeRemaining": 0, "timeRemainingUnit": "PMR", "maxTimeRemaining": 1200, "timeRemainingOpponent": 102.06, "rank": 1, "fantasyPoints": 224.68, "fantasyPointsOpponent": 205.1, "userNameOpponent": "Pershin", "winningValue": 0}, {"draftGroupId": 37605, "contestKey": "90042851", "entryKey": "2159195007", "lineupId": 2560112719, "userName": "Pershin", "userKey": "3529292", "userEntryCount": 1, "userEntryIndex": 1, "timeRemaining": 102.06, "timeRemainingUnit": "PMR", "maxTimeRemaining": 1200, "timeRemainingOpponent": 0, "rank": 2, "fantasyPoints": 205.1, "fantasyPointsOpponent": 224.68, "userNameOpponent": "Cole2442", "winningValue": 0}, {"draftGroupId": 37605, "contestKey": "90042851", "entryKey": "2159188745", "lineupId": 2560112718, "userName": "sansbacon", "userKey": "725157", "userEntryCount": 1, "userEntryIndex": 1, "timeRemaining": 162.06, "timeRemainingUnit": "PMR", "maxTimeRemaining": 1200, "timeRemainingOpponent": 0, "rank": 3, "fantasyPoints": 175.08, "fantasyPointsOpponent": 224.68, "userNameOpponent": "Cole2442", "winningValue": 0}]}