{"Leader": {"MegaDraftGroupId": 1, "MegaContestKey": "90040689", "MegaEntryKey": "2159159922", "UserName": "sansbacon", "UserKey": "725157", "UserMegaEntryCount": 0, "UserMegaEntryIndex": 0, "TimeRemainingOpponent": 0, "Rank": 1, "FantasyPoints": 1094.46, "FantasyPointsOpponent": 965.4, "RankScore": 0, "RankScoreOpponent": 0, "UserNameOpponent": "Psx120", "WinningValue": 2.7, "Winnings": [{"value": 2.7, "description": "Cash"}], "UpdateStatus": {"lastUpdateTime": "2020-10-15T14:12:54.1565111+00:00"}}, "LastWinningMegaEntry": {"MegaDraftGroupId": 1, "MegaContestKey": "90040689", "MegaEntryKey": "2159159922", "UserName": "sansbacon", "UserKey": "725157", "UserMegaEntryCount": 0, "UserMegaEntryIndex": 0, "TimeRemainingOpponent": 0, "Rank": 1, "FantasyPoints": 1094.46, "FantasyPointsOpponent": 965.4, "RankScore": 0, "RankScoreOpponent": 0, "UserNameOpponent": "Psx120", "WinningValue": 2.7, "Winnings": [{"value": 2.7, "description": "Cash"}], "UpdateStatus": {"lastUpdateTime": "2020-10-15T14:12:54.1565111+00:00"}}, "Leaderboard": [{"MegaDraftGroupId": 1, "MegaContestKey": "90040689", "MegaEntryKey": "2159159922", "UserName": "sansbacon", "UserKey": "725157", "UserMegaEntryCount": 0, "UserMegaEntryIndex": 0, "TimeRemainingOpponent": 0, "Rank": 1, "FantasyPoints": 1094.46, "FantasyPointsOpponent": 965.4, "RankScore": 0, "RankScoreOpponent": 0, "UserNameOpponent": "Psx120", "WinningValue": 2.7, "Winnings": [{"value": 2.7, "description": "Cash"}], "UpdateStatus": {"lastUpdateTime": "2020-10-15T14:12:54.1565111+00:00"}}, {"MegaDraftGroupId": 1, "MegaContestKey": "90040689", "MegaEntryKey": "2159160512", "UserName": "Psx120", "UserKey": "241620", "UserMegaEntryCount": 0, "UserMegaEntryIndex": 0, "TimeRemainingOpponent": 0, "Rank": 2, "FantasyPoints": 965.4, "FantasyPointsOpponent": 1094.46, "RankScore": 0, "RankScoreOpponent": 0, "UserNameOpponent": "sansbacon", "WinningValue": 0, "UpdateStatus": {"lastUpdateTime": "2020-10-15T14:12:54.1585213+00:00"}}, {"MegaDraftGroupId": 1, "MegaContestKey": "90040689", "MegaEntryKey": "2159160446", "UserName": "BoogerHoller", "UserKey": "8453104", "UserMegaEntryCount": 0, "UserMegaEntryIndex": 0, "TimeRemainingOpponent": 0, "Rank": 3, "FantasyPoints": 935.1, "FantasyPointsOpponent": 1094.46, "RankScore": 0, "RankScoreOpponent": 0, "UserNameOpponent": "sansbacon", "WinningValue": 0, "UpdateStatus": {"lastUpdateTime": "2020-10-15T14:12:54.1572513+00:00"}}], "UpdateStatus": {"lastUpdateTime": "2020-10-15T14:12:54.1724931+00:00"}}