{"href": "/scores/v1/contests/90043933/", "contestKey": "90043933", "leader": {"draftGroupId": 37605, "contestKey": "90043933", "entryKey": "2159228156", "lineupId": 2560142651, "userName": "sansbacon", "userKey": "725157", "userEntryCount": 1, "userEntryIndex": 1, "timeRemaining": 42.06, "timeRemainingUnit": "PMR", "maxTimeRemaining": 1200, "timeRemainingOpponent": 0, "rank": 1, "fantasyPoints": 218.52, "fantasyPointsOpponent": 216.48, "userNameOpponent": "taytech", "winningValue": 0}, "leaderBoard": [{"draftGroupId": 37605, "contestKey": "90043933", "entryKey": "2159228156", "lineupId": 2560142651, "userName": "sansbacon", "userKey": "725157", "userEntryCount": 1, "userEntryIndex": 1, "timeRemaining": 42.06, "timeRemainingUnit": "PMR", "maxTimeRemaining": 1200, "timeRemainingOpponent": 0, "rank": 1, "fantasyPoints": 218.52, "fantasyPointsOpponent": 216.48, "userNameOpponent": "taytech", "winningValue": 0}, {"draftGroupId": 37605, "contestKey": "90043933", "entryKey": "2159220284", "lineupId": 2560142650, "userName": "taytech", "userKey": "3633831", "userEntryCount": 1, "userEntryIndex": 1, "timeRemaining": 0, "timeRemainingUnit": "PMR", "maxTimeRemaining": 1200, "timeRemainingOpponent": 42.06, "rank": 2, "fantasyPoints": 216.48, "fantasyPointsOpponent": 218.52, "userNameOpponent": "sansbacon", "winningValue": 0}, {"draftGroupId": 37605, "contestKey": "90043933", "entryKey": "2159228506", "lineupId": 2560142652, "userName": "ksanches", "userKey": "12656710", "userEntryCount": 1, "userEntryIndex": 1, "timeRemaining": 222.06, "timeRemainingUnit": "PMR", "maxTimeRemaining": 1200, "timeRemainingOpponent": 42.06, "rank": 3, "fantasyPoints": 143.28, "fantasyPointsOpponent": 218.52, "userNameOpponent": "sansbacon", "winningValue": 0}]}