{"Leader": {"MegaDraftGroupId": 1, "MegaContestKey": "90045011", "MegaEntryKey": "2159247266", "UserName": "sansbacon", "UserKey": "725157", "UserMegaEntryCount": 0, "UserMegaEntryIndex": 0, "TimeRemainingOpponent": 0, "Rank": 1, "FantasyPoints": 1078.4, "FantasyPointsOpponent": 1003.7, "RankScore": 0, "RankScoreOpponent": 0, "UserNameOpponent": "yogi007", "WinningValue": 2.7, "Winnings": [{"value": 2.7, "description": "Cash"}], "UpdateStatus": {"lastUpdateTime": "2020-10-15T14:12:54.5640058+00:00"}}, "LastWinningMegaEntry": {"MegaDraftGroupId": 1, "MegaContestKey": "90045011", "MegaEntryKey": "2159247266", "UserName": "sansbacon", "UserKey": "725157", "UserMegaEntryCount": 0, "UserMegaEntryIndex": 0, "TimeRemainingOpponent": 0, "Rank": 1, "FantasyPoints": 1078.4, "FantasyPointsOpponent": 1003.7, "RankScore": 0, "RankScoreOpponent": 0, "UserNameOpponent": "yogi007", "WinningValue": 2.7, "Winnings": [{"value": 2.7, "description": "Cash"}], "UpdateStatus": {"lastUpdateTime": "2020-10-15T14:12:54.5640058+00:00"}}, "Leaderboard": [{"MegaDraftGroupId": 1, "MegaContestKey": "90045011", "MegaEntryKey": "2159247266", "UserName": "sansbacon", "UserKey": "725157", "UserMegaEntryCount": 0, "UserMegaEntryIndex": 0, "TimeRemainingOpponent": 0, "Rank": 1, "FantasyPoints": 1078.4, "FantasyPointsOpponent": 1003.7, "RankScore": 0, "RankScoreOpponent": 0, "UserNameOpponent": "yogi007", "WinningValue": 2.7, "Winnings": [{"value": 2.7, "description": "Cash"}], "UpdateStatus": {"lastUpdateTime": "2020-10-15T14:12:54.5640058+00:00"}}, {"MegaDraftGroupId": 1, "MegaContestKey": "90045011", "MegaEntryKey": "2159263365", "UserName": "yogi007", "UserKey": "200978", "UserMegaEntryCount": 0, "UserMegaEntryIndex": 0, "TimeRemainingOpponent": 0, "Rank": 2, "FantasyPoints": 1003.7, "FantasyPointsOpponent": 1078.4, "RankScore": 0, "RankScoreOpponent": 0, "UserNameOpponent": "sansbacon", "WinningValue": 0, "UpdateStatus": {"lastUpdateTime": "2020-10-15T14:12:54.5532423+00:00"}}, {"MegaDraftGroupId": 1, "MegaContestKey": "90045011", "MegaEntryKey": "2159247200", "UserName": "aerofoil80", "UserKey": "1331480", "UserMegaEntryCount": 0, "UserMegaEntryIndex": 0, "TimeRemainingOpponent": 0, "Rank": 3, "FantasyPoints": 987.7, "FantasyPointsOpponent": 1078.4, "RankScore": 0, "RankScoreOpponent": 0, "UserNameOpponent": "sansbacon", "WinningValue": 0, "UpdateStatus": {"lastUpdateTime": "2020-10-15T14:12:54.5538139+00:00"}}], "UpdateStatus": {"lastUpdateTime": "2020-10-15T14:12:54.5671464+00:00"}}