{"href": "/scores/v1/contests/90045011/", "contestKey": "90045011", "leader": {"draftGroupId": 37605, "contestKey": "90045011", "entryKey": "2159247266", "lineupId": 2560164924, "userName": "sansbacon", "userKey": "725157", "userEntryCount": 1, "userEntryIndex": 1, "timeRemaining": 81.03, "timeRemainingUnit": "PMR", "maxTimeRemaining": 1200, "timeRemainingOpponent": 201.03, "rank": 1, "fantasyPoints": 234, "fantasyPointsOpponent": 187.4, "userNameOpponent": "yogi007", "winningValue": 0}, "leaderBoard": [{"draftGroupId": 37605, "contestKey": "90045011", "entryKey": "2159247266", "lineupId": 2560164924, "userName": "sansbacon", "userKey": "725157", "userEntryCount": 1, "userEntryIndex": 1, "timeRemaining": 81.03, "timeRemainingUnit": "PMR", "maxTimeRemaining": 1200, "timeRemainingOpponent": 201.03, "rank": 1, "fantasyPoints": 234, "fantasyPointsOpponent": 187.4, "userNameOpponent": "yogi007", "winningValue": 0}, {"draftGroupId": 37605, "contestKey": "90045011", "entryKey": "2159263365", "lineupId": 2560164925, "userName": "yogi007", "userKey": "200978", "userEntryCount": 1, "userEntryIndex": 1, "timeRemaining": 201.03, "timeRemainingUnit": "PMR", "maxTimeRemaining": 1200, "timeRemainingOpponent": 81.03, "rank": 2, "fantasyPoints": 187.4, "fantasyPointsOpponent": 234, "userNameOpponent": "sansbacon", "winningValue": 0}, {"draftGroupId": 37605, "contestKey": "90045011", "entryKey": "2159247200", "lineupId": 2560164923, "userName": "aerofoil80", "userKey": "1331480", "userEntryCount": 1, "userEntryIndex": 1, "timeRemaining": 42.06, "timeRemainingUnit": "PMR", "maxTimeRemaining": 1200, "timeRemainingOpponent": 81.03, "rank": 3, "fantasyPoints": 186.98, "fantasyPointsOpponent": 234, "userNameOpponent": "sansbacon", "winningValue": 0}]}