{"href": "/scores/v1/contests/90043666/", "contestKey": "90043666", "leader": {"draftGroupId": 37605, "contestKey": "90043666", "entryKey": "2159207384", "lineupId": 2560132102, "userName": "sansbacon", "userKey": "725157", "userEntryCount": 1, "userEntryIndex": 1, "timeRemaining": 42.06, "timeRemainingUnit": "PMR", "maxTimeRemaining": 1200, "timeRemainingOpponent": 141.03, "rank": 1, "fantasyPoints": 244.28, "fantasyPointsOpponent": 188.3, "userNameOpponent": "JakeWhytsell", "winningValue": 0}, "leaderBoard": [{"draftGroupId": 37605, "contestKey": "90043666", "entryKey": "2159207384", "lineupId": 2560132102, "userName": "sansbacon", "userKey": "725157", "userEntryCount": 1, "userEntryIndex": 1, "timeRemaining": 42.06, "timeRemainingUnit": "PMR", "maxTimeRemaining": 1200, "timeRemainingOpponent": 141.03, "rank": 1, "fantasyPoints": 244.28, "fantasyPointsOpponent": 188.3, "userNameOpponent": "JakeWhytsell", "winningValue": 0}, {"draftGroupId": 37605, "contestKey": "90043666", "entryKey": "2159207993", "lineupId": 2560132103, "userName": "JakeWhytsell", "userKey": "568271", "userEntryCount": 1, "userEntryIndex": 1, "timeRemaining": 141.03, "timeRemainingUnit": "PMR", "maxTimeRemaining": 1200, "timeRemainingOpponent": 42.06, "rank": 2, "fantasyPoints": 188.3, "fantasyPointsOpponent": 244.28, "userNameOpponent": "sansbacon", "winningValue": 0}, {"draftGroupId": 37605, "contestKey": "90043666", "entryKey": "2159201372", "lineupId": 2560132101, "userName": "jfleshman21", "userKey": "2398381", "userEntryCount": 1, "userEntryIndex": 1, "timeRemaining": 81.03, "timeRemainingUnit": "PMR", "maxTimeRemaining": 1200, "timeRemainingOpponent": 42.06, "rank": 3, "fantasyPoints": 165.2, "fantasyPointsOpponent": 244.28, "userNameOpponent": "sansbacon", "winningValue": 0}]}