{"href": "/scores/v1/contests/90044495/", "contestKey": "90044495", "leader": {"draftGroupId": 37605, "contestKey": "90044495", "entryKey": "2159253393", "lineupId": 2560154258, "userName": "packers223", "userKey": "7235578", "userEntryCount": 1, "userEntryIndex": 1, "timeRemaining": 81.03, "timeRemainingUnit": "PMR", "maxTimeRemaining": 1200, "timeRemainingOpponent": 162.06, "rank": 1, "fantasyPoints": 238.18, "fantasyPointsOpponent": 189.7, "userNameOpponent": "BillyZ", "winningValue": 0}, "leaderBoard": [{"draftGroupId": 37605, "contestKey": "90044495", "entryKey": "2159253393", "lineupId": 2560154258, "userName": "packers223", "userKey": "7235578", "userEntryCount": 1, "userEntryIndex": 1, "timeRemaining": 81.03, "timeRemainingUnit": "PMR", "maxTimeRemaining": 1200, "timeRemainingOpponent": 162.06, "rank": 1, "fantasyPoints": 238.18, "fantasyPointsOpponent": 189.7, "userNameOpponent": "BillyZ", "winningValue": 0}, {"draftGroupId": 37605, "contestKey": "90044495", "entryKey": "2159231403", "lineupId": 2560154257, "userName": "BillyZ", "userKey": "413008", "userEntryCount": 1, "userEntryIndex": 1, "timeRemaining": 162.06, "timeRemainingUnit": "PMR", "maxTimeRemaining": 1200, "timeRemainingOpponent": 81.03, "rank": 2, "fantasyPoints": 189.7, "fantasyPointsOpponent": 238.18, "userNameOpponent": "packers223", "winningValue": 0}, {"draftGroupId": 37605, "contestKey": "90044495", "entryKey": "2159230652", "lineupId": 2560154256, "userName": "sansbacon", "userKey": "725157", "userEntryCount": 1, "userEntryIndex": 1, "timeRemaining": 81.03, "timeRemainingUnit": "PMR", "maxTimeRemaining": 1200, "timeRemainingOpponent": 81.03, "rank": 3, "fantasyPoints": 174.22, "fantasyPointsOpponent": 238.18, "userNameOpponent": "packers223", "winningValue": 0}]}