{"href": "/scores/v1/contests/90046347/", "contestKey": "90046347", "leader": {"draftGroupId": 37605, "contestKey": "90046347", "entryKey": "2159294989", "lineupId": 2560187091, "userName": "sansbacon", "userKey": "725157", "userEntryCount": 1, "userEntryIndex": 1, "timeRemaining": 141.03, "timeRemainingUnit": "PMR", "maxTimeRemaining": 1200, "timeRemainingOpponent": 102.06, "rank": 1, "fantasyPoints": 219, "fantasyPointsOpponent": 196.4, "userNameOpponent": "Rthorn1", "winningValue": 0}, "leaderBoard": [{"draftGroupId": 37605, "contestKey": "90046347", "entryKey": "2159294989", "lineupId": 2560187091, "userName": "sansbacon", "userKey": "725157", "userEntryCount": 1, "userEntryIndex": 1, "timeRemaining": 141.03, "timeRemainingUnit": "PMR", "maxTimeRemaining": 1200, "timeRemainingOpponent": 102.06, "rank": 1, "fantasyPoints": 219, "fantasyPointsOpponent": 196.4, "userNameOpponent": "Rthorn1", "winningValue": 0}, {"draftGroupId": 37605, "contestKey": "90046347", "entryKey": "2159285482", "lineupId": 2560187090, "userName": "Rthorn1", "userKey": "1332453", "userEntryCount": 1, "userEntryIndex": 1, "timeRemaining": 102.06, "timeRemainingUnit": "PMR", "maxTimeRemaining": 1200, "timeRemainingOpponent": 141.03, "rank": 2, "fantasyPoints": 196.4, "fantasyPointsOpponent": 219, "userNameOpponent": "sansbacon", "winningValue": 0}, {"draftGroupId": 37605, "contestKey": "90046347", "entryKey": "2159302638", "lineupId": 2560187092, "userName": "BigNate216", "userKey": "12614339", "userEntryCount": 1, "userEntryIndex": 1, "timeRemaining": 120, "timeRemainingUnit": "PMR", "maxTimeRemaining": 1200, "timeRemainingOpponent": 141.03, "rank": 3, "fantasyPoints": 156.08, "fantasyPointsOpponent": 219, "userNameOpponent": "sansbacon", "winningValue": 0}]}