{"Leader": {"MegaDraftGroupId": 1, "MegaContestKey": "90042851", "MegaEntryKey": "2159195007", "UserName": "Pershin", "UserKey": "3529292", "UserMegaEntryCount": 0, "UserMegaEntryIndex": 0, "TimeRemainingOpponent": 0, "Rank": 1, "FantasyPoints": 1038.36, "FantasyPointsOpponent": 1013.58, "RankScore": 0, "RankScoreOpponent": 0, "UserNameOpponent": "sansbacon", "WinningValue": 2.7, "Winnings": [{"value": 2.7, "description": "Cash"}], "UpdateStatus": {"lastUpdateTime": "2020-10-15T14:12:54.2922554+00:00"}}, "LastWinningMegaEntry": {"MegaDraftGroupId": 1, "MegaContestKey": "90042851", "MegaEntryKey": "2159195007", "UserName": "Pershin", "UserKey": "3529292", "UserMegaEntryCount": 0, "UserMegaEntryIndex": 0, "TimeRemainingOpponent": 0, "Rank": 1, "FantasyPoints": 1038.36, "FantasyPointsOpponent": 1013.58, "RankScore": 0, "RankScoreOpponent": 0, "UserNameOpponent": "sansbacon", "WinningValue": 2.7, "Winnings": [{"value": 2.7, "description": "Cash"}], "UpdateStatus": {"lastUpdateTime": "2020-10-15T14:12:54.2922554+00:00"}}, "Leaderboard": [{"MegaDraftGroupId": 1, "MegaContestKey": "90042851", "MegaEntryKey": "2159195007", "UserName": "Pershin", "UserKey": "3529292", "UserMegaEntryCount": 0, "UserMegaEntryIndex": 0, "TimeRemainingOpponent": 0, "Rank": 1, "FantasyPoints": 1038.36, "FantasyPointsOpponent": 1013.58, "RankScore": 0, "RankScoreOpponent": 0, "UserNameOpponent": "sansbacon", "WinningValue": 2.7, "Winnings": [{"value": 2.7, "description": "Cash"}], "UpdateStatus": {"lastUpdateTime": "2020-10-15T14:12:54.2922554+00:00"}}, {"MegaDraftGroupId": 1, "MegaContestKey": "90042851", "MegaEntryKey": "2159188745", "UserName": "sansbacon", "UserKey": "725157", "UserMegaEntryCount": 0, "UserMegaEntryIndex": 0, "TimeRemainingOpponent": 0, "Rank": 2, "FantasyPoints": 1013.58, "FantasyPointsOpponent": 1038.36, "RankScore": 0, "RankScoreOpponent": 0, "UserNameOpponent": "Pershin", "WinningValue": 0, "UpdateStatus": {"lastUpdateTime": "2020-10-15T14:12:54.3025570+00:00"}}, {"MegaDraftGroupId": 1, "MegaContestKey": "90042851", "MegaEntryKey": "2159202251", "UserName": "Cole2442", "UserKey": "7918176", "UserMegaEntryCount": 0, "UserMegaEntryIndex": 0, "TimeRemainingOpponent": 0, "Rank": 3, "FantasyPoints": 1008, "FantasyPointsOpponent": 1038.36, "RankScore": 0, "RankScoreOpponent": 0, "UserNameOpponent": "Pershin", "WinningValue": 0, "UpdateStatus": {"lastUpdateTime": "2020-10-15T14:12:54.2908321+00:00"}}], "UpdateStatus": {"lastUpdateTime": "2020-10-15T14:12:54.3032429+00:00"}}