{"Leader": {"MegaDraftGroupId": 1, "MegaContestKey": "90045790", "MegaEntryKey": "2159260447", "UserName": "stromith", "UserKey": "33058", "UserMegaEntryCount": 0, "UserMegaEntryIndex": 0, "TimeRemainingOpponent": 0, "Rank": 1, "FantasyPoints": 1078.84, "FantasyPointsOpponent": 1043.4, "RankScore": 0, "RankScoreOpponent": 0, "UserNameOpponent": "sansbacon", "WinningValue": 2.7, "Winnings": [{"value": 2.7, "description": "Cash"}], "UpdateStatus": {"lastUpdateTime": "2020-10-15T14:12:54.6135650+00:00"}}, "LastWinningMegaEntry": {"MegaDraftGroupId": 1, "MegaContestKey": "90045790", "MegaEntryKey": "2159260447", "UserName": "stromith", "UserKey": "33058", "UserMegaEntryCount": 0, "UserMegaEntryIndex": 0, "TimeRemainingOpponent": 0, "Rank": 1, "FantasyPoints": 1078.84, "FantasyPointsOpponent": 1043.4, "RankScore": 0, "RankScoreOpponent": 0, "UserNameOpponent": "sansbacon", "WinningValue": 2.7, "Winnings": [{"value": 2.7, "description": "Cash"}], "UpdateStatus": {"lastUpdateTime": "2020-10-15T14:12:54.6135650+00:00"}}, "Leaderboard": [{"MegaDraftGroupId": 1, "MegaContestKey": "90045790", "MegaEntryKey": "2159260447", "UserName": "stromith", "UserKey": "33058", "UserMegaEntryCount": 0, "UserMegaEntryIndex": 0, "TimeRemainingOpponent": 0, "Rank": 1, "FantasyPoints": 1078.84, "FantasyPointsOpponent": 1043.4, "RankScore": 0, "RankScoreOpponent": 0, "UserNameOpponent": "sansbacon", "WinningValue": 2.7, "Winnings": [{"value": 2.7, "description": "Cash"}], "UpdateStatus": {"lastUpdateTime": "2020-10-15T14:12:54.6135650+00:00"}}, {"MegaDraftGroupId": 1, "MegaContestKey": "90045790", "MegaEntryKey": "2159251143", "UserName": "sansbacon", "UserKey": "725157", "UserMegaEntryCount": 0, "UserMegaEntryIndex": 0, "TimeRemainingOpponent": 0, "Rank": 2, "FantasyPoints": 1043.4, "FantasyPointsOpponent": 1078.84, "RankScore": 0, "RankScoreOpponent": 0, "UserNameOpponent": "stromith", "WinningValue": 0, "UpdateStatus": {"lastUpdateTime": "2020-10-15T14:12:54.6057902+00:00"}}, {"MegaDraftGroupId": 1, "MegaContestKey": "90045790", "MegaEntryKey": "2159267124", "UserName": "yogi007", "UserKey": "200978", "UserMegaEntryCount": 0, "UserMegaEntryIndex": 0, "TimeRemainingOpponent": 0, "Rank": 3, "FantasyPoints": 975.42, "FantasyPointsOpponent": 1078.84, "RankScore": 0, "RankScoreOpponent": 0, "UserNameOpponent": "stromith", "WinningValue": 0, "UpdateStatus": {"lastUpdateTime": "2020-10-15T14:12:54.6138791+00:00"}}], "UpdateStatus": {"lastUpdateTime": "2020-10-15T14:12:54.6159434+00:00"}}