{"Leader": {"MegaDraftGroupId": 1, "MegaContestKey": "90046347", "MegaEntryKey": "2159294989", "UserName": "sansbacon", "UserKey": "725157", "UserMegaEntryCount": 0, "UserMegaEntryIndex": 0, "TimeRemainingOpponent": 0, "Rank": 1, "FantasyPoints": 1127.78, "FantasyPointsOpponent": 916.16, "RankScore": 0, "RankScoreOpponent": 0, "UserNameOpponent": "BigNate216", "WinningValue": 2.7, "Winnings": [{"value": 2.7, "description": "Cash"}], "UpdateStatus": {"lastUpdateTime": "2020-10-15T14:12:54.6438544+00:00"}}, "LastWinningMegaEntry": {"MegaDraftGroupId": 1, "MegaContestKey": "90046347", "MegaEntryKey": "2159294989", "UserName": "sansbacon", "UserKey": "725157", "UserMegaEntryCount": 0, "UserMegaEntryIndex": 0, "TimeRemainingOpponent": 0, "Rank": 1, "FantasyPoints": 1127.78, "FantasyPointsOpponent": 916.16, "RankScore": 0, "RankScoreOpponent": 0, "UserNameOpponent": "BigNate216", "WinningValue": 2.7, "Winnings": [{"value": 2.7, "description": "Cash"}], "UpdateStatus": {"lastUpdateTime": "2020-10-15T14:12:54.6438544+00:00"}}, "Leaderboard": [{"MegaDraftGroupId": 1, "MegaContestKey": "90046347", "MegaEntryKey": "2159294989", "UserName": "sansbacon", "UserKey": "725157", "UserMegaEntryCount": 0, "UserMegaEntryIndex": 0, "TimeRemainingOpponent": 0, "Rank": 1, "FantasyPoints": 1127.78, "FantasyPointsOpponent": 916.16, "RankScore": 0, "RankScoreOpponent": 0, "UserNameOpponent": "BigNate216", "WinningValue": 2.7, "Winnings": [{"value": 2.7, "description": "Cash"}], "UpdateStatus": {"lastUpdateTime": "2020-10-15T14:12:54.6438544+00:00"}}, {"MegaDraftGroupId": 1, "MegaContestKey": "90046347", "MegaEntryKey": "2159302638", "UserName": "BigNate216", "UserKey": "12614339", "UserMegaEntryCount": 0, "UserMegaEntryIndex": 0, "TimeRemainingOpponent": 0, "Rank": 2, "FantasyPoints": 916.16, "FantasyPointsOpponent": 1127.78, "RankScore": 0, "RankScoreOpponent": 0, "UserNameOpponent": "sansbacon", "WinningValue": 0, "UpdateStatus": {"lastUpdateTime": "2020-10-15T14:12:54.6439422+00:00"}}, {"MegaDraftGroupId": 1, "MegaContestKey": "90046347", "MegaEntryKey": "2159285482", "UserName": "Rthorn1", "UserKey": "1332453", "UserMegaEntryCount": 0, "UserMegaEntryIndex": 0, "TimeRemainingOpponent": 0, "Rank": 3, "FantasyPoints": 900.9, "FantasyPointsOpponent": 1127.78, "RankScore": 0, "RankScoreOpponent": 0, "UserNameOpponent": "sansbacon", "WinningValue": 0, "UpdateStatus": {"lastUpdateTime": "2020-10-15T14:12:54.6433670+00:00"}}], "UpdateStatus": {"lastUpdateTime": "2020-10-15T14:12:54.6456390+00:00"}}