{"href": "/scores/v1/contests/90059882/", "contestKey": "90059882", "leader": {"draftGroupId": 37605, "contestKey": "90059882", "entryKey": "2159854661", "lineupId": 2560477351, "userName": "sansbacon", "userKey": "725157", "userEntryCount": 1, "userEntryIndex": 1, "timeRemaining": 42.06, "timeRemainingUnit": "PMR", "maxTimeRemaining": 1200, "timeRemainingOpponent": 60, "rank": 1, "fantasyPoints": 240.1, "fantasyPointsOpponent": 209.28, "userNameOpponent": "mattyatty007", "winningValue": 0}, "leaderBoard": [{"draftGroupId": 37605, "contestKey": "90059882", "entryKey": "2159854661", "lineupId": 2560477351, "userName": "sansbacon", "userKey": "725157", "userEntryCount": 1, "userEntryIndex": 1, "timeRemaining": 42.06, "timeRemainingUnit": "PMR", "maxTimeRemaining": 1200, "timeRemainingOpponent": 60, "rank": 1, "fantasyPoints": 240.1, "fantasyPointsOpponent": 209.28, "userNameOpponent": "mattyatty007", "winningValue": 0}, {"draftGroupId": 37605, "contestKey": "90059882", "entryKey": "2159845853", "lineupId": 2560477350, "userName": "mattyatty007", "userKey": "12743648", "userEntryCount": 1, "userEntryIndex": 1, "timeRemaining": 60, "timeRemainingUnit": "PMR", "maxTimeRemaining": 1200, "timeRemainingOpponent": 42.06, "rank": 2, "fantasyPoints": 209.28, "fantasyPointsOpponent": 240.1, "userNameOpponent": "sansbacon", "winningValue": 0}, {"draftGroupId": 37605, "contestKey": "90059882", "entryKey": "2159827276", "lineupId": 2560477348, "userName": "Megatron07", "userKey": "754714", "userEntryCount": 1, "userEntryIndex": 1, "timeRemaining": 123.09, "timeRemainingUnit": "PMR", "maxTimeRemaining": 1200, "timeRemainingOpponent": 42.06, "rank": 3, "fantasyPoints": 157.1, "fantasyPointsOpponent": 240.1, "userNameOpponent": "sansbacon", "winningValue": 0}]}