{"Leader": {"MegaDraftGroupId": 1, "MegaContestKey": "90059882", "MegaEntryKey": "2159854661", "UserName": "sansbacon", "UserKey": "725157", "UserMegaEntryCount": 0, "UserMegaEntryIndex": 0, "TimeRemainingOpponent": 0, "Rank": 1, "FantasyPoints": 1069.02, "FantasyPointsOpponent": 1012.26, "RankScore": 0, "RankScoreOpponent": 0, "UserNameOpponent": "mattyatty007", "WinningValue": 2.7, "Winnings": [{"value": 2.7, "description": "Cash"}], "UpdateStatus": {"lastUpdateTime": "2020-10-15T14:12:54.1343881+00:00"}}, "LastWinningMegaEntry": {"MegaDraftGroupId": 1, "MegaContestKey": "90059882", "MegaEntryKey": "2159854661", "UserName": "sansbacon", "UserKey": "725157", "UserMegaEntryCount": 0, "UserMegaEntryIndex": 0, "TimeRemainingOpponent": 0, "Rank": 1, "FantasyPoints": 1069.02, "FantasyPointsOpponent": 1012.26, "RankScore": 0, "RankScoreOpponent": 0, "UserNameOpponent": "mattyatty007", "WinningValue": 2.7, "Winnings": [{"value": 2.7, "description": "Cash"}], "UpdateStatus": {"lastUpdateTime": "2020-10-15T14:12:54.1343881+00:00"}}, "Leaderboard": [{"MegaDraftGroupId": 1, "MegaContestKey": "90059882", "MegaEntryKey": "2159854661", "UserName": "sansbacon", "UserKey": "725157", "UserMegaEntryCount": 0, "UserMegaEntryIndex": 0, "TimeRemainingOpponent": 0, "Rank": 1, "FantasyPoints": 1069.02, "FantasyPointsOpponent": 1012.26, "RankScore": 0, "RankScoreOpponent": 0, "UserNameOpponent": "mattyatty007", "WinningValue": 2.7, "Winnings": [{"value": 2.7, "description": "Cash"}], "UpdateStatus": {"lastUpdateTime": "2020-10-15T14:12:54.1343881+00:00"}}, {"MegaDraftGroupId": 1, "MegaContestKey": "90059882", "MegaEntryKey": "2159845853", "UserName": "mattyatty007", "UserKey": "12743648", "UserMegaEntryCount": 0, "UserMegaEntryIndex": 0, "TimeRemainingOpponent": 0, "Rank": 2, "FantasyPoints": 1012.26, "FantasyPointsOpponent": 1069.02, "RankScore": 0, "RankScoreOpponent": 0, "UserNameOpponent": "sansbacon", "WinningValue": 0, "UpdateStatus": {"lastUpdateTime": "2020-10-15T14:12:54.1334542+00:00"}}, {"MegaDraftGroupId": 1, "MegaContestKey": "90059882", "MegaEntryKey": "2159827276", "UserName": "Megatron07", "UserKey": "754714", "UserMegaEntryCount": 0, "UserMegaEntryIndex": 0, "TimeRemainingOpponent": 0, "Rank": 3, "FantasyPoints": 856.76, "FantasyPointsOpponent": 1069.02, "RankScore": 0, "RankScoreOpponent": 0, "UserNameOpponent": "sansbacon", "WinningValue": 0, "UpdateStatus": {"lastUpdateTime": "2020-10-15T14:12:54.1384906+00:00"}}], "UpdateStatus": {"lastUpdateTime": "2020-10-15T14:12:54.1423374+00:00"}}