{"href": "/scores/v1/contests/90061105/", "contestKey": "90061105", "leader": {"draftGroupId": 37605, "contestKey": "90061105", "entryKey": "2159859600", "lineupId": 2560495174, "userName": "sansbacon", "userKey": "725157", "userEntryCount": 1, "userEntryIndex": 1, "timeRemaining": 63.09, "timeRemainingUnit": "PMR", "maxTimeRemaining": 1200, "timeRemainingOpponent": 0, "rank": 1, "fantasyPoints": 233.82, "fantasyPointsOpponent": 188.4, "userNameOpponent": "Phlegmgoat", "winningValue": 0}, "leaderBoard": [{"draftGroupId": 37605, "contestKey": "90061105", "entryKey": "2159859600", "lineupId": 2560495174, "userName": "sansbacon", "userKey": "725157", "userEntryCount": 1, "userEntryIndex": 1, "timeRemaining": 63.09, "timeRemainingUnit": "PMR", "maxTimeRemaining": 1200, "timeRemainingOpponent": 0, "rank": 1, "fantasyPoints": 233.82, "fantasyPointsOpponent": 188.4, "userNameOpponent": "Phlegmgoat", "winningValue": 0}, {"draftGroupId": 37605, "contestKey": "90061105", "entryKey": "2159859697", "lineupId": 2560495175, "userName": "Phlegmgoat", "userKey": "1299626", "userEntryCount": 1, "userEntryIndex": 1, "timeRemaining": 0, "timeRemainingUnit": "PMR", "maxTimeRemaining": 1200, "timeRemainingOpponent": 63.09, "rank": 2, "fantasyPoints": 188.4, "fantasyPointsOpponent": 233.82, "userNameOpponent": "sansbacon", "winningValue": 0}, {"draftGroupId": 37605, "contestKey": "90061105", "entryKey": "2159863012", "lineupId": 2560495176, "userName": "chiz2121", "userKey": "516737", "userEntryCount": 1, "userEntryIndex": 1, "timeRemaining": 141.03, "timeRemainingUnit": "PMR", "maxTimeRemaining": 1200, "timeRemainingOpponent": 63.09, "rank": 3, "fantasyPoints": 151.18, "fantasyPointsOpponent": 233.82, "userNameOpponent": "sansbacon", "winningValue": 0}]}