{"Leader": {"MegaDraftGroupId": 1, "MegaContestKey": "90061105", "MegaEntryKey": "2159859600", "UserName": "sansbacon", "UserKey": "725157", "UserMegaEntryCount": 0, "UserMegaEntryIndex": 0, "TimeRemainingOpponent": 0, "Rank": 1, "FantasyPoints": 1071.94, "FantasyPointsOpponent": 1049.2, "RankScore": 0, "RankScoreOpponent": 0, "UserNameOpponent": "Phlegmgoat", "WinningValue": 2.7, "Winnings": [{"value": 2.7, "description": "Cash"}], "UpdateStatus": {"lastUpdateTime": "2020-10-15T14:12:54.1895554+00:00"}}, "LastWinningMegaEntry": {"MegaDraftGroupId": 1, "MegaContestKey": "90061105", "MegaEntryKey": "2159859600", "UserName": "sansbacon", "UserKey": "725157", "UserMegaEntryCount": 0, "UserMegaEntryIndex": 0, "TimeRemainingOpponent": 0, "Rank": 1, "FantasyPoints": 1071.94, "FantasyPointsOpponent": 1049.2, "RankScore": 0, "RankScoreOpponent": 0, "UserNameOpponent": "Phlegmgoat", "WinningValue": 2.7, "Winnings": [{"value": 2.7, "description": "Cash"}], "UpdateStatus": {"lastUpdateTime": "2020-10-15T14:12:54.1895554+00:00"}}, "Leaderboard": [{"MegaDraftGroupId": 1, "MegaContestKey": "90061105", "MegaEntryKey": "2159859600", "UserName": "sansbacon", "UserKey": "725157", "UserMegaEntryCount": 0, "UserMegaEntryIndex": 0, "TimeRemainingOpponent": 0, "Rank": 1, "FantasyPoints": 1071.94, "FantasyPointsOpponent": 1049.2, "RankScore": 0, "RankScoreOpponent": 0, "UserNameOpponent": "Phlegmgoat", "WinningValue": 2.7, "Winnings": [{"value": 2.7, "description": "Cash"}], "UpdateStatus": {"lastUpdateTime": "2020-10-15T14:12:54.1895554+00:00"}}, {"MegaDraftGroupId": 1, "MegaContestKey": "90061105", "MegaEntryKey": "2159859697", "UserName": "Phlegmgoat", "UserKey": "1299626", "UserMegaEntryCount": 0, "UserMegaEntryIndex": 0, "TimeRemainingOpponent": 0, "Rank": 2, "FantasyPoints": 1049.2, "FantasyPointsOpponent": 1071.94, "RankScore": 0, "RankScoreOpponent": 0, "UserNameOpponent": "sansbacon", "WinningValue": 0, "UpdateStatus": {"lastUpdateTime": "2020-10-15T14:12:54.1889791+00:00"}}, {"MegaDraftGroupId": 1, "MegaContestKey": "90061105", "MegaEntryKey": "2159863012", "UserName": "chiz2121", "UserKey": "516737", "UserMegaEntryCount": 0, "UserMegaEntryIndex": 0, "TimeRemainingOpponent": 0, "Rank": 3, "FantasyPoints": 920.96, "FantasyPointsOpponent": 1071.94, "RankScore": 0, "RankScoreOpponent": 0, "UserNameOpponent": "sansbacon", "WinningValue": 0, "UpdateStatus": {"lastUpdateTime": "2020-10-15T14:12:54.1892876+00:00"}}], "UpdateStatus": {"lastUpdateTime": "2020-10-15T14:12:54.1900713+00:00"}}