{"Leader": {"MegaDraftGroupId": 1, "MegaContestKey": "90079766", "MegaEntryKey": "2160583063", "UserName": "Phlegmgoat", "UserKey": "1299626", "UserMegaEntryCount": 0, "UserMegaEntryIndex": 0, "TimeRemainingOpponent": 0, "Rank": 1, "FantasyPoints": 1079.22, "FantasyPointsOpponent": 1046.24, "RankScore": 0, "RankScoreOpponent": 0, "UserNameOpponent": "sansbacon", "WinningValue": 2.7, "Winnings": [{"value": 2.7, "description": "Cash"}], "UpdateStatus": {"lastUpdateTime": "2020-10-15T14:12:54.8055878+00:00"}}, "LastWinningMegaEntry": {"MegaDraftGroupId": 1, "MegaContestKey": "90079766", "MegaEntryKey": "2160583063", "UserName": "Phlegmgoat", "UserKey": "1299626", "UserMegaEntryCount": 0, "UserMegaEntryIndex": 0, "TimeRemainingOpponent": 0, "Rank": 1, "FantasyPoints": 1079.22, "FantasyPointsOpponent": 1046.24, "RankScore": 0, "RankScoreOpponent": 0, "UserNameOpponent": "sansbacon", "WinningValue": 2.7, "Winnings": [{"value": 2.7, "description": "Cash"}], "UpdateStatus": {"lastUpdateTime": "2020-10-15T14:12:54.8055878+00:00"}}, "Leaderboard": [{"MegaDraftGroupId": 1, "MegaContestKey": "90079766", "MegaEntryKey": "2160583063", "UserName": "Phlegmgoat", "UserKey": "1299626", "UserMegaEntryCount": 0, "UserMegaEntryIndex": 0, "TimeRemainingOpponent": 0, "Rank": 1, "FantasyPoints": 1079.22, "FantasyPointsOpponent": 1046.24, "RankScore": 0, "RankScoreOpponent": 0, "UserNameOpponent": "sansbacon", "WinningValue": 2.7, "Winnings": [{"value": 2.7, "description": "Cash"}], "UpdateStatus": {"lastUpdateTime": "2020-10-15T14:12:54.8055878+00:00"}}, {"MegaDraftGroupId": 1, "MegaContestKey": "90079766", "MegaEntryKey": "2160550051", "UserName": "sansbacon", "UserKey": "725157", "UserMegaEntryCount": 0, "UserMegaEntryIndex": 0, "TimeRemainingOpponent": 0, "Rank": 2, "FantasyPoints": 1046.24, "FantasyPointsOpponent": 1079.22, "RankScore": 0, "RankScoreOpponent": 0, "UserNameOpponent": "Phlegmgoat", "WinningValue": 0, "UpdateStatus": {"lastUpdateTime": "2020-10-15T14:12:54.8057023+00:00"}}, {"MegaDraftGroupId": 1, "MegaContestKey": "90079766", "MegaEntryKey": "2160568453", "UserName": "vsjjma", "UserKey": "12602207", "UserMegaEntryCount": 0, "UserMegaEntryIndex": 0, "TimeRemainingOpponent": 0, "Rank": 3, "FantasyPoints": 965.12, "FantasyPointsOpponent": 1079.22, "RankScore": 0, "RankScoreOpponent": 0, "UserNameOpponent": "Phlegmgoat", "WinningValue": 0, "UpdateStatus": {"lastUpdateTime": "2020-10-15T14:12:54.8054577+00:00"}}], "UpdateStatus": {"lastUpdateTime": "2020-10-15T14:12:54.8074996+00:00"}}