{"Leader": {"MegaDraftGroupId": 1, "MegaContestKey": "90070953", "MegaEntryKey": "2160286713", "UserName": "JTrauberman", "UserKey": "8674070", "UserMegaEntryCount": 0, "UserMegaEntryIndex": 0, "TimeRemainingOpponent": 0, "Rank": 1, "FantasyPoints": 1041.62, "FantasyPointsOpponent": 1025.6, "RankScore": 0, "RankScoreOpponent": 0, "UserNameOpponent": "sansbacon", "WinningValue": 2.7, "Winnings": [{"value": 2.7, "description": "Cash"}], "UpdateStatus": {"lastUpdateTime": "2020-10-15T14:12:54.5162609+00:00"}}, "LastWinningMegaEntry": {"MegaDraftGroupId": 1, "MegaContestKey": "90070953", "MegaEntryKey": "2160286713", "UserName": "JTrauberman", "UserKey": "8674070", "UserMegaEntryCount": 0, "UserMegaEntryIndex": 0, "TimeRemainingOpponent": 0, "Rank": 1, "FantasyPoints": 1041.62, "FantasyPointsOpponent": 1025.6, "RankScore": 0, "RankScoreOpponent": 0, "UserNameOpponent": "sansbacon", "WinningValue": 2.7, "Winnings": [{"value": 2.7, "description": "Cash"}], "UpdateStatus": {"lastUpdateTime": "2020-10-15T14:12:54.5162609+00:00"}}, "Leaderboard": [{"MegaDraftGroupId": 1, "MegaContestKey": "90070953", "MegaEntryKey": "2160286713", "UserName": "JTrauberman", "UserKey": "8674070", "UserMegaEntryCount": 0, "UserMegaEntryIndex": 0, "TimeRemainingOpponent": 0, "Rank": 1, "FantasyPoints": 1041.62, "FantasyPointsOpponent": 1025.6, "RankScore": 0, "RankScoreOpponent": 0, "UserNameOpponent": "sansbacon", "WinningValue": 2.7, "Winnings": [{"value": 2.7, "description": "Cash"}], "UpdateStatus": {"lastUpdateTime": "2020-10-15T14:12:54.5162609+00:00"}}, {"MegaDraftGroupId": 1, "MegaContestKey": "90070953", "MegaEntryKey": "2160268327", "UserName": "sansbacon", "UserKey": "725157", "UserMegaEntryCount": 0, "UserMegaEntryIndex": 0, "TimeRemainingOpponent": 0, "Rank": 2, "FantasyPoints": 1025.6, "FantasyPointsOpponent": 1041.62, "RankScore": 0, "RankScoreOpponent": 0, "UserNameOpponent": "JTrauberman", "WinningValue": 0, "UpdateStatus": {"lastUpdateTime": "2020-10-15T14:12:54.5216991+00:00"}}, {"MegaDraftGroupId": 1, "MegaContestKey": "90070953", "MegaEntryKey": "2160276477", "UserName": "Totes15", "UserKey": "1389977", "UserMegaEntryCount": 0, "UserMegaEntryIndex": 0, "TimeRemainingOpponent": 0, "Rank": 3, "FantasyPoints": 972.48, "FantasyPointsOpponent": 1041.62, "RankScore": 0, "RankScoreOpponent": 0, "UserNameOpponent": "JTrauberman", "WinningValue": 0, "UpdateStatus": {"lastUpdateTime": "2020-10-15T14:12:54.5205668+00:00"}}], "UpdateStatus": {"lastUpdateTime": "2020-10-15T14:12:54.5238306+00:00"}}