{"href": "/scores/v1/contests/90071806/", "contestKey": "90071806", "leader": {"draftGroupId": 37605, "contestKey": "90071806", "entryKey": "2160333600", "lineupId": 2560837391, "userName": "sansbacon", "userKey": "725157", "userEntryCount": 1, "userEntryIndex": 1, "timeRemaining": 42.06, "timeRemainingUnit": "PMR", "maxTimeRemaining": 1200, "timeRemainingOpponent": 141.03, "rank": 1, "fantasyPoints": 229.8, "fantasyPointsOpponent": 180.58, "userNameOpponent": "stromith", "winningValue": 0}, "leaderBoard": [{"draftGroupId": 37605, "contestKey": "90071806", "entryKey": "2160333600", "lineupId": 2560837391, "userName": "sansbacon", "userKey": "725157", "userEntryCount": 1, "userEntryIndex": 1, "timeRemaining": 42.06, "timeRemainingUnit": "PMR", "maxTimeRemaining": 1200, "timeRemainingOpponent": 141.03, "rank": 1, "fantasyPoints": 229.8, "fantasyPointsOpponent": 180.58, "userNameOpponent": "stromith", "winningValue": 0}, {"draftGroupId": 37605, "contestKey": "90071806", "entryKey": "2160332412", "lineupId": 2560837390, "userName": "stromith", "userKey": "33058", "userEntryCount": 1, "userEntryIndex": 1, "timeRemaining": 141.03, "timeRemainingUnit": "PMR", "maxTimeRemaining": 1200, "timeRemainingOpponent": 42.06, "rank": 2, "fantasyPoints": 180.58, "fantasyPointsOpponent": 229.8, "userNameOpponent": "sansbacon", "winningValue": 0}, {"draftGroupId": 37605, "contestKey": "90071806", "entryKey": "2160323499", "lineupId": 2560837389, "userName": "rhammons374", "userKey": "524882", "userEntryCount": 1, "userEntryIndex": 1, "timeRemaining": 60, "timeRemainingUnit": "PMR", "maxTimeRemaining": 1200, "timeRemainingOpponent": 42.06, "rank": 3, "fantasyPoints": 177.1, "fantasyPointsOpponent": 229.8, "userNameOpponent": "sansbacon", "winningValue": 0}]}