{"href": "/scores/v1/contests/90070953/", "contestKey": "90070953", "leader": {"draftGroupId": 37605, "contestKey": "90070953", "entryKey": "2160276477", "lineupId": 2560815042, "userName": "Totes15", "userKey": "1389977", "userEntryCount": 1, "userEntryIndex": 1, "timeRemaining": 21.03, "timeRemainingUnit": "PMR", "maxTimeRemaining": 1200, "timeRemainingOpponent": 201.03, "rank": 1, "fantasyPoints": 237.08, "fantasyPointsOpponent": 183.82, "userNameOpponent": "sansbacon", "winningValue": 0}, "leaderBoard": [{"draftGroupId": 37605, "contestKey": "90070953", "entryKey": "2160276477", "lineupId": 2560815042, "userName": "Totes15", "userKey": "1389977", "userEntryCount": 1, "userEntryIndex": 1, "timeRemaining": 21.03, "timeRemainingUnit": "PMR", "maxTimeRemaining": 1200, "timeRemainingOpponent": 201.03, "rank": 1, "fantasyPoints": 237.08, "fantasyPointsOpponent": 183.82, "userNameOpponent": "sansbacon", "winningValue": 0}, {"draftGroupId": 37605, "contestKey": "90070953", "entryKey": "2160268327", "lineupId": 2560815039, "userName": "sansbacon", "userKey": "725157", "userEntryCount": 1, "userEntryIndex": 1, "timeRemaining": 201.03, "timeRemainingUnit": "PMR", "maxTimeRemaining": 1200, "timeRemainingOpponent": 21.03, "rank": 2, "fantasyPoints": 183.82, "fantasyPointsOpponent": 237.08, "userNameOpponent": "Totes15", "winningValue": 0}, {"draftGroupId": 37605, "contestKey": "90070953", "entryKey": "2160286713", "lineupId": 2560815044, "userName": "JTrauberman", "userKey": "8674070", "userEntryCount": 1, "userEntryIndex": 1, "timeRemaining": 0, "timeRemainingUnit": "PMR", "maxTimeRemaining": 1200, "timeRemainingOpponent": 21.03, "rank": 3, "fantasyPoints": 180.68, "fantasyPointsOpponent": 237.08, "userNameOpponent": "Totes15", "winningValue": 0}]}