{"Leader": {"MegaDraftGroupId": 1, "MegaContestKey": "90071806", "MegaEntryKey": "2160333600", "UserName": "sansbacon", "UserKey": "725157", "UserMegaEntryCount": 0, "UserMegaEntryIndex": 0, "TimeRemainingOpponent": 0, "Rank": 1, "FantasyPoints": 1047, "FantasyPointsOpponent": 1020.12, "RankScore": 0, "RankScoreOpponent": 0, "UserNameOpponent": "stromith", "WinningValue": 2.7, "Winnings": [{"value": 2.7, "description": "Cash"}], "UpdateStatus": {"lastUpdateTime": "2020-10-15T14:12:54.5786750+00:00"}}, "LastWinningMegaEntry": {"MegaDraftGroupId": 1, "MegaContestKey": "90071806", "MegaEntryKey": "2160333600", "UserName": "sansbacon", "UserKey": "725157", "UserMegaEntryCount": 0, "UserMegaEntryIndex": 0, "TimeRemainingOpponent": 0, "Rank": 1, "FantasyPoints": 1047, "FantasyPointsOpponent": 1020.12, "RankScore": 0, "RankScoreOpponent": 0, "UserNameOpponent": "stromith", "WinningValue": 2.7, "Winnings": [{"value": 2.7, "description": "Cash"}], "UpdateStatus": {"lastUpdateTime": "2020-10-15T14:12:54.5786750+00:00"}}, "Leaderboard": [{"MegaDraftGroupId": 1, "MegaContestKey": "90071806", "MegaEntryKey": "2160333600", "UserName": "sansbacon", "UserKey": "725157", "UserMegaEntryCount": 0, "UserMegaEntryIndex": 0, "TimeRemainingOpponent": 0, "Rank": 1, "FantasyPoints": 1047, "FantasyPointsOpponent": 1020.12, "RankScore": 0, "RankScoreOpponent": 0, "UserNameOpponent": "stromith", "WinningValue": 2.7, "Winnings": [{"value": 2.7, "description": "Cash"}], "UpdateStatus": {"lastUpdateTime": "2020-10-15T14:12:54.5786750+00:00"}}, {"MegaDraftGroupId": 1, "MegaContestKey": "90071806", "MegaEntryKey": "2160332412", "UserName": "stromith", "UserKey": "33058", "UserMegaEntryCount": 0, "UserMegaEntryIndex": 0, "TimeRemainingOpponent": 0, "Rank": 2, "FantasyPoints": 1020.12, "FantasyPointsOpponent": 1047, "RankScore": 0, "RankScoreOpponent": 0, "UserNameOpponent": "sansbacon", "WinningValue": 0, "UpdateStatus": {"lastUpdateTime": "2020-10-15T14:12:54.5781653+00:00"}}, {"MegaDraftGroupId": 1, "MegaContestKey": "90071806", "MegaEntryKey": "2160323499", "UserName": "rhammons374", "UserKey": "524882", "UserMegaEntryCount": 0, "UserMegaEntryIndex": 0, "TimeRemainingOpponent": 0, "Rank": 3, "FantasyPoints": 957.7, "FantasyPointsOpponent": 1047, "RankScore": 0, "RankScoreOpponent": 0, "UserNameOpponent": "sansbacon", "WinningValue": 0, "UpdateStatus": {"lastUpdateTime": "2020-10-15T14:12:54.5801475+00:00"}}], "UpdateStatus": {"lastUpdateTime": "2020-10-15T14:12:54.5829771+00:00"}}