{"href": "/scores/v1/contests/90079766/", "contestKey": "90079766", "leader": {"draftGroupId": 37605, "contestKey": "90079766", "entryKey": "2160583063", "lineupId": 2561228152, "userName": "Phlegmgoat", "userKey": "1299626", "userEntryCount": 1, "userEntryIndex": 1, "timeRemaining": 21.03, "timeRemainingUnit": "PMR", "maxTimeRemaining": 1200, "timeRemainingOpponent": 42.06, "rank": 1, "fantasyPoints": 227.48, "fantasyPointsOpponent": 213.7, "userNameOpponent": "sansbacon", "winningValue": 0}, "leaderBoard": [{"draftGroupId": 37605, "contestKey": "90079766", "entryKey": "2160583063", "lineupId": 2561228152, "userName": "Phlegmgoat", "userKey": "1299626", "userEntryCount": 1, "userEntryIndex": 1, "timeRemaining": 21.03, "timeRemainingUnit": "PMR", "maxTimeRemaining": 1200, "timeRemainingOpponent": 42.06, "rank": 1, "fantasyPoints": 227.48, "fantasyPointsOpponent": 213.7, "userNameOpponent": "sansbacon", "winningValue": 0}, {"draftGroupId": 37605, "contestKey": "90079766", "entryKey": "2160550051", "lineupId": 2561228150, "userName": "sansbacon", "userKey": "725157", "userEntryCount": 1, "userEntryIndex": 1, "timeRemaining": 42.06, "timeRemainingUnit": "PMR", "maxTimeRemaining": 1200, "timeRemainingOpponent": 21.03, "rank": 2, "fantasyPoints": 213.7, "fantasyPointsOpponent": 227.48, "userNameOpponent": "Phlegmgoat", "winningValue": 0}, {"draftGroupId": 37605, "contestKey": "90079766", "entryKey": "2160568453", "lineupId": 2561228151, "userName": "vsjjma", "userKey": "12602207", "userEntryCount": 1, "userEntryIndex": 1, "timeRemaining": 180, "timeRemainingUnit": "PMR", "maxTimeRemaining": 1200, "timeRemainingOpponent": 21.03, "rank": 3, "fantasyPoints": 162.88, "fantasyPointsOpponent": 227.48, "userNameOpponent": "Phlegmgoat", "winningValue": 0}]}