{"href": "/scores/v1/contests/90080931/", "contestKey": "90080931", "leader": {"draftGroupId": 37605, "contestKey": "90080931", "entryKey": "2160615572", "lineupId": 2561262487, "userName": "sansbacon", "userKey": "725157", "userEntryCount": 1, "userEntryIndex": 1, "timeRemaining": 60, "timeRemainingUnit": "PMR", "maxTimeRemaining": 1200, "timeRemainingOpponent": 63.09, "rank": 1, "fantasyPoints": 245.98, "fantasyPointsOpponent": 193.5, "userNameOpponent": "ClaySweet", "winningValue": 0}, "leaderBoard": [{"draftGroupId": 37605, "contestKey": "90080931", "entryKey": "2160615572", "lineupId": 2561262487, "userName": "sansbacon", "userKey": "725157", "userEntryCount": 1, "userEntryIndex": 1, "timeRemaining": 60, "timeRemainingUnit": "PMR", "maxTimeRemaining": 1200, "timeRemainingOpponent": 63.09, "rank": 1, "fantasyPoints": 245.98, "fantasyPointsOpponent": 193.5, "userNameOpponent": "ClaySweet", "winningValue": 0}, {"draftGroupId": 37605, "contestKey": "90080931", "entryKey": "2160590739", "lineupId": 2561262486, "userName": "ClaySweet", "userKey": "10290690", "userEntryCount": 1, "userEntryIndex": 1, "timeRemaining": 63.09, "timeRemainingUnit": "PMR", "maxTimeRemaining": 1200, "timeRemainingOpponent": 60, "rank": 2, "fantasyPoints": 193.5, "fantasyPointsOpponent": 245.98, "userNameOpponent": "sansbacon", "winningValue": 0}, {"draftGroupId": 37605, "contestKey": "90080931", "entryKey": "2160616745", "lineupId": 2561262488, "userName": "cgiannell", "userKey": "6738211", "userEntryCount": 1, "userEntryIndex": 1, "timeRemaining": 141.03, "timeRemainingUnit": "PMR", "maxTimeRemaining": 1200, "timeRemainingOpponent": 60, "rank": 3, "fantasyPoints": 139.74, "fantasyPointsOpponent": 245.98, "userNameOpponent": "sansbacon", "winningValue": 0}]}