{"Leader": {"MegaDraftGroupId": 1, "MegaContestKey": "90081597", "MegaEntryKey": "2160628165", "UserName": "jap33", "UserKey": "3717049", "UserMegaEntryCount": 0, "UserMegaEntryIndex": 0, "TimeRemainingOpponent": 0, "Rank": 1, "FantasyPoints": 1111.46, "FantasyPointsOpponent": 976.72, "RankScore": 0, "RankScoreOpponent": 0, "UserNameOpponent": "sansbacon", "WinningValue": 2.7, "Winnings": [{"value": 2.7, "description": "Cash"}], "UpdateStatus": {"lastUpdateTime": "2020-10-15T14:12:53.8541962+00:00"}}, "LastWinningMegaEntry": {"MegaDraftGroupId": 1, "MegaContestKey": "90081597", "MegaEntryKey": "2160628165", "UserName": "jap33", "UserKey": "3717049", "UserMegaEntryCount": 0, "UserMegaEntryIndex": 0, "TimeRemainingOpponent": 0, "Rank": 1, "FantasyPoints": 1111.46, "FantasyPointsOpponent": 976.72, "RankScore": 0, "RankScoreOpponent": 0, "UserNameOpponent": "sansbacon", "WinningValue": 2.7, "Winnings": [{"value": 2.7, "description": "Cash"}], "UpdateStatus": {"lastUpdateTime": "2020-10-15T14:12:53.8541962+00:00"}}, "Leaderboard": [{"MegaDraftGroupId": 1, "MegaContestKey": "90081597", "MegaEntryKey": "2160628165", "UserName": "jap33", "UserKey": "3717049", "UserMegaEntryCount": 0, "UserMegaEntryIndex": 0, "TimeRemainingOpponent": 0, "Rank": 1, "FantasyPoints": 1111.46, "FantasyPointsOpponent": 976.72, "RankScore": 0, "RankScoreOpponent": 0, "UserNameOpponent": "sansbacon", "WinningValue": 2.7, "Winnings": [{"value": 2.7, "description": "Cash"}], "UpdateStatus": {"lastUpdateTime": "2020-10-15T14:12:53.8541962+00:00"}}, {"MegaDraftGroupId": 1, "MegaContestKey": "90081597", "MegaEntryKey": "2160644031", "UserName": "sansbacon", "UserKey": "725157", "UserMegaEntryCount": 0, "UserMegaEntryIndex": 0, "TimeRemainingOpponent": 0, "Rank": 2, "FantasyPoints": 976.72, "FantasyPointsOpponent": 1111.46, "RankScore": 0, "RankScoreOpponent": 0, "UserNameOpponent": "jap33", "WinningValue": 0, "UpdateStatus": {"lastUpdateTime": "2020-10-15T14:12:53.8453375+00:00"}}, {"MegaDraftGroupId": 1, "MegaContestKey": "90081597", "MegaEntryKey": "2160644283", "UserName": "jared.brown.jtb", "UserKey": "9277474", "UserMegaEntryCount": 0, "UserMegaEntryIndex": 0, "TimeRemainingOpponent": 0, "Rank": 3, "FantasyPoints": 938.3, "FantasyPointsOpponent": 1111.46, "RankScore": 0, "RankScoreOpponent": 0, "UserNameOpponent": "jap33", "WinningValue": 0, "UpdateStatus": {"lastUpdateTime": "2020-10-15T14:12:53.8546621+00:00"}}], "UpdateStatus": {"lastUpdateTime": "2020-10-15T14:12:53.8666045+00:00"}}