{"Leader": {"MegaDraftGroupId": 1, "MegaContestKey": "90080931", "MegaEntryKey": "2160615572", "UserName": "sansbacon", "UserKey": "725157", "UserMegaEntryCount": 0, "UserMegaEntryIndex": 0, "TimeRemainingOpponent": 0, "Rank": 1, "FantasyPoints": 1056, "FantasyPointsOpponent": 1037.06, "RankScore": 0, "RankScoreOpponent": 0, "UserNameOpponent": "ClaySweet", "WinningValue": 2.7, "Winnings": [{"value": 2.7, "description": "Cash"}], "UpdateStatus": {"lastUpdateTime": "2020-10-15T14:12:54.8781567+00:00"}}, "LastWinningMegaEntry": {"MegaDraftGroupId": 1, "MegaContestKey": "90080931", "MegaEntryKey": "2160615572", "UserName": "sansbacon", "UserKey": "725157", "UserMegaEntryCount": 0, "UserMegaEntryIndex": 0, "TimeRemainingOpponent": 0, "Rank": 1, "FantasyPoints": 1056, "FantasyPointsOpponent": 1037.06, "RankScore": 0, "RankScoreOpponent": 0, "UserNameOpponent": "ClaySweet", "WinningValue": 2.7, "Winnings": [{"value": 2.7, "description": "Cash"}], "UpdateStatus": {"lastUpdateTime": "2020-10-15T14:12:54.8781567+00:00"}}, "Leaderboard": [{"MegaDraftGroupId": 1, "MegaContestKey": "90080931", "MegaEntryKey": "2160615572", "UserName": "sansbacon", "UserKey": "725157", "UserMegaEntryCount": 0, "UserMegaEntryIndex": 0, "TimeRemainingOpponent": 0, "Rank": 1, "FantasyPoints": 1056, "FantasyPointsOpponent": 1037.06, "RankScore": 0, "RankScoreOpponent": 0, "UserNameOpponent": "ClaySweet", "WinningValue": 2.7, "Winnings": [{"value": 2.7, "description": "Cash"}], "UpdateStatus": {"lastUpdateTime": "2020-10-15T14:12:54.8781567+00:00"}}, {"MegaDraftGroupId": 1, "MegaContestKey": "90080931", "MegaEntryKey": "2160590739", "UserName": "ClaySweet", "UserKey": "10290690", "UserMegaEntryCount": 0, "UserMegaEntryIndex": 0, "TimeRemainingOpponent": 0, "Rank": 2, "FantasyPoints": 1037.06, "FantasyPointsOpponent": 1056, "RankScore": 0, "RankScoreOpponent": 0, "UserNameOpponent": "sansbacon", "WinningValue": 0, "UpdateStatus": {"lastUpdateTime": "2020-10-15T14:12:54.8725672+00:00"}}, {"MegaDraftGroupId": 1, "MegaContestKey": "90080931", "MegaEntryKey": "2160616745", "UserName": "cgiannell", "UserKey": "6738211", "UserMegaEntryCount": 0, "UserMegaEntryIndex": 0, "TimeRemainingOpponent": 0, "Rank": 3, "FantasyPoints": 877.44, "FantasyPointsOpponent": 1056, "RankScore": 0, "RankScoreOpponent": 0, "UserNameOpponent": "sansbacon", "WinningValue": 0, "UpdateStatus": {"lastUpdateTime": "2020-10-15T14:12:54.8714534+00:00"}}], "UpdateStatus": {"lastUpdateTime": "2020-10-15T14:12:54.8785820+00:00"}}