{"href": "/scores/v1/contests/90081597/", "contestKey": "90081597", "leader": {"draftGroupId": 37605, "contestKey": "90081597", "entryKey": "2160628165", "lineupId": 2561287108, "userName": "jap33", "userKey": "3717049", "userEntryCount": 1, "userEntryIndex": 1, "timeRemaining": 60, "timeRemainingUnit": "PMR", "maxTimeRemaining": 1200, "timeRemainingOpponent": 81.03, "rank": 1, "fantasyPoints": 228.3, "fantasyPointsOpponent": 225, "userNameOpponent": "sansbacon", "winningValue": 0}, "leaderBoard": [{"draftGroupId": 37605, "contestKey": "90081597", "entryKey": "2160628165", "lineupId": 2561287108, "userName": "jap33", "userKey": "3717049", "userEntryCount": 1, "userEntryIndex": 1, "timeRemaining": 60, "timeRemainingUnit": "PMR", "maxTimeRemaining": 1200, "timeRemainingOpponent": 81.03, "rank": 1, "fantasyPoints": 228.3, "fantasyPointsOpponent": 225, "userNameOpponent": "sansbacon", "winningValue": 0}, {"draftGroupId": 37605, "contestKey": "90081597", "entryKey": "2160644031", "lineupId": 2561287109, "userName": "sansbacon", "userKey": "725157", "userEntryCount": 1, "userEntryIndex": 1, "timeRemaining": 81.03, "timeRemainingUnit": "PMR", "maxTimeRemaining": 1200, "timeRemainingOpponent": 60, "rank": 2, "fantasyPoints": 225, "fantasyPointsOpponent": 228.3, "userNameOpponent": "jap33", "winningValue": 0}, {"draftGroupId": 37605, "contestKey": "90081597", "entryKey": "2160644283", "lineupId": 2561287110, "userName": "jared.brown.jtb", "userKey": "9277474", "userEntryCount": 1, "userEntryIndex": 1, "timeRemaining": 102.06, "timeRemainingUnit": "PMR", "maxTimeRemaining": 1200, "timeRemainingOpponent": 60, "rank": 3, "fantasyPoints": 161.18, "fantasyPointsOpponent": 228.3, "userNameOpponent": "jap33", "winningValue": 0}]}