{"Leader": {"MegaDraftGroupId": 1, "MegaContestKey": "90115082", "MegaEntryKey": "2161563740", "UserName": "Hunteezee", "UserKey": "6579717", "UserMegaEntryCount": 0, "UserMegaEntryIndex": 0, "TimeRemainingOpponent": 0, "Rank": 1, "FantasyPoints": 1064.66, "FantasyPointsOpponent": 1034.3, "RankScore": 0, "RankScoreOpponent": 0, "UserNameOpponent": "sansbacon", "WinningValue": 2.7, "Winnings": [{"value": 2.7, "description": "Cash"}], "UpdateStatus": {"lastUpdateTime": "2020-10-15T14:12:54.7855107+00:00"}}, "LastWinningMegaEntry": {"MegaDraftGroupId": 1, "MegaContestKey": "90115082", "MegaEntryKey": "2161563740", "UserName": "Hunteezee", "UserKey": "6579717", "UserMegaEntryCount": 0, "UserMegaEntryIndex": 0, "TimeRemainingOpponent": 0, "Rank": 1, "FantasyPoints": 1064.66, "FantasyPointsOpponent": 1034.3, "RankScore": 0, "RankScoreOpponent": 0, "UserNameOpponent": "sansbacon", "WinningValue": 2.7, "Winnings": [{"value": 2.7, "description": "Cash"}], "UpdateStatus": {"lastUpdateTime": "2020-10-15T14:12:54.7855107+00:00"}}, "Leaderboard": [{"MegaDraftGroupId": 1, "MegaContestKey": "90115082", "MegaEntryKey": "2161563740", "UserName": "Hunteezee", "UserKey": "6579717", "UserMegaEntryCount": 0, "UserMegaEntryIndex": 0, "TimeRemainingOpponent": 0, "Rank": 1, "FantasyPoints": 1064.66, "FantasyPointsOpponent": 1034.3, "RankScore": 0, "RankScoreOpponent": 0, "UserNameOpponent": "sansbacon", "WinningValue": 2.7, "Winnings": [{"value": 2.7, "description": "Cash"}], "UpdateStatus": {"lastUpdateTime": "2020-10-15T14:12:54.7855107+00:00"}}, {"MegaDraftGroupId": 1, "MegaContestKey": "90115082", "MegaEntryKey": "2161549220", "UserName": "sansbacon", "UserKey": "725157", "UserMegaEntryCount": 0, "UserMegaEntryIndex": 0, "TimeRemainingOpponent": 0, "Rank": 2, "FantasyPoints": 1034.3, "FantasyPointsOpponent": 1064.66, "RankScore": 0, "RankScoreOpponent": 0, "UserNameOpponent": "Hunteezee", "WinningValue": 0, "UpdateStatus": {"lastUpdateTime": "2020-10-15T14:12:54.8295674+00:00"}}, {"MegaDraftGroupId": 1, "MegaContestKey": "90115082", "MegaEntryKey": "2161573998", "UserName": "adamsapp", "UserKey": "4193491", "UserMegaEntryCount": 0, "UserMegaEntryIndex": 0, "TimeRemainingOpponent": 0, "Rank": 3, "FantasyPoints": 939.58, "FantasyPointsOpponent": 1064.66, "RankScore": 0, "RankScoreOpponent": 0, "UserNameOpponent": "Hunteezee", "WinningValue": 0, "UpdateStatus": {"lastUpdateTime": "2020-10-15T14:12:54.7895612+00:00"}}], "UpdateStatus": {"lastUpdateTime": "2020-10-15T14:12:54.8365628+00:00"}}