{"href": "/scores/v1/contests/90115471/", "contestKey": "90115471", "leader": {"draftGroupId": 37605, "contestKey": "90115471", "entryKey": "2161577310", "lineupId": 2562533308, "userName": "sansbacon", "userKey": "725157", "userEntryCount": 1, "userEntryIndex": 1, "timeRemaining": 0, "timeRemainingUnit": "PMR", "maxTimeRemaining": 1200, "timeRemainingOpponent": 102.06, "rank": 1, "fantasyPoints": 248.18, "fantasyPointsOpponent": 195.68, "userNameOpponent": "jecl2772", "winningValue": 0}, "leaderBoard": [{"draftGroupId": 37605, "contestKey": "90115471", "entryKey": "2161577310", "lineupId": 2562533308, "userName": "sansbacon", "userKey": "725157", "userEntryCount": 1, "userEntryIndex": 1, "timeRemaining": 0, "timeRemainingUnit": "PMR", "maxTimeRemaining": 1200, "timeRemainingOpponent": 102.06, "rank": 1, "fantasyPoints": 248.18, "fantasyPointsOpponent": 195.68, "userNameOpponent": "jecl2772", "winningValue": 0}, {"draftGroupId": 37605, "contestKey": "90115471", "entryKey": "2161569277", "lineupId": 2562533306, "userName": "jecl2772", "userKey": "682096", "userEntryCount": 1, "userEntryIndex": 1, "timeRemaining": 102.06, "timeRemainingUnit": "PMR", "maxTimeRemaining": 1200, "timeRemainingOpponent": 0, "rank": 2, "fantasyPoints": 195.68, "fantasyPointsOpponent": 248.18, "userNameOpponent": "sansbacon", "winningValue": 0}, {"draftGroupId": 37605, "contestKey": "90115471", "entryKey": "2161569299", "lineupId": 2562533307, "userName": "may3vp", "userKey": "417144", "userEntryCount": 1, "userEntryIndex": 1, "timeRemaining": 222.06, "timeRemainingUnit": "PMR", "maxTimeRemaining": 1200, "timeRemainingOpponent": 0, "rank": 3, "fantasyPoints": 135.6, "fantasyPointsOpponent": 248.18, "userNameOpponent": "sansbacon", "winningValue": 0}]}