{"Leader": {"MegaDraftGroupId": 1, "MegaContestKey": "90115471", "MegaEntryKey": "2161577310", "UserName": "sansbacon", "UserKey": "725157", "UserMegaEntryCount": 0, "UserMegaEntryIndex": 0, "TimeRemainingOpponent": 0, "Rank": 1, "FantasyPoints": 1127.92, "FantasyPointsOpponent": 986.48, "RankScore": 0, "RankScoreOpponent": 0, "UserNameOpponent": "jecl2772", "WinningValue": 2.7, "Winnings": [{"value": 2.7, "description": "Cash"}], "UpdateStatus": {"lastUpdateTime": "2020-10-15T14:12:54.8672174+00:00"}}, "LastWinningMegaEntry": {"MegaDraftGroupId": 1, "MegaContestKey": "90115471", "MegaEntryKey": "2161577310", "UserName": "sansbacon", "UserKey": "725157", "UserMegaEntryCount": 0, "UserMegaEntryIndex": 0, "TimeRemainingOpponent": 0, "Rank": 1, "FantasyPoints": 1127.92, "FantasyPointsOpponent": 986.48, "RankScore": 0, "RankScoreOpponent": 0, "UserNameOpponent": "jecl2772", "WinningValue": 2.7, "Winnings": [{"value": 2.7, "description": "Cash"}], "UpdateStatus": {"lastUpdateTime": "2020-10-15T14:12:54.8672174+00:00"}}, "Leaderboard": [{"MegaDraftGroupId": 1, "MegaContestKey": "90115471", "MegaEntryKey": "2161577310", "UserName": "sansbacon", "UserKey": "725157", "UserMegaEntryCount": 0, "UserMegaEntryIndex": 0, "TimeRemainingOpponent": 0, "Rank": 1, "FantasyPoints": 1127.92, "FantasyPointsOpponent": 986.48, "RankScore": 0, "RankScoreOpponent": 0, "UserNameOpponent": "jecl2772", "WinningValue": 2.7, "Winnings": [{"value": 2.7, "description": "Cash"}], "UpdateStatus": {"lastUpdateTime": "2020-10-15T14:12:54.8672174+00:00"}}, {"MegaDraftGroupId": 1, "MegaContestKey": "90115471", "MegaEntryKey": "2161569277", "UserName": "jecl2772", "UserKey": "682096", "UserMegaEntryCount": 0, "UserMegaEntryIndex": 0, "TimeRemainingOpponent": 0, "Rank": 2, "FantasyPoints": 986.48, "FantasyPointsOpponent": 1127.92, "RankScore": 0, "RankScoreOpponent": 0, "UserNameOpponent": "sansbacon", "WinningValue": 0, "UpdateStatus": {"lastUpdateTime": "2020-10-15T14:12:54.8687802+00:00"}}, {"MegaDraftGroupId": 1, "MegaContestKey": "90115471", "MegaEntryKey": "2161569299", "UserName": "may3vp", "UserKey": "417144", "UserMegaEntryCount": 0, "UserMegaEntryIndex": 0, "TimeRemainingOpponent": 0, "Rank": 3, "FantasyPoints": 863.56, "FantasyPointsOpponent": 1127.92, "RankScore": 0, "RankScoreOpponent": 0, "UserNameOpponent": "sansbacon", "WinningValue": 0, "UpdateStatus": {"lastUpdateTime": "2020-10-15T14:12:54.8666314+00:00"}}], "UpdateStatus": {"lastUpdateTime": "2020-10-15T14:12:54.8690980+00:00"}}