{"href": "/scores/v1/contests/90115082/", "contestKey": "90115082", "leader": {"draftGroupId": 37605, "contestKey": "90115082", "entryKey": "2161563740", "lineupId": 2562518970, "userName": "Hunteezee", "userKey": "6579717", "userEntryCount": 1, "userEntryIndex": 1, "timeRemaining": 60, "timeRemainingUnit": "PMR", "maxTimeRemaining": 1200, "timeRemainingOpponent": 141.03, "rank": 1, "fantasyPoints": 234.48, "fantasyPointsOpponent": 192.8, "userNameOpponent": "adamsapp", "winningValue": 0}, "leaderBoard": [{"draftGroupId": 37605, "contestKey": "90115082", "entryKey": "2161563740", "lineupId": 2562518970, "userName": "Hunteezee", "userKey": "6579717", "userEntryCount": 1, "userEntryIndex": 1, "timeRemaining": 60, "timeRemainingUnit": "PMR", "maxTimeRemaining": 1200, "timeRemainingOpponent": 141.03, "rank": 1, "fantasyPoints": 234.48, "fantasyPointsOpponent": 192.8, "userNameOpponent": "adamsapp", "winningValue": 0}, {"draftGroupId": 37605, "contestKey": "90115082", "entryKey": "2161573998", "lineupId": 2562518971, "userName": "adamsapp", "userKey": "4193491", "userEntryCount": 1, "userEntryIndex": 1, "timeRemaining": 141.03, "timeRemainingUnit": "PMR", "maxTimeRemaining": 1200, "timeRemainingOpponent": 60, "rank": 2, "fantasyPoints": 192.8, "fantasyPointsOpponent": 234.48, "userNameOpponent": "Hunteezee", "winningValue": 0}, {"draftGroupId": 37605, "contestKey": "90115082", "entryKey": "2161549220", "lineupId": 2562518969, "userName": "sansbacon", "userKey": "725157", "userEntryCount": 1, "userEntryIndex": 1, "timeRemaining": 63.09, "timeRemainingUnit": "PMR", "maxTimeRemaining": 1200, "timeRemainingOpponent": 60, "rank": 3, "fantasyPoints": 172.02, "fantasyPointsOpponent": 234.48, "userNameOpponent": "Hunteezee", "winningValue": 0}]}