{"Leader": {"MegaDraftGroupId": 1, "MegaContestKey": "90128078", "MegaEntryKey": "2162046682", "UserName": "Hunteezee", "UserKey": "6579717", "UserMegaEntryCount": 0, "UserMegaEntryIndex": 0, "TimeRemainingOpponent": 0, "Rank": 1, "FantasyPoints": 1049.64, "FantasyPointsOpponent": 1015.06, "RankScore": 0, "RankScoreOpponent": 0, "UserNameOpponent": "rkeener", "WinningValue": 2.7, "Winnings": [{"value": 2.7, "description": "Cash"}], "UpdateStatus": {"lastUpdateTime": "2020-10-15T14:12:55.4063618+00:00"}}, "LastWinningMegaEntry": {"MegaDraftGroupId": 1, "MegaContestKey": "90128078", "MegaEntryKey": "2162046682", "UserName": "Hunteezee", "UserKey": "6579717", "UserMegaEntryCount": 0, "UserMegaEntryIndex": 0, "TimeRemainingOpponent": 0, "Rank": 1, "FantasyPoints": 1049.64, "FantasyPointsOpponent": 1015.06, "RankScore": 0, "RankScoreOpponent": 0, "UserNameOpponent": "rkeener", "WinningValue": 2.7, "Winnings": [{"value": 2.7, "description": "Cash"}], "UpdateStatus": {"lastUpdateTime": "2020-10-15T14:12:55.4063618+00:00"}}, "Leaderboard": [{"MegaDraftGroupId": 1, "MegaContestKey": "90128078", "MegaEntryKey": "2162046682", "UserName": "Hunteezee", "UserKey": "6579717", "UserMegaEntryCount": 0, "UserMegaEntryIndex": 0, "TimeRemainingOpponent": 0, "Rank": 1, "FantasyPoints": 1049.64, "FantasyPointsOpponent": 1015.06, "RankScore": 0, "RankScoreOpponent": 0, "UserNameOpponent": "rkeener", "WinningValue": 2.7, "Winnings": [{"value": 2.7, "description": "Cash"}], "UpdateStatus": {"lastUpdateTime": "2020-10-15T14:12:55.4063618+00:00"}}, {"MegaDraftGroupId": 1, "MegaContestKey": "90128078", "MegaEntryKey": "2162056543", "UserName": "rkeener", "UserKey": "4532845", "UserMegaEntryCount": 0, "UserMegaEntryIndex": 0, "TimeRemainingOpponent": 0, "Rank": 2, "FantasyPoints": 1015.06, "FantasyPointsOpponent": 1049.64, "RankScore": 0, "RankScoreOpponent": 0, "UserNameOpponent": "Hunteezee", "WinningValue": 0, "UpdateStatus": {"lastUpdateTime": "2020-10-15T14:12:55.4045147+00:00"}}, {"MegaDraftGroupId": 1, "MegaContestKey": "90128078", "MegaEntryKey": "2162047622", "UserName": "sansbacon", "UserKey": "725157", "UserMegaEntryCount": 0, "UserMegaEntryIndex": 0, "TimeRemainingOpponent": 0, "Rank": 3, "FantasyPoints": 1000.08, "FantasyPointsOpponent": 1049.64, "RankScore": 0, "RankScoreOpponent": 0, "UserNameOpponent": "Hunteezee", "WinningValue": 0, "UpdateStatus": {"lastUpdateTime": "2020-10-15T14:12:55.4062158+00:00"}}], "UpdateStatus": {"lastUpdateTime": "2020-10-15T14:12:55.4084418+00:00"}}