{"href": "/scores/v1/contests/90128078/", "contestKey": "90128078", "leader": {"draftGroupId": 37605, "contestKey": "90128078", "entryKey": "2162046682", "lineupId": 2562935504, "userName": "Hunteezee", "userKey": "6579717", "userEntryCount": 1, "userEntryIndex": 1, "timeRemaining": 21.03, "timeRemainingUnit": "PMR", "maxTimeRemaining": 1200, "timeRemainingOpponent": 60, "rank": 1, "fantasyPoints": 233.78, "fantasyPointsOpponent": 200, "userNameOpponent": "rkeener", "winningValue": 0}, "leaderBoard": [{"draftGroupId": 37605, "contestKey": "90128078", "entryKey": "2162046682", "lineupId": 2562935504, "userName": "Hunteezee", "userKey": "6579717", "userEntryCount": 1, "userEntryIndex": 1, "timeRemaining": 21.03, "timeRemainingUnit": "PMR", "maxTimeRemaining": 1200, "timeRemainingOpponent": 60, "rank": 1, "fantasyPoints": 233.78, "fantasyPointsOpponent": 200, "userNameOpponent": "rkeener", "winningValue": 0}, {"draftGroupId": 37605, "contestKey": "90128078", "entryKey": "2162056543", "lineupId": 2562935506, "userName": "rkeener", "userKey": "4532845", "userEntryCount": 1, "userEntryIndex": 1, "timeRemaining": 60, "timeRemainingUnit": "PMR", "maxTimeRemaining": 1200, "timeRemainingOpponent": 21.03, "rank": 2, "fantasyPoints": 200, "fantasyPointsOpponent": 233.78, "userNameOpponent": "Hunteezee", "winningValue": 0}, {"draftGroupId": 37605, "contestKey": "90128078", "entryKey": "2162047622", "lineupId": 2562935505, "userName": "sansbacon", "userKey": "725157", "userEntryCount": 1, "userEntryIndex": 1, "timeRemaining": 123.09, "timeRemainingUnit": "PMR", "maxTimeRemaining": 1200, "timeRemainingOpponent": 21.03, "rank": 3, "fantasyPoints": 172.1, "fantasyPointsOpponent": 233.78, "userNameOpponent": "Hunteezee", "winningValue": 0}]}