{"Leader": {"MegaDraftGroupId": 1, "MegaContestKey": "90147791", "MegaEntryKey": "2162677425", "UserName": "sansbacon", "UserKey": "725157", "UserMegaEntryCount": 0, "UserMegaEntryIndex": 0, "TimeRemainingOpponent": 0, "Rank": 1, "FantasyPoints": 1057.76, "FantasyPointsOpponent": 1001.4, "RankScore": 0, "RankScoreOpponent": 0, "UserNameOpponent": "Hintz23", "WinningValue": 2.7, "Winnings": [{"value": 2.7, "description": "Cash"}], "UpdateStatus": {"lastUpdateTime": "2020-10-15T14:12:55.0278081+00:00"}}, "LastWinningMegaEntry": {"MegaDraftGroupId": 1, "MegaContestKey": "90147791", "MegaEntryKey": "2162677425", "UserName": "sansbacon", "UserKey": "725157", "UserMegaEntryCount": 0, "UserMegaEntryIndex": 0, "TimeRemainingOpponent": 0, "Rank": 1, "FantasyPoints": 1057.76, "FantasyPointsOpponent": 1001.4, "RankScore": 0, "RankScoreOpponent": 0, "UserNameOpponent": "Hintz23", "WinningValue": 2.7, "Winnings": [{"value": 2.7, "description": "Cash"}], "UpdateStatus": {"lastUpdateTime": "2020-10-15T14:12:55.0278081+00:00"}}, "Leaderboard": [{"MegaDraftGroupId": 1, "MegaContestKey": "90147791", "MegaEntryKey": "2162677425", "UserName": "sansbacon", "UserKey": "725157", "UserMegaEntryCount": 0, "UserMegaEntryIndex": 0, "TimeRemainingOpponent": 0, "Rank": 1, "FantasyPoints": 1057.76, "FantasyPointsOpponent": 1001.4, "RankScore": 0, "RankScoreOpponent": 0, "UserNameOpponent": "Hintz23", "WinningValue": 2.7, "Winnings": [{"value": 2.7, "description": "Cash"}], "UpdateStatus": {"lastUpdateTime": "2020-10-15T14:12:55.0278081+00:00"}}, {"MegaDraftGroupId": 1, "MegaContestKey": "90147791", "MegaEntryKey": "2162677713", "UserName": "Hintz23", "UserKey": "3798420", "UserMegaEntryCount": 0, "UserMegaEntryIndex": 0, "TimeRemainingOpponent": 0, "Rank": 2, "FantasyPoints": 1001.4, "FantasyPointsOpponent": 1057.76, "RankScore": 0, "RankScoreOpponent": 0, "UserNameOpponent": "sansbacon", "WinningValue": 0, "UpdateStatus": {"lastUpdateTime": "2020-10-15T14:12:55.0246620+00:00"}}, {"MegaDraftGroupId": 1, "MegaContestKey": "90147791", "MegaEntryKey": "2162685757", "UserName": "BoogerHoller", "UserKey": "8453104", "UserMegaEntryCount": 0, "UserMegaEntryIndex": 0, "TimeRemainingOpponent": 0, "Rank": 3, "FantasyPoints": 983.78, "FantasyPointsOpponent": 1057.76, "RankScore": 0, "RankScoreOpponent": 0, "UserNameOpponent": "sansbacon", "WinningValue": 0, "UpdateStatus": {"lastUpdateTime": "2020-10-15T14:12:55.0221338+00:00"}}], "UpdateStatus": {"lastUpdateTime": "2020-10-15T14:12:55.0281821+00:00"}}