{"href": "/scores/v1/contests/90147791/", "contestKey": "90147791", "leader": {"draftGroupId": 37605, "contestKey": "90147791", "entryKey": "2162677425", "lineupId": 2563509298, "userName": "sansbacon", "userKey": "725157", "userEntryCount": 1, "userEntryIndex": 1, "timeRemaining": 0, "timeRemainingUnit": "PMR", "maxTimeRemaining": 1200, "timeRemainingOpponent": 102.06, "rank": 1, "fantasyPoints": 245, "fantasyPointsOpponent": 184.9, "userNameOpponent": "BoogerHoller", "winningValue": 0}, "leaderBoard": [{"draftGroupId": 37605, "contestKey": "90147791", "entryKey": "2162677425", "lineupId": 2563509298, "userName": "sansbacon", "userKey": "725157", "userEntryCount": 1, "userEntryIndex": 1, "timeRemaining": 0, "timeRemainingUnit": "PMR", "maxTimeRemaining": 1200, "timeRemainingOpponent": 102.06, "rank": 1, "fantasyPoints": 245, "fantasyPointsOpponent": 184.9, "userNameOpponent": "BoogerHoller", "winningValue": 0}, {"draftGroupId": 37605, "contestKey": "90147791", "entryKey": "2162685757", "lineupId": 2563509300, "userName": "BoogerHoller", "userKey": "8453104", "userEntryCount": 1, "userEntryIndex": 1, "timeRemaining": 102.06, "timeRemainingUnit": "PMR", "maxTimeRemaining": 1200, "timeRemainingOpponent": 0, "rank": 2, "fantasyPoints": 184.9, "fantasyPointsOpponent": 245, "userNameOpponent": "sansbacon", "winningValue": 0}, {"draftGroupId": 37605, "contestKey": "90147791", "entryKey": "2162677713", "lineupId": 2563509299, "userName": "Hintz23", "userKey": "3798420", "userEntryCount": 1, "userEntryIndex": 1, "timeRemaining": 162.06, "timeRemainingUnit": "PMR", "maxTimeRemaining": 1200, "timeRemainingOpponent": 0, "rank": 3, "fantasyPoints": 182.28, "fantasyPointsOpponent": 245, "userNameOpponent": "sansbacon", "winningValue": 0}]}