{"href": "/scores/v1/contests/90159251/", "contestKey": "90159251", "leader": {"draftGroupId": 37605, "contestKey": "90159251", "entryKey": "2162971336", "lineupId": 2563815052, "userName": "timkolnitys", "userKey": "783203", "userEntryCount": 1, "userEntryIndex": 1, "timeRemaining": 81.03, "timeRemainingUnit": "PMR", "maxTimeRemaining": 1200, "timeRemainingOpponent": 81.03, "rank": 1, "fantasyPoints": 210.86, "fantasyPointsOpponent": 210.18, "userNameOpponent": "bsav", "winningValue": 0}, "leaderBoard": [{"draftGroupId": 37605, "contestKey": "90159251", "entryKey": "2162971336", "lineupId": 2563815052, "userName": "timkolnitys", "userKey": "783203", "userEntryCount": 1, "userEntryIndex": 1, "timeRemaining": 81.03, "timeRemainingUnit": "PMR", "maxTimeRemaining": 1200, "timeRemainingOpponent": 81.03, "rank": 1, "fantasyPoints": 210.86, "fantasyPointsOpponent": 210.18, "userNameOpponent": "bsav", "winningValue": 0}, {"draftGroupId": 37605, "contestKey": "90159251", "entryKey": "2162991063", "lineupId": 2563815053, "userName": "bsav", "userKey": "571316", "userEntryCount": 1, "userEntryIndex": 1, "timeRemaining": 81.03, "timeRemainingUnit": "PMR", "maxTimeRemaining": 1200, "timeRemainingOpponent": 81.03, "rank": 2, "fantasyPoints": 210.18, "fantasyPointsOpponent": 210.86, "userNameOpponent": "timkolnitys", "winningValue": 0}, {"draftGroupId": 37605, "contestKey": "90159251", "entryKey": "2162995075", "lineupId": 2563815054, "userName": "sansbacon", "userKey": "725157", "userEntryCount": 1, "userEntryIndex": 1, "timeRemaining": 102.06, "timeRemainingUnit": "PMR", "maxTimeRemaining": 1200, "timeRemainingOpponent": 81.03, "rank": 3, "fantasyPoints": 195.4, "fantasyPointsOpponent": 210.86, "userNameOpponent": "timkolnitys", "winningValue": 0}]}