{"Leader": {"MegaDraftGroupId": 1, "MegaContestKey": "90159251", "MegaEntryKey": "2162995075", "UserName": "sansbacon", "UserKey": "725157", "UserMegaEntryCount": 0, "UserMegaEntryIndex": 0, "TimeRemainingOpponent": 0, "Rank": 1, "FantasyPoints": 1086.66, "FantasyPointsOpponent": 968.94, "RankScore": 0, "RankScoreOpponent": 0, "UserNameOpponent": "bsav", "WinningValue": 2.7, "Winnings": [{"value": 2.7, "description": "Cash"}], "UpdateStatus": {"lastUpdateTime": "2020-10-15T14:12:55.5107893+00:00"}}, "LastWinningMegaEntry": {"MegaDraftGroupId": 1, "MegaContestKey": "90159251", "MegaEntryKey": "2162995075", "UserName": "sansbacon", "UserKey": "725157", "UserMegaEntryCount": 0, "UserMegaEntryIndex": 0, "TimeRemainingOpponent": 0, "Rank": 1, "FantasyPoints": 1086.66, "FantasyPointsOpponent": 968.94, "RankScore": 0, "RankScoreOpponent": 0, "UserNameOpponent": "bsav", "WinningValue": 2.7, "Winnings": [{"value": 2.7, "description": "Cash"}], "UpdateStatus": {"lastUpdateTime": "2020-10-15T14:12:55.5107893+00:00"}}, "Leaderboard": [{"MegaDraftGroupId": 1, "MegaContestKey": "90159251", "MegaEntryKey": "2162995075", "UserName": "sansbacon", "UserKey": "725157", "UserMegaEntryCount": 0, "UserMegaEntryIndex": 0, "TimeRemainingOpponent": 0, "Rank": 1, "FantasyPoints": 1086.66, "FantasyPointsOpponent": 968.94, "RankScore": 0, "RankScoreOpponent": 0, "UserNameOpponent": "bsav", "WinningValue": 2.7, "Winnings": [{"value": 2.7, "description": "Cash"}], "UpdateStatus": {"lastUpdateTime": "2020-10-15T14:12:55.5107893+00:00"}}, {"MegaDraftGroupId": 1, "MegaContestKey": "90159251", "MegaEntryKey": "2162991063", "UserName": "bsav", "UserKey": "571316", "UserMegaEntryCount": 0, "UserMegaEntryIndex": 0, "TimeRemainingOpponent": 0, "Rank": 2, "FantasyPoints": 968.94, "FantasyPointsOpponent": 1086.66, "RankScore": 0, "RankScoreOpponent": 0, "UserNameOpponent": "sansbacon", "WinningValue": 0, "UpdateStatus": {"lastUpdateTime": "2020-10-15T14:12:55.4963877+00:00"}}, {"MegaDraftGroupId": 1, "MegaContestKey": "90159251", "MegaEntryKey": "2162971336", "UserName": "timkolnitys", "UserKey": "783203", "UserMegaEntryCount": 0, "UserMegaEntryIndex": 0, "TimeRemainingOpponent": 0, "Rank": 3, "FantasyPoints": 961.98, "FantasyPointsOpponent": 1086.66, "RankScore": 0, "RankScoreOpponent": 0, "UserNameOpponent": "sansbacon", "WinningValue": 0, "UpdateStatus": {"lastUpdateTime": "2020-10-15T14:12:55.4971628+00:00"}}], "UpdateStatus": {"lastUpdateTime": "2020-10-15T14:12:55.5207750+00:00"}}