{"Leader": {"MegaDraftGroupId": 1, "MegaContestKey": "90169554", "MegaEntryKey": "2163262754", "UserName": "sansbacon", "UserKey": "725157", "UserMegaEntryCount": 0, "UserMegaEntryIndex": 0, "TimeRemainingOpponent": 0, "Rank": 1, "FantasyPoints": 1104.9, "FantasyPointsOpponent": 999.46, "RankScore": 0, "RankScoreOpponent": 0, "UserNameOpponent": "advazjr", "WinningValue": 2.7, "Winnings": [{"value": 2.7, "description": "Cash"}], "UpdateStatus": {"lastUpdateTime": "2020-10-15T14:12:54.9868320+00:00"}}, "LastWinningMegaEntry": {"MegaDraftGroupId": 1, "MegaContestKey": "90169554", "MegaEntryKey": "2163262754", "UserName": "sansbacon", "UserKey": "725157", "UserMegaEntryCount": 0, "UserMegaEntryIndex": 0, "TimeRemainingOpponent": 0, "Rank": 1, "FantasyPoints": 1104.9, "FantasyPointsOpponent": 999.46, "RankScore": 0, "RankScoreOpponent": 0, "UserNameOpponent": "advazjr", "WinningValue": 2.7, "Winnings": [{"value": 2.7, "description": "Cash"}], "UpdateStatus": {"lastUpdateTime": "2020-10-15T14:12:54.9868320+00:00"}}, "Leaderboard": [{"MegaDraftGroupId": 1, "MegaContestKey": "90169554", "MegaEntryKey": "2163262754", "UserName": "sansbacon", "UserKey": "725157", "UserMegaEntryCount": 0, "UserMegaEntryIndex": 0, "TimeRemainingOpponent": 0, "Rank": 1, "FantasyPoints": 1104.9, "FantasyPointsOpponent": 999.46, "RankScore": 0, "RankScoreOpponent": 0, "UserNameOpponent": "advazjr", "WinningValue": 2.7, "Winnings": [{"value": 2.7, "description": "Cash"}], "UpdateStatus": {"lastUpdateTime": "2020-10-15T14:12:54.9868320+00:00"}}, {"MegaDraftGroupId": 1, "MegaContestKey": "90169554", "MegaEntryKey": "2163253635", "UserName": "advazjr", "UserKey": "11200627", "UserMegaEntryCount": 0, "UserMegaEntryIndex": 0, "TimeRemainingOpponent": 0, "Rank": 2, "FantasyPoints": 999.46, "FantasyPointsOpponent": 1104.9, "RankScore": 0, "RankScoreOpponent": 0, "UserNameOpponent": "sansbacon", "WinningValue": 0, "UpdateStatus": {"lastUpdateTime": "2020-10-15T14:12:54.9875706+00:00"}}, {"MegaDraftGroupId": 1, "MegaContestKey": "90169554", "MegaEntryKey": "2163263339", "UserName": "oldmaster", "UserKey": "12541832", "UserMegaEntryCount": 0, "UserMegaEntryIndex": 0, "TimeRemainingOpponent": 0, "Rank": 3, "FantasyPoints": 957.34, "FantasyPointsOpponent": 1104.9, "RankScore": 0, "RankScoreOpponent": 0, "UserNameOpponent": "sansbacon", "WinningValue": 0, "UpdateStatus": {"lastUpdateTime": "2020-10-15T14:12:54.9863178+00:00"}}], "UpdateStatus": {"lastUpdateTime": "2020-10-15T14:12:54.9898991+00:00"}}