{"Leader": {"MegaDraftGroupId": 1, "MegaContestKey": "90160236", "MegaEntryKey": "2163028603", "UserName": "sansbacon", "UserKey": "725157", "UserMegaEntryCount": 0, "UserMegaEntryIndex": 0, "TimeRemainingOpponent": 0, "Rank": 1, "FantasyPoints": 1065.56, "FantasyPointsOpponent": 988.68, "RankScore": 0, "RankScoreOpponent": 0, "UserNameOpponent": "jecl2772", "WinningValue": 2.7, "Winnings": [{"value": 2.7, "description": "Cash"}], "UpdateStatus": {"lastUpdateTime": "2020-10-15T14:12:55.5770435+00:00"}}, "LastWinningMegaEntry": {"MegaDraftGroupId": 1, "MegaContestKey": "90160236", "MegaEntryKey": "2163028603", "UserName": "sansbacon", "UserKey": "725157", "UserMegaEntryCount": 0, "UserMegaEntryIndex": 0, "TimeRemainingOpponent": 0, "Rank": 1, "FantasyPoints": 1065.56, "FantasyPointsOpponent": 988.68, "RankScore": 0, "RankScoreOpponent": 0, "UserNameOpponent": "jecl2772", "WinningValue": 2.7, "Winnings": [{"value": 2.7, "description": "Cash"}], "UpdateStatus": {"lastUpdateTime": "2020-10-15T14:12:55.5770435+00:00"}}, "Leaderboard": [{"MegaDraftGroupId": 1, "MegaContestKey": "90160236", "MegaEntryKey": "2163028603", "UserName": "sansbacon", "UserKey": "725157", "UserMegaEntryCount": 0, "UserMegaEntryIndex": 0, "TimeRemainingOpponent": 0, "Rank": 1, "FantasyPoints": 1065.56, "FantasyPointsOpponent": 988.68, "RankScore": 0, "RankScoreOpponent": 0, "UserNameOpponent": "jecl2772", "WinningValue": 2.7, "Winnings": [{"value": 2.7, "description": "Cash"}], "UpdateStatus": {"lastUpdateTime": "2020-10-15T14:12:55.5770435+00:00"}}, {"MegaDraftGroupId": 1, "MegaContestKey": "90160236", "MegaEntryKey": "2163011102", "UserName": "jecl2772", "UserKey": "682096", "UserMegaEntryCount": 0, "UserMegaEntryIndex": 0, "TimeRemainingOpponent": 0, "Rank": 2, "FantasyPoints": 988.68, "FantasyPointsOpponent": 1065.56, "RankScore": 0, "RankScoreOpponent": 0, "UserNameOpponent": "sansbacon", "WinningValue": 0, "UpdateStatus": {"lastUpdateTime": "2020-10-15T14:12:55.5863889+00:00"}}, {"MegaDraftGroupId": 1, "MegaContestKey": "90160236", "MegaEntryKey": "2163012330", "UserName": "superdave235", "UserKey": "732178", "UserMegaEntryCount": 0, "UserMegaEntryIndex": 0, "TimeRemainingOpponent": 0, "Rank": 3, "FantasyPoints": 962.66, "FantasyPointsOpponent": 1065.56, "RankScore": 0, "RankScoreOpponent": 0, "UserNameOpponent": "sansbacon", "WinningValue": 0, "UpdateStatus": {"lastUpdateTime": "2020-10-15T14:12:55.5765374+00:00"}}], "UpdateStatus": {"lastUpdateTime": "2020-10-15T14:12:55.5918952+00:00"}}