{"Leader": {"MegaDraftGroupId": 1, "MegaContestKey": "90160398", "MegaEntryKey": "2163032815", "UserName": "sansbacon", "UserKey": "725157", "UserMegaEntryCount": 0, "UserMegaEntryIndex": 0, "TimeRemainingOpponent": 0, "Rank": 1, "FantasyPoints": 1047.02, "FantasyPointsOpponent": 1006.06, "RankScore": 0, "RankScoreOpponent": 0, "UserNameOpponent": "JMBucs", "WinningValue": 2.7, "Winnings": [{"value": 2.7, "description": "Cash"}], "UpdateStatus": {"lastUpdateTime": "2020-10-15T14:12:55.5951015+00:00"}}, "LastWinningMegaEntry": {"MegaDraftGroupId": 1, "MegaContestKey": "90160398", "MegaEntryKey": "2163032815", "UserName": "sansbacon", "UserKey": "725157", "UserMegaEntryCount": 0, "UserMegaEntryIndex": 0, "TimeRemainingOpponent": 0, "Rank": 1, "FantasyPoints": 1047.02, "FantasyPointsOpponent": 1006.06, "RankScore": 0, "RankScoreOpponent": 0, "UserNameOpponent": "JMBucs", "WinningValue": 2.7, "Winnings": [{"value": 2.7, "description": "Cash"}], "UpdateStatus": {"lastUpdateTime": "2020-10-15T14:12:55.5951015+00:00"}}, "Leaderboard": [{"MegaDraftGroupId": 1, "MegaContestKey": "90160398", "MegaEntryKey": "2163032815", "UserName": "sansbacon", "UserKey": "725157", "UserMegaEntryCount": 0, "UserMegaEntryIndex": 0, "TimeRemainingOpponent": 0, "Rank": 1, "FantasyPoints": 1047.02, "FantasyPointsOpponent": 1006.06, "RankScore": 0, "RankScoreOpponent": 0, "UserNameOpponent": "JMBucs", "WinningValue": 2.7, "Winnings": [{"value": 2.7, "description": "Cash"}], "UpdateStatus": {"lastUpdateTime": "2020-10-15T14:12:55.5951015+00:00"}}, {"MegaDraftGroupId": 1, "MegaContestKey": "90160398", "MegaEntryKey": "2163032848", "UserName": "JMBucs", "UserKey": "9789075", "UserMegaEntryCount": 0, "UserMegaEntryIndex": 0, "TimeRemainingOpponent": 0, "Rank": 2, "FantasyPoints": 1006.06, "FantasyPointsOpponent": 1047.02, "RankScore": 0, "RankScoreOpponent": 0, "UserNameOpponent": "sansbacon", "WinningValue": 0, "UpdateStatus": {"lastUpdateTime": "2020-10-15T14:12:55.5941320+00:00"}}, {"MegaDraftGroupId": 1, "MegaContestKey": "90160398", "MegaEntryKey": "2163032726", "UserName": "steelerguy69", "UserKey": "8740005", "UserMegaEntryCount": 0, "UserMegaEntryIndex": 0, "TimeRemainingOpponent": 0, "Rank": 3, "FantasyPoints": 985.24, "FantasyPointsOpponent": 1047.02, "RankScore": 0, "RankScoreOpponent": 0, "UserNameOpponent": "sansbacon", "WinningValue": 0, "UpdateStatus": {"lastUpdateTime": "2020-10-15T14:12:55.5865077+00:00"}}], "UpdateStatus": {"lastUpdateTime": "2020-10-15T14:12:55.5954697+00:00"}}