{"href": "/scores/v1/contests/90167976/", "contestKey": "90167976", "leader": {"draftGroupId": 37605, "contestKey": "90167976", "entryKey": "2163248940", "lineupId": 2564169327, "userName": "sansbacon", "userKey": "725157", "userEntryCount": 1, "userEntryIndex": 1, "timeRemaining": 42.06, "timeRemainingUnit": "PMR", "maxTimeRemaining": 1200, "timeRemainingOpponent": 81.03, "rank": 1, "fantasyPoints": 246.2, "fantasyPointsOpponent": 207.18, "userNameOpponent": "schaad11", "winningValue": 0}, "leaderBoard": [{"draftGroupId": 37605, "contestKey": "90167976", "entryKey": "2163248940", "lineupId": 2564169327, "userName": "sansbacon", "userKey": "725157", "userEntryCount": 1, "userEntryIndex": 1, "timeRemaining": 42.06, "timeRemainingUnit": "PMR", "maxTimeRemaining": 1200, "timeRemainingOpponent": 81.03, "rank": 1, "fantasyPoints": 246.2, "fantasyPointsOpponent": 207.18, "userNameOpponent": "schaad11", "winningValue": 0}, {"draftGroupId": 37605, "contestKey": "90167976", "entryKey": "2163258079", "lineupId": 2564169328, "userName": "schaad11", "userKey": "3791513", "userEntryCount": 1, "userEntryIndex": 1, "timeRemaining": 81.03, "timeRemainingUnit": "PMR", "maxTimeRemaining": 1200, "timeRemainingOpponent": 42.06, "rank": 2, "fantasyPoints": 207.18, "fantasyPointsOpponent": 246.2, "userNameOpponent": "sansbacon", "winningValue": 0}, {"draftGroupId": 37605, "contestKey": "90167976", "entryKey": "2163240286", "lineupId": 2564169326, "userName": "JN123easy", "userKey": "1153206", "userEntryCount": 1, "userEntryIndex": 1, "timeRemaining": 102.06, "timeRemainingUnit": "PMR", "maxTimeRemaining": 1200, "timeRemainingOpponent": 42.06, "rank": 3, "fantasyPoints": 111.32, "fantasyPointsOpponent": 246.2, "userNameOpponent": "sansbacon", "winningValue": 0}]}