{"href": "/scores/v1/contests/90160236/", "contestKey": "90160236", "leader": {"draftGroupId": 37605, "contestKey": "90160236", "entryKey": "2163028603", "lineupId": 2563842719, "userName": "sansbacon", "userKey": "725157", "userEntryCount": 1, "userEntryIndex": 1, "timeRemaining": 141.03, "timeRemainingUnit": "PMR", "maxTimeRemaining": 1200, "timeRemainingOpponent": 201.03, "rank": 1, "fantasyPoints": 224.76, "fantasyPointsOpponent": 194.2, "userNameOpponent": "superdave235", "winningValue": 0}, "leaderBoard": [{"draftGroupId": 37605, "contestKey": "90160236", "entryKey": "2163028603", "lineupId": 2563842719, "userName": "sansbacon", "userKey": "725157", "userEntryCount": 1, "userEntryIndex": 1, "timeRemaining": 141.03, "timeRemainingUnit": "PMR", "maxTimeRemaining": 1200, "timeRemainingOpponent": 201.03, "rank": 1, "fantasyPoints": 224.76, "fantasyPointsOpponent": 194.2, "userNameOpponent": "superdave235", "winningValue": 0}, {"draftGroupId": 37605, "contestKey": "90160236", "entryKey": "2163012330", "lineupId": 2563842718, "userName": "superdave235", "userKey": "732178", "userEntryCount": 1, "userEntryIndex": 1, "timeRemaining": 201.03, "timeRemainingUnit": "PMR", "maxTimeRemaining": 1200, "timeRemainingOpponent": 141.03, "rank": 2, "fantasyPoints": 194.2, "fantasyPointsOpponent": 224.76, "userNameOpponent": "sansbacon", "winningValue": 0}, {"draftGroupId": 37605, "contestKey": "90160236", "entryKey": "2163011102", "lineupId": 2563842717, "userName": "jecl2772", "userKey": "682096", "userEntryCount": 1, "userEntryIndex": 1, "timeRemaining": 21.03, "timeRemainingUnit": "PMR", "maxTimeRemaining": 1200, "timeRemainingOpponent": 141.03, "rank": 3, "fantasyPoints": 174.48, "fantasyPointsOpponent": 224.76, "userNameOpponent": "sansbacon", "winningValue": 0}]}