{"href": "/scores/v1/contests/90169554/", "contestKey": "90169554", "leader": {"draftGroupId": 37605, "contestKey": "90169554", "entryKey": "2163253635", "lineupId": 2564193265, "userName": "advazjr", "userKey": "11200627", "userEntryCount": 1, "userEntryIndex": 1, "timeRemaining": 81.12, "timeRemainingUnit": "PMR", "maxTimeRemaining": 1200, "timeRemainingOpponent": 102.24, "rank": 1, "fantasyPoints": 204.9, "fantasyPointsOpponent": 200.9, "userNameOpponent": "sansbacon", "winningValue": 0}, "leaderBoard": [{"draftGroupId": 37605, "contestKey": "90169554", "entryKey": "2163253635", "lineupId": 2564193265, "userName": "advazjr", "userKey": "11200627", "userEntryCount": 1, "userEntryIndex": 1, "timeRemaining": 81.12, "timeRemainingUnit": "PMR", "maxTimeRemaining": 1200, "timeRemainingOpponent": 102.24, "rank": 1, "fantasyPoints": 204.9, "fantasyPointsOpponent": 200.9, "userNameOpponent": "sansbacon", "winningValue": 0}, {"draftGroupId": 37605, "contestKey": "90169554", "entryKey": "2163262754", "lineupId": 2564193266, "userName": "sansbacon", "userKey": "725157", "userEntryCount": 1, "userEntryIndex": 1, "timeRemaining": 102.24, "timeRemainingUnit": "PMR", "maxTimeRemaining": 1200, "timeRemainingOpponent": 81.12, "rank": 2, "fantasyPoints": 200.9, "fantasyPointsOpponent": 204.9, "userNameOpponent": "advazjr", "winningValue": 0}, {"draftGroupId": 37605, "contestKey": "90169554", "entryKey": "2163263339", "lineupId": 2564193268, "userName": "oldmaster", "userKey": "12541832", "userEntryCount": 1, "userEntryIndex": 1, "timeRemaining": 81.12, "timeRemainingUnit": "PMR", "maxTimeRemaining": 1200, "timeRemainingOpponent": 81.12, "rank": 3, "fantasyPoints": 195.48, "fantasyPointsOpponent": 204.9, "userNameOpponent": "advazjr", "winningValue": 0}]}