{"Leader": {"MegaDraftGroupId": 1, "MegaContestKey": "90167976", "MegaEntryKey": "2163248940", "UserName": "sansbacon", "UserKey": "725157", "UserMegaEntryCount": 0, "UserMegaEntryIndex": 0, "TimeRemainingOpponent": 0, "Rank": 1, "FantasyPoints": 1033.52, "FantasyPointsOpponent": 1010.4, "RankScore": 0, "RankScoreOpponent": 0, "UserNameOpponent": "schaad11", "WinningValue": 2.7, "Winnings": [{"value": 2.7, "description": "Cash"}], "UpdateStatus": {"lastUpdateTime": "2020-10-15T14:12:54.9389117+00:00"}}, "LastWinningMegaEntry": {"MegaDraftGroupId": 1, "MegaContestKey": "90167976", "MegaEntryKey": "2163248940", "UserName": "sansbacon", "UserKey": "725157", "UserMegaEntryCount": 0, "UserMegaEntryIndex": 0, "TimeRemainingOpponent": 0, "Rank": 1, "FantasyPoints": 1033.52, "FantasyPointsOpponent": 1010.4, "RankScore": 0, "RankScoreOpponent": 0, "UserNameOpponent": "schaad11", "WinningValue": 2.7, "Winnings": [{"value": 2.7, "description": "Cash"}], "UpdateStatus": {"lastUpdateTime": "2020-10-15T14:12:54.9389117+00:00"}}, "Leaderboard": [{"MegaDraftGroupId": 1, "MegaContestKey": "90167976", "MegaEntryKey": "2163248940", "UserName": "sansbacon", "UserKey": "725157", "UserMegaEntryCount": 0, "UserMegaEntryIndex": 0, "TimeRemainingOpponent": 0, "Rank": 1, "FantasyPoints": 1033.52, "FantasyPointsOpponent": 1010.4, "RankScore": 0, "RankScoreOpponent": 0, "UserNameOpponent": "schaad11", "WinningValue": 2.7, "Winnings": [{"value": 2.7, "description": "Cash"}], "UpdateStatus": {"lastUpdateTime": "2020-10-15T14:12:54.9389117+00:00"}}, {"MegaDraftGroupId": 1, "MegaContestKey": "90167976", "MegaEntryKey": "2163258079", "UserName": "schaad11", "UserKey": "3791513", "UserMegaEntryCount": 0, "UserMegaEntryIndex": 0, "TimeRemainingOpponent": 0, "Rank": 2, "FantasyPoints": 1010.4, "FantasyPointsOpponent": 1033.52, "RankScore": 0, "RankScoreOpponent": 0, "UserNameOpponent": "sansbacon", "WinningValue": 0, "UpdateStatus": {"lastUpdateTime": "2020-10-15T14:12:54.9368111+00:00"}}, {"MegaDraftGroupId": 1, "MegaContestKey": "90167976", "MegaEntryKey": "2163240286", "UserName": "JN123easy", "UserKey": "1153206", "UserMegaEntryCount": 0, "UserMegaEntryIndex": 0, "TimeRemainingOpponent": 0, "Rank": 3, "FantasyPoints": 918.6, "FantasyPointsOpponent": 1033.52, "RankScore": 0, "RankScoreOpponent": 0, "UserNameOpponent": "sansbacon", "WinningValue": 0, "UpdateStatus": {"lastUpdateTime": "2020-10-15T14:12:54.9393851+00:00"}}], "UpdateStatus": {"lastUpdateTime": "2020-10-15T14:12:54.9672301+00:00"}}