{"href": "/scores/v1/contests/90160398/", "contestKey": "90160398", "leader": {"draftGroupId": 37605, "contestKey": "90160398", "entryKey": "2163032815", "lineupId": 2563866835, "userName": "sansbacon", "userKey": "725157", "userEntryCount": 1, "userEntryIndex": 1, "timeRemaining": 81.03, "timeRemainingUnit": "PMR", "maxTimeRemaining": 1200, "timeRemainingOpponent": 81.03, "rank": 1, "fantasyPoints": 221.6, "fantasyPointsOpponent": 208.08, "userNameOpponent": "steelerguy69", "winningValue": 0}, "leaderBoard": [{"draftGroupId": 37605, "contestKey": "90160398", "entryKey": "2163032815", "lineupId": 2563866835, "userName": "sansbacon", "userKey": "725157", "userEntryCount": 1, "userEntryIndex": 1, "timeRemaining": 81.03, "timeRemainingUnit": "PMR", "maxTimeRemaining": 1200, "timeRemainingOpponent": 81.03, "rank": 1, "fantasyPoints": 221.6, "fantasyPointsOpponent": 208.08, "userNameOpponent": "steelerguy69", "winningValue": 0}, {"draftGroupId": 37605, "contestKey": "90160398", "entryKey": "2163032726", "lineupId": 2563866834, "userName": "steelerguy69", "userKey": "8740005", "userEntryCount": 1, "userEntryIndex": 1, "timeRemaining": 81.03, "timeRemainingUnit": "PMR", "maxTimeRemaining": 1200, "timeRemainingOpponent": 81.03, "rank": 2, "fantasyPoints": 208.08, "fantasyPointsOpponent": 221.6, "userNameOpponent": "sansbacon", "winningValue": 0}, {"draftGroupId": 37605, "contestKey": "90160398", "entryKey": "2163032848", "lineupId": 2563866836, "userName": "JMBucs", "userKey": "9789075", "userEntryCount": 1, "userEntryIndex": 1, "timeRemaining": 102.06, "timeRemainingUnit": "PMR", "maxTimeRemaining": 1200, "timeRemainingOpponent": 81.03, "rank": 3, "fantasyPoints": 165.2, "fantasyPointsOpponent": 221.6, "userNameOpponent": "sansbacon", "winningValue": 0}]}