{"Leader": {"MegaDraftGroupId": 1, "MegaContestKey": "90176353", "MegaEntryKey": "2163411889", "UserName": "sansbacon", "UserKey": "725157", "UserMegaEntryCount": 0, "UserMegaEntryIndex": 0, "TimeRemainingOpponent": 0, "Rank": 1, "FantasyPoints": 1070.84, "FantasyPointsOpponent": 958.22, "RankScore": 0, "RankScoreOpponent": 0, "UserNameOpponent": "fwatcha", "WinningValue": 2.7, "Winnings": [{"value": 2.7, "description": "Cash"}], "UpdateStatus": {"lastUpdateTime": "2020-10-15T14:12:55.3007891+00:00"}}, "LastWinningMegaEntry": {"MegaDraftGroupId": 1, "MegaContestKey": "90176353", "MegaEntryKey": "2163411889", "UserName": "sansbacon", "UserKey": "725157", "UserMegaEntryCount": 0, "UserMegaEntryIndex": 0, "TimeRemainingOpponent": 0, "Rank": 1, "FantasyPoints": 1070.84, "FantasyPointsOpponent": 958.22, "RankScore": 0, "RankScoreOpponent": 0, "UserNameOpponent": "fwatcha", "WinningValue": 2.7, "Winnings": [{"value": 2.7, "description": "Cash"}], "UpdateStatus": {"lastUpdateTime": "2020-10-15T14:12:55.3007891+00:00"}}, "Leaderboard": [{"MegaDraftGroupId": 1, "MegaContestKey": "90176353", "MegaEntryKey": "2163411889", "UserName": "sansbacon", "UserKey": "725157", "UserMegaEntryCount": 0, "UserMegaEntryIndex": 0, "TimeRemainingOpponent": 0, "Rank": 1, "FantasyPoints": 1070.84, "FantasyPointsOpponent": 958.22, "RankScore": 0, "RankScoreOpponent": 0, "UserNameOpponent": "fwatcha", "WinningValue": 2.7, "Winnings": [{"value": 2.7, "description": "Cash"}], "UpdateStatus": {"lastUpdateTime": "2020-10-15T14:12:55.3007891+00:00"}}, {"MegaDraftGroupId": 1, "MegaContestKey": "90176353", "MegaEntryKey": "2163421952", "UserName": "fwatcha", "UserKey": "6724154", "UserMegaEntryCount": 0, "UserMegaEntryIndex": 0, "TimeRemainingOpponent": 0, "Rank": 2, "FantasyPoints": 958.22, "FantasyPointsOpponent": 1070.84, "RankScore": 0, "RankScoreOpponent": 0, "UserNameOpponent": "sansbacon", "WinningValue": 0, "UpdateStatus": {"lastUpdateTime": "2020-10-15T14:12:55.3023489+00:00"}}, {"MegaDraftGroupId": 1, "MegaContestKey": "90176353", "MegaEntryKey": "2163429052", "UserName": "20ejw20", "UserKey": "6077931", "UserMegaEntryCount": 0, "UserMegaEntryIndex": 0, "TimeRemainingOpponent": 0, "Rank": 3, "FantasyPoints": 957.3, "FantasyPointsOpponent": 1070.84, "RankScore": 0, "RankScoreOpponent": 0, "UserNameOpponent": "sansbacon", "WinningValue": 0, "UpdateStatus": {"lastUpdateTime": "2020-10-15T14:12:55.3109275+00:00"}}], "UpdateStatus": {"lastUpdateTime": "2020-10-15T14:12:55.3153876+00:00"}}