{"href": "/scores/v1/contests/90176691/", "contestKey": "90176691", "leader": {"draftGroupId": 37605, "contestKey": "90176691", "entryKey": "2163432636", "lineupId": 2564368782, "userName": "sansbacon", "userKey": "725157", "userEntryCount": 1, "userEntryIndex": 1, "timeRemaining": 201.03, "timeRemainingUnit": "PMR", "maxTimeRemaining": 1200, "timeRemainingOpponent": 42.06, "rank": 1, "fantasyPoints": 222.2, "fantasyPointsOpponent": 202.28, "userNameOpponent": "wrsandvig", "winningValue": 0}, "leaderBoard": [{"draftGroupId": 37605, "contestKey": "90176691", "entryKey": "2163432636", "lineupId": 2564368782, "userName": "sansbacon", "userKey": "725157", "userEntryCount": 1, "userEntryIndex": 1, "timeRemaining": 201.03, "timeRemainingUnit": "PMR", "maxTimeRemaining": 1200, "timeRemainingOpponent": 42.06, "rank": 1, "fantasyPoints": 222.2, "fantasyPointsOpponent": 202.28, "userNameOpponent": "wrsandvig", "winningValue": 0}, {"draftGroupId": 37605, "contestKey": "90176691", "entryKey": "2163433173", "lineupId": 2564368783, "userName": "wrsandvig", "userKey": "12747214", "userEntryCount": 1, "userEntryIndex": 1, "timeRemaining": 42.06, "timeRemainingUnit": "PMR", "maxTimeRemaining": 1200, "timeRemainingOpponent": 201.03, "rank": 2, "fantasyPoints": 202.28, "fantasyPointsOpponent": 222.2, "userNameOpponent": "sansbacon", "winningValue": 0}, {"draftGroupId": 37605, "contestKey": "90176691", "entryKey": "2163455288", "lineupId": 2564368784, "userName": "mhudzik", "userKey": "2828204", "userEntryCount": 1, "userEntryIndex": 1, "timeRemaining": 81.03, "timeRemainingUnit": "PMR", "maxTimeRemaining": 1200, "timeRemainingOpponent": 201.03, "rank": 3, "fantasyPoints": 173.38, "fantasyPointsOpponent": 222.2, "userNameOpponent": "sansbacon", "winningValue": 0}]}