{"Leader": {"MegaDraftGroupId": 1, "MegaContestKey": "90175676", "MegaEntryKey": "2163399995", "UserName": "sansbacon", "UserKey": "725157", "UserMegaEntryCount": 0, "UserMegaEntryIndex": 0, "TimeRemainingOpponent": 0, "Rank": 1, "FantasyPoints": 1041.5, "FantasyPointsOpponent": 1030.74, "RankScore": 0, "RankScoreOpponent": 0, "UserNameOpponent": "pack1025", "WinningValue": 2.7, "Winnings": [{"value": 2.7, "description": "Cash"}], "UpdateStatus": {"lastUpdateTime": "2020-10-15T14:12:55.2735118+00:00"}}, "LastWinningMegaEntry": {"MegaDraftGroupId": 1, "MegaContestKey": "90175676", "MegaEntryKey": "2163399995", "UserName": "sansbacon", "UserKey": "725157", "UserMegaEntryCount": 0, "UserMegaEntryIndex": 0, "TimeRemainingOpponent": 0, "Rank": 1, "FantasyPoints": 1041.5, "FantasyPointsOpponent": 1030.74, "RankScore": 0, "RankScoreOpponent": 0, "UserNameOpponent": "pack1025", "WinningValue": 2.7, "Winnings": [{"value": 2.7, "description": "Cash"}], "UpdateStatus": {"lastUpdateTime": "2020-10-15T14:12:55.2735118+00:00"}}, "Leaderboard": [{"MegaDraftGroupId": 1, "MegaContestKey": "90175676", "MegaEntryKey": "2163399995", "UserName": "sansbacon", "UserKey": "725157", "UserMegaEntryCount": 0, "UserMegaEntryIndex": 0, "TimeRemainingOpponent": 0, "Rank": 1, "FantasyPoints": 1041.5, "FantasyPointsOpponent": 1030.74, "RankScore": 0, "RankScoreOpponent": 0, "UserNameOpponent": "pack1025", "WinningValue": 2.7, "Winnings": [{"value": 2.7, "description": "Cash"}], "UpdateStatus": {"lastUpdateTime": "2020-10-15T14:12:55.2735118+00:00"}}, {"MegaDraftGroupId": 1, "MegaContestKey": "90175676", "MegaEntryKey": "2163400268", "UserName": "pack1025", "UserKey": "12702427", "UserMegaEntryCount": 0, "UserMegaEntryIndex": 0, "TimeRemainingOpponent": 0, "Rank": 2, "FantasyPoints": 1030.74, "FantasyPointsOpponent": 1041.5, "RankScore": 0, "RankScoreOpponent": 0, "UserNameOpponent": "sansbacon", "WinningValue": 0, "UpdateStatus": {"lastUpdateTime": "2020-10-15T14:12:55.2718328+00:00"}}, {"MegaDraftGroupId": 1, "MegaContestKey": "90175676", "MegaEntryKey": "2163425678", "UserName": "mrl176", "UserKey": "5987750", "UserMegaEntryCount": 0, "UserMegaEntryIndex": 0, "TimeRemainingOpponent": 0, "Rank": 3, "FantasyPoints": 993.7, "FantasyPointsOpponent": 1041.5, "RankScore": 0, "RankScoreOpponent": 0, "UserNameOpponent": "sansbacon", "WinningValue": 0, "UpdateStatus": {"lastUpdateTime": "2020-10-15T14:12:55.2711616+00:00"}}], "UpdateStatus": {"lastUpdateTime": "2020-10-15T14:12:55.2767069+00:00"}}