{"Leader": {"MegaDraftGroupId": 1, "MegaContestKey": "90176691", "MegaEntryKey": "2163433173", "UserName": "wrsandvig", "UserKey": "12747214", "UserMegaEntryCount": 0, "UserMegaEntryIndex": 0, "TimeRemainingOpponent": 0, "Rank": 1, "FantasyPoints": 1070.78, "FantasyPointsOpponent": 1004.76, "RankScore": 0, "RankScoreOpponent": 0, "UserNameOpponent": "mhudzik", "WinningValue": 2.7, "Winnings": [{"value": 2.7, "description": "Cash"}], "UpdateStatus": {"lastUpdateTime": "2020-10-15T14:12:55.3779841+00:00"}}, "LastWinningMegaEntry": {"MegaDraftGroupId": 1, "MegaContestKey": "90176691", "MegaEntryKey": "2163433173", "UserName": "wrsandvig", "UserKey": "12747214", "UserMegaEntryCount": 0, "UserMegaEntryIndex": 0, "TimeRemainingOpponent": 0, "Rank": 1, "FantasyPoints": 1070.78, "FantasyPointsOpponent": 1004.76, "RankScore": 0, "RankScoreOpponent": 0, "UserNameOpponent": "mhudzik", "WinningValue": 2.7, "Winnings": [{"value": 2.7, "description": "Cash"}], "UpdateStatus": {"lastUpdateTime": "2020-10-15T14:12:55.3779841+00:00"}}, "Leaderboard": [{"MegaDraftGroupId": 1, "MegaContestKey": "90176691", "MegaEntryKey": "2163433173", "UserName": "wrsandvig", "UserKey": "12747214", "UserMegaEntryCount": 0, "UserMegaEntryIndex": 0, "TimeRemainingOpponent": 0, "Rank": 1, "FantasyPoints": 1070.78, "FantasyPointsOpponent": 1004.76, "RankScore": 0, "RankScoreOpponent": 0, "UserNameOpponent": "mhudzik", "WinningValue": 2.7, "Winnings": [{"value": 2.7, "description": "Cash"}], "UpdateStatus": {"lastUpdateTime": "2020-10-15T14:12:55.3779841+00:00"}}, {"MegaDraftGroupId": 1, "MegaContestKey": "90176691", "MegaEntryKey": "2163455288", "UserName": "mhudzik", "UserKey": "2828204", "UserMegaEntryCount": 0, "UserMegaEntryIndex": 0, "TimeRemainingOpponent": 0, "Rank": 2, "FantasyPoints": 1004.76, "FantasyPointsOpponent": 1070.78, "RankScore": 0, "RankScoreOpponent": 0, "UserNameOpponent": "wrsandvig", "WinningValue": 0, "UpdateStatus": {"lastUpdateTime": "2020-10-15T14:12:55.3777059+00:00"}}, {"MegaDraftGroupId": 1, "MegaContestKey": "90176691", "MegaEntryKey": "2163432636", "UserName": "sansbacon", "UserKey": "725157", "UserMegaEntryCount": 0, "UserMegaEntryIndex": 0, "TimeRemainingOpponent": 0, "Rank": 3, "FantasyPoints": 962.04, "FantasyPointsOpponent": 1070.78, "RankScore": 0, "RankScoreOpponent": 0, "UserNameOpponent": "wrsandvig", "WinningValue": 0, "UpdateStatus": {"lastUpdateTime": "2020-10-15T14:12:55.3780948+00:00"}}], "UpdateStatus": {"lastUpdateTime": "2020-10-15T14:12:55.3815737+00:00"}}