{"href": "/scores/v1/contests/90176353/", "contestKey": "90176353", "leader": {"draftGroupId": 37605, "contestKey": "90176353", "entryKey": "2163411889", "lineupId": 2564355409, "userName": "sansbacon", "userKey": "725157", "userEntryCount": 1, "userEntryIndex": 1, "timeRemaining": 81.03, "timeRemainingUnit": "PMR", "maxTimeRemaining": 1200, "timeRemainingOpponent": 63.09, "rank": 1, "fantasyPoints": 226.7, "fantasyPointsOpponent": 191.68, "userNameOpponent": "fwatcha", "winningValue": 0}, "leaderBoard": [{"draftGroupId": 37605, "contestKey": "90176353", "entryKey": "2163411889", "lineupId": 2564355409, "userName": "sansbacon", "userKey": "725157", "userEntryCount": 1, "userEntryIndex": 1, "timeRemaining": 81.03, "timeRemainingUnit": "PMR", "maxTimeRemaining": 1200, "timeRemainingOpponent": 63.09, "rank": 1, "fantasyPoints": 226.7, "fantasyPointsOpponent": 191.68, "userNameOpponent": "fwatcha", "winningValue": 0}, {"draftGroupId": 37605, "contestKey": "90176353", "entryKey": "2163421952", "lineupId": 2564355410, "userName": "fwatcha", "userKey": "6724154", "userEntryCount": 1, "userEntryIndex": 1, "timeRemaining": 63.09, "timeRemainingUnit": "PMR", "maxTimeRemaining": 1200, "timeRemainingOpponent": 81.03, "rank": 2, "fantasyPoints": 191.68, "fantasyPointsOpponent": 226.7, "userNameOpponent": "sansbacon", "winningValue": 0}, {"draftGroupId": 37605, "contestKey": "90176353", "entryKey": "2163429052", "lineupId": 2564355412, "userName": "20ejw20", "userKey": "6077931", "userEntryCount": 1, "userEntryIndex": 1, "timeRemaining": 120, "timeRemainingUnit": "PMR", "maxTimeRemaining": 1200, "timeRemainingOpponent": 81.03, "rank": 3, "fantasyPoints": 182.28, "fantasyPointsOpponent": 226.7, "userNameOpponent": "sansbacon", "winningValue": 0}]}