{"href": "/scores/v1/contests/90175676/", "contestKey": "90175676", "leader": {"draftGroupId": 37605, "contestKey": "90175676", "entryKey": "2163399995", "lineupId": 2564343806, "userName": "sansbacon", "userKey": "725157", "userEntryCount": 1, "userEntryIndex": 1, "timeRemaining": 162.06, "timeRemainingUnit": "PMR", "maxTimeRemaining": 1200, "timeRemainingOpponent": 21.03, "rank": 1, "fantasyPoints": 237.1, "fantasyPointsOpponent": 194.68, "userNameOpponent": "pack1025", "winningValue": 0}, "leaderBoard": [{"draftGroupId": 37605, "contestKey": "90175676", "entryKey": "2163399995", "lineupId": 2564343806, "userName": "sansbacon", "userKey": "725157", "userEntryCount": 1, "userEntryIndex": 1, "timeRemaining": 162.06, "timeRemainingUnit": "PMR", "maxTimeRemaining": 1200, "timeRemainingOpponent": 21.03, "rank": 1, "fantasyPoints": 237.1, "fantasyPointsOpponent": 194.68, "userNameOpponent": "pack1025", "winningValue": 0}, {"draftGroupId": 37605, "contestKey": "90175676", "entryKey": "2163400268", "lineupId": 2564343807, "userName": "pack1025", "userKey": "12702427", "userEntryCount": 1, "userEntryIndex": 1, "timeRemaining": 21.03, "timeRemainingUnit": "PMR", "maxTimeRemaining": 1200, "timeRemainingOpponent": 162.06, "rank": 2, "fantasyPoints": 194.68, "fantasyPointsOpponent": 237.1, "userNameOpponent": "sansbacon", "winningValue": 0}, {"draftGroupId": 37605, "contestKey": "90175676", "entryKey": "2163425678", "lineupId": 2564343808, "userName": "mrl176", "userKey": "5987750", "userEntryCount": 1, "userEntryIndex": 1, "timeRemaining": 81.03, "timeRemainingUnit": "PMR", "maxTimeRemaining": 1200, "timeRemainingOpponent": 162.06, "rank": 3, "fantasyPoints": 185.78, "fantasyPointsOpponent": 237.1, "userNameOpponent": "sansbacon", "winningValue": 0}]}