{"Leader": {"MegaDraftGroupId": 1, "MegaContestKey": "90221955", "MegaEntryKey": "2164811718", "UserName": "sansbacon", "UserKey": "725157", "UserMegaEntryCount": 0, "UserMegaEntryIndex": 0, "TimeRemainingOpponent": 0, "Rank": 1, "FantasyPoints": 1035.82, "FantasyPointsOpponent": 1005.36, "RankScore": 0, "RankScoreOpponent": 0, "UserNameOpponent": "mrl176", "WinningValue": 2.7, "Winnings": [{"value": 2.7, "description": "Cash"}], "UpdateStatus": {"lastUpdateTime": "2020-10-15T14:12:56.0525531+00:00"}}, "LastWinningMegaEntry": {"MegaDraftGroupId": 1, "MegaContestKey": "90221955", "MegaEntryKey": "2164811718", "UserName": "sansbacon", "UserKey": "725157", "UserMegaEntryCount": 0, "UserMegaEntryIndex": 0, "TimeRemainingOpponent": 0, "Rank": 1, "FantasyPoints": 1035.82, "FantasyPointsOpponent": 1005.36, "RankScore": 0, "RankScoreOpponent": 0, "UserNameOpponent": "mrl176", "WinningValue": 2.7, "Winnings": [{"value": 2.7, "description": "Cash"}], "UpdateStatus": {"lastUpdateTime": "2020-10-15T14:12:56.0525531+00:00"}}, "Leaderboard": [{"MegaDraftGroupId": 1, "MegaContestKey": "90221955", "MegaEntryKey": "2164811718", "UserName": "sansbacon", "UserKey": "725157", "UserMegaEntryCount": 0, "UserMegaEntryIndex": 0, "TimeRemainingOpponent": 0, "Rank": 1, "FantasyPoints": 1035.82, "FantasyPointsOpponent": 1005.36, "RankScore": 0, "RankScoreOpponent": 0, "UserNameOpponent": "mrl176", "WinningValue": 2.7, "Winnings": [{"value": 2.7, "description": "Cash"}], "UpdateStatus": {"lastUpdateTime": "2020-10-15T14:12:56.0525531+00:00"}}, {"MegaDraftGroupId": 1, "MegaContestKey": "90221955", "MegaEntryKey": "2164800080", "UserName": "mrl176", "UserKey": "5987750", "UserMegaEntryCount": 0, "UserMegaEntryIndex": 0, "TimeRemainingOpponent": 0, "Rank": 2, "FantasyPoints": 1005.36, "FantasyPointsOpponent": 1035.82, "RankScore": 0, "RankScoreOpponent": 0, "UserNameOpponent": "sansbacon", "WinningValue": 0, "UpdateStatus": {"lastUpdateTime": "2020-10-15T14:12:56.0509671+00:00"}}, {"MegaDraftGroupId": 1, "MegaContestKey": "90221955", "MegaEntryKey": "2164802738", "UserName": "huskydollabills", "UserKey": "7824206", "UserMegaEntryCount": 0, "UserMegaEntryIndex": 0, "TimeRemainingOpponent": 0, "Rank": 3, "FantasyPoints": 998.1, "FantasyPointsOpponent": 1035.82, "RankScore": 0, "RankScoreOpponent": 0, "UserNameOpponent": "sansbacon", "WinningValue": 0, "UpdateStatus": {"lastUpdateTime": "2020-10-15T14:12:56.0513754+00:00"}}], "UpdateStatus": {"lastUpdateTime": "2020-10-15T14:12:56.0582329+00:00"}}