{"href": "/scores/v1/contests/90226747/", "contestKey": "90226747", "leader": {"draftGroupId": 37605, "contestKey": "90226747", "entryKey": "2164986060", "lineupId": 2565629972, "userName": "sansbacon", "userKey": "725157", "userEntryCount": 1, "userEntryIndex": 1, "timeRemaining": 42.06, "timeRemainingUnit": "PMR", "maxTimeRemaining": 1200, "timeRemainingOpponent": 162.06, "rank": 1, "fantasyPoints": 239.5, "fantasyPointsOpponent": 194.68, "userNameOpponent": "BoogerHoller", "winningValue": 0}, "leaderBoard": [{"draftGroupId": 37605, "contestKey": "90226747", "entryKey": "2164986060", "lineupId": 2565629972, "userName": "sansbacon", "userKey": "725157", "userEntryCount": 1, "userEntryIndex": 1, "timeRemaining": 42.06, "timeRemainingUnit": "PMR", "maxTimeRemaining": 1200, "timeRemainingOpponent": 162.06, "rank": 1, "fantasyPoints": 239.5, "fantasyPointsOpponent": 194.68, "userNameOpponent": "BoogerHoller", "winningValue": 0}, {"draftGroupId": 37605, "contestKey": "90226747", "entryKey": "2164924821", "lineupId": 2565629970, "userName": "BoogerHoller", "userKey": "8453104", "userEntryCount": 1, "userEntryIndex": 1, "timeRemaining": 162.06, "timeRemainingUnit": "PMR", "maxTimeRemaining": 1200, "timeRemainingOpponent": 42.06, "rank": 2, "fantasyPoints": 194.68, "fantasyPointsOpponent": 239.5, "userNameOpponent": "sansbacon", "winningValue": 0}, {"draftGroupId": 37605, "contestKey": "90226747", "entryKey": "2164935453", "lineupId": 2565629971, "userName": "CritterRidder", "userKey": "4072088", "userEntryCount": 1, "userEntryIndex": 1, "timeRemaining": 120, "timeRemainingUnit": "PMR", "maxTimeRemaining": 1200, "timeRemainingOpponent": 42.06, "rank": 3, "fantasyPoints": 174.78, "fantasyPointsOpponent": 239.5, "userNameOpponent": "sansbacon", "winningValue": 0}]}