{"href": "/scores/v1/contests/90229547/", "contestKey": "90229547", "leader": {"draftGroupId": 37605, "contestKey": "90229547", "entryKey": "2165056533", "lineupId": 2565772537, "userName": "sansbacon", "userKey": "725157", "userEntryCount": 1, "userEntryIndex": 1, "timeRemaining": 144.48, "timeRemainingUnit": "PMR", "maxTimeRemaining": 1200, "timeRemainingOpponent": 120, "rank": 1, "fantasyPoints": 211.1, "fantasyPointsOpponent": 197.98, "userNameOpponent": "CritterRidder", "winningValue": 0}, "leaderBoard": [{"draftGroupId": 37605, "contestKey": "90229547", "entryKey": "2165056533", "lineupId": 2565772537, "userName": "sansbacon", "userKey": "725157", "userEntryCount": 1, "userEntryIndex": 1, "timeRemaining": 144.48, "timeRemainingUnit": "PMR", "maxTimeRemaining": 1200, "timeRemainingOpponent": 120, "rank": 1, "fantasyPoints": 211.1, "fantasyPointsOpponent": 197.98, "userNameOpponent": "CritterRidder", "winningValue": 0}, {"draftGroupId": 37605, "contestKey": "90229547", "entryKey": "2165039491", "lineupId": 2565772532, "userName": "CritterRidder", "userKey": "4072088", "userEntryCount": 1, "userEntryIndex": 1, "timeRemaining": 120, "timeRemainingUnit": "PMR", "maxTimeRemaining": 1200, "timeRemainingOpponent": 144.48, "rank": 2, "fantasyPoints": 197.98, "fantasyPointsOpponent": 211.1, "userNameOpponent": "sansbacon", "winningValue": 0}, {"draftGroupId": 37605, "contestKey": "90229547", "entryKey": "2165046978", "lineupId": 2565772534, "userName": "mrl176", "userKey": "5987750", "userEntryCount": 1, "userEntryIndex": 1, "timeRemaining": 0, "timeRemainingUnit": "PMR", "maxTimeRemaining": 1200, "timeRemainingOpponent": 144.48, "rank": 3, "fantasyPoints": 189.4, "fantasyPointsOpponent": 211.1, "userNameOpponent": "sansbacon", "winningValue": 0}]}