{"href": "/scores/v1/contests/90221955/", "contestKey": "90221955", "leader": {"draftGroupId": 37605, "contestKey": "90221955", "entryKey": "2164811718", "lineupId": 2565476037, "userName": "sansbacon", "userKey": "725157", "userEntryCount": 1, "userEntryIndex": 1, "timeRemaining": 123.09, "timeRemainingUnit": "PMR", "maxTimeRemaining": 1200, "timeRemainingOpponent": 0, "rank": 1, "fantasyPoints": 211.1, "fantasyPointsOpponent": 201.88, "userNameOpponent": "mrl176", "winningValue": 0}, "leaderBoard": [{"draftGroupId": 37605, "contestKey": "90221955", "entryKey": "2164811718", "lineupId": 2565476037, "userName": "sansbacon", "userKey": "725157", "userEntryCount": 1, "userEntryIndex": 1, "timeRemaining": 123.09, "timeRemainingUnit": "PMR", "maxTimeRemaining": 1200, "timeRemainingOpponent": 0, "rank": 1, "fantasyPoints": 211.1, "fantasyPointsOpponent": 201.88, "userNameOpponent": "mrl176", "winningValue": 0}, {"draftGroupId": 37605, "contestKey": "90221955", "entryKey": "2164800080", "lineupId": 2565476035, "userName": "mrl176", "userKey": "5987750", "userEntryCount": 1, "userEntryIndex": 1, "timeRemaining": 0, "timeRemainingUnit": "PMR", "maxTimeRemaining": 1200, "timeRemainingOpponent": 123.09, "rank": 2, "fantasyPoints": 201.88, "fantasyPointsOpponent": 211.1, "userNameOpponent": "sansbacon", "winningValue": 0}, {"draftGroupId": 37605, "contestKey": "90221955", "entryKey": "2164802738", "lineupId": 2565476036, "userName": "huskydollabills", "userKey": "7824206", "userEntryCount": 1, "userEntryIndex": 1, "timeRemaining": 120, "timeRemainingUnit": "PMR", "maxTimeRemaining": 1200, "timeRemainingOpponent": 123.09, "rank": 3, "fantasyPoints": 186.08, "fantasyPointsOpponent": 211.1, "userNameOpponent": "sansbacon", "winningValue": 0}]}