{"Leader": {"MegaDraftGroupId": 1, "MegaContestKey": "90226747", "MegaEntryKey": "2164986060", "UserName": "sansbacon", "UserKey": "725157", "UserMegaEntryCount": 0, "UserMegaEntryIndex": 0, "TimeRemainingOpponent": 0, "Rank": 1, "FantasyPoints": 1084.28, "FantasyPointsOpponent": 1000.26, "RankScore": 0, "RankScoreOpponent": 0, "UserNameOpponent": "CritterRidder", "WinningValue": 2.7, "Winnings": [{"value": 2.7, "description": "Cash"}], "UpdateStatus": {"lastUpdateTime": "2020-10-15T14:12:56.2610212+00:00"}}, "LastWinningMegaEntry": {"MegaDraftGroupId": 1, "MegaContestKey": "90226747", "MegaEntryKey": "2164986060", "UserName": "sansbacon", "UserKey": "725157", "UserMegaEntryCount": 0, "UserMegaEntryIndex": 0, "TimeRemainingOpponent": 0, "Rank": 1, "FantasyPoints": 1084.28, "FantasyPointsOpponent": 1000.26, "RankScore": 0, "RankScoreOpponent": 0, "UserNameOpponent": "CritterRidder", "WinningValue": 2.7, "Winnings": [{"value": 2.7, "description": "Cash"}], "UpdateStatus": {"lastUpdateTime": "2020-10-15T14:12:56.2610212+00:00"}}, "Leaderboard": [{"MegaDraftGroupId": 1, "MegaContestKey": "90226747", "MegaEntryKey": "2164986060", "UserName": "sansbacon", "UserKey": "725157", "UserMegaEntryCount": 0, "UserMegaEntryIndex": 0, "TimeRemainingOpponent": 0, "Rank": 1, "FantasyPoints": 1084.28, "FantasyPointsOpponent": 1000.26, "RankScore": 0, "RankScoreOpponent": 0, "UserNameOpponent": "CritterRidder", "WinningValue": 2.7, "Winnings": [{"value": 2.7, "description": "Cash"}], "UpdateStatus": {"lastUpdateTime": "2020-10-15T14:12:56.2610212+00:00"}}, {"MegaDraftGroupId": 1, "MegaContestKey": "90226747", "MegaEntryKey": "2164935453", "UserName": "CritterRidder", "UserKey": "4072088", "UserMegaEntryCount": 0, "UserMegaEntryIndex": 0, "TimeRemainingOpponent": 0, "Rank": 2, "FantasyPoints": 1000.26, "FantasyPointsOpponent": 1084.28, "RankScore": 0, "RankScoreOpponent": 0, "UserNameOpponent": "sansbacon", "WinningValue": 0, "UpdateStatus": {"lastUpdateTime": "2020-10-15T14:12:56.2523531+00:00"}}, {"MegaDraftGroupId": 1, "MegaContestKey": "90226747", "MegaEntryKey": "2164924821", "UserName": "BoogerHoller", "UserKey": "8453104", "UserMegaEntryCount": 0, "UserMegaEntryIndex": 0, "TimeRemainingOpponent": 0, "Rank": 3, "FantasyPoints": 977.74, "FantasyPointsOpponent": 1084.28, "RankScore": 0, "RankScoreOpponent": 0, "UserNameOpponent": "sansbacon", "WinningValue": 0, "UpdateStatus": {"lastUpdateTime": "2020-10-15T14:12:56.2483365+00:00"}}], "UpdateStatus": {"lastUpdateTime": "2020-10-15T14:12:56.2647283+00:00"}}