{"Leader": {"MegaDraftGroupId": 1, "MegaContestKey": "90229547", "MegaEntryKey": "2165056533", "UserName": "sansbacon", "UserKey": "725157", "UserMegaEntryCount": 0, "UserMegaEntryIndex": 0, "TimeRemainingOpponent": 0, "Rank": 1, "FantasyPoints": 1047.4, "FantasyPointsOpponent": 1022.1, "RankScore": 0, "RankScoreOpponent": 0, "UserNameOpponent": "CritterRidder", "WinningValue": 2.7, "Winnings": [{"value": 2.7, "description": "Cash"}], "UpdateStatus": {"lastUpdateTime": "2020-10-15T14:12:56.3365731+00:00"}}, "LastWinningMegaEntry": {"MegaDraftGroupId": 1, "MegaContestKey": "90229547", "MegaEntryKey": "2165056533", "UserName": "sansbacon", "UserKey": "725157", "UserMegaEntryCount": 0, "UserMegaEntryIndex": 0, "TimeRemainingOpponent": 0, "Rank": 1, "FantasyPoints": 1047.4, "FantasyPointsOpponent": 1022.1, "RankScore": 0, "RankScoreOpponent": 0, "UserNameOpponent": "CritterRidder", "WinningValue": 2.7, "Winnings": [{"value": 2.7, "description": "Cash"}], "UpdateStatus": {"lastUpdateTime": "2020-10-15T14:12:56.3365731+00:00"}}, "Leaderboard": [{"MegaDraftGroupId": 1, "MegaContestKey": "90229547", "MegaEntryKey": "2165056533", "UserName": "sansbacon", "UserKey": "725157", "UserMegaEntryCount": 0, "UserMegaEntryIndex": 0, "TimeRemainingOpponent": 0, "Rank": 1, "FantasyPoints": 1047.4, "FantasyPointsOpponent": 1022.1, "RankScore": 0, "RankScoreOpponent": 0, "UserNameOpponent": "CritterRidder", "WinningValue": 2.7, "Winnings": [{"value": 2.7, "description": "Cash"}], "UpdateStatus": {"lastUpdateTime": "2020-10-15T14:12:56.3365731+00:00"}}, {"MegaDraftGroupId": 1, "MegaContestKey": "90229547", "MegaEntryKey": "2165039491", "UserName": "CritterRidder", "UserKey": "4072088", "UserMegaEntryCount": 0, "UserMegaEntryIndex": 0, "TimeRemainingOpponent": 0, "Rank": 2, "FantasyPoints": 1022.1, "FantasyPointsOpponent": 1047.4, "RankScore": 0, "RankScoreOpponent": 0, "UserNameOpponent": "sansbacon", "WinningValue": 0, "UpdateStatus": {"lastUpdateTime": "2020-10-15T14:12:56.3363673+00:00"}}, {"MegaDraftGroupId": 1, "MegaContestKey": "90229547", "MegaEntryKey": "2165046978", "UserName": "mrl176", "UserKey": "5987750", "UserMegaEntryCount": 0, "UserMegaEntryIndex": 0, "TimeRemainingOpponent": 0, "Rank": 3, "FantasyPoints": 986.68, "FantasyPointsOpponent": 1047.4, "RankScore": 0, "RankScoreOpponent": 0, "UserNameOpponent": "sansbacon", "WinningValue": 0, "UpdateStatus": {"lastUpdateTime": "2020-10-15T14:12:56.3349467+00:00"}}], "UpdateStatus": {"lastUpdateTime": "2020-10-15T14:12:56.3410600+00:00"}}