{"Leader": {"MegaDraftGroupId": 1, "MegaContestKey": "90230534", "MegaEntryKey": "2165054547", "UserName": "ENYCE3", "UserKey": "7122364", "UserMegaEntryCount": 0, "UserMegaEntryIndex": 0, "TimeRemainingOpponent": 0, "Rank": 1, "FantasyPoints": 1084.4, "FantasyPointsOpponent": 1062.08, "RankScore": 0, "RankScoreOpponent": 0, "UserNameOpponent": "sansbacon", "WinningValue": 2.7, "Winnings": [{"value": 2.7, "description": "Cash"}], "UpdateStatus": {"lastUpdateTime": "2020-10-15T14:12:56.4234651+00:00"}}, "LastWinningMegaEntry": {"MegaDraftGroupId": 1, "MegaContestKey": "90230534", "MegaEntryKey": "2165054547", "UserName": "ENYCE3", "UserKey": "7122364", "UserMegaEntryCount": 0, "UserMegaEntryIndex": 0, "TimeRemainingOpponent": 0, "Rank": 1, "FantasyPoints": 1084.4, "FantasyPointsOpponent": 1062.08, "RankScore": 0, "RankScoreOpponent": 0, "UserNameOpponent": "sansbacon", "WinningValue": 2.7, "Winnings": [{"value": 2.7, "description": "Cash"}], "UpdateStatus": {"lastUpdateTime": "2020-10-15T14:12:56.4234651+00:00"}}, "Leaderboard": [{"MegaDraftGroupId": 1, "MegaContestKey": "90230534", "MegaEntryKey": "2165054547", "UserName": "ENYCE3", "UserKey": "7122364", "UserMegaEntryCount": 0, "UserMegaEntryIndex": 0, "TimeRemainingOpponent": 0, "Rank": 1, "FantasyPoints": 1084.4, "FantasyPointsOpponent": 1062.08, "RankScore": 0, "RankScoreOpponent": 0, "UserNameOpponent": "sansbacon", "WinningValue": 2.7, "Winnings": [{"value": 2.7, "description": "Cash"}], "UpdateStatus": {"lastUpdateTime": "2020-10-15T14:12:56.4234651+00:00"}}, {"MegaDraftGroupId": 1, "MegaContestKey": "90230534", "MegaEntryKey": "2165070741", "UserName": "sansbacon", "UserKey": "725157", "UserMegaEntryCount": 0, "UserMegaEntryIndex": 0, "TimeRemainingOpponent": 0, "Rank": 2, "FantasyPoints": 1062.08, "FantasyPointsOpponent": 1084.4, "RankScore": 0, "RankScoreOpponent": 0, "UserNameOpponent": "ENYCE3", "WinningValue": 0, "UpdateStatus": {"lastUpdateTime": "2020-10-15T14:12:56.4227991+00:00"}}, {"MegaDraftGroupId": 1, "MegaContestKey": "90230534", "MegaEntryKey": "2165062860", "UserName": "awojno", "UserKey": "584485", "UserMegaEntryCount": 0, "UserMegaEntryIndex": 0, "TimeRemainingOpponent": 0, "Rank": 3, "FantasyPoints": 931.8, "FantasyPointsOpponent": 1084.4, "RankScore": 0, "RankScoreOpponent": 0, "UserNameOpponent": "ENYCE3", "WinningValue": 0, "UpdateStatus": {"lastUpdateTime": "2020-10-15T14:12:56.4238141+00:00"}}], "UpdateStatus": {"lastUpdateTime": "2020-10-15T14:12:56.4241094+00:00"}}