{"href": "/scores/v1/contests/90230534/", "contestKey": "90230534", "leader": {"draftGroupId": 37605, "contestKey": "90230534", "entryKey": "2165070741", "lineupId": 2565860123, "userName": "sansbacon", "userKey": "725157", "userEntryCount": 1, "userEntryIndex": 1, "timeRemaining": 102.24, "timeRemainingUnit": "PMR", "maxTimeRemaining": 1200, "timeRemainingOpponent": 21.12, "rank": 1, "fantasyPoints": 219.96, "fantasyPointsOpponent": 203.4, "userNameOpponent": "ENYCE3", "winningValue": 0}, "leaderBoard": [{"draftGroupId": 37605, "contestKey": "90230534", "entryKey": "2165070741", "lineupId": 2565860123, "userName": "sansbacon", "userKey": "725157", "userEntryCount": 1, "userEntryIndex": 1, "timeRemaining": 102.24, "timeRemainingUnit": "PMR", "maxTimeRemaining": 1200, "timeRemainingOpponent": 21.12, "rank": 1, "fantasyPoints": 219.96, "fantasyPointsOpponent": 203.4, "userNameOpponent": "ENYCE3", "winningValue": 0}, {"draftGroupId": 37605, "contestKey": "90230534", "entryKey": "2165054547", "lineupId": 2565860119, "userName": "ENYCE3", "userKey": "7122364", "userEntryCount": 1, "userEntryIndex": 1, "timeRemaining": 21.12, "timeRemainingUnit": "PMR", "maxTimeRemaining": 1200, "timeRemainingOpponent": 102.24, "rank": 2, "fantasyPoints": 203.4, "fantasyPointsOpponent": 219.96, "userNameOpponent": "sansbacon", "winningValue": 0}, {"draftGroupId": 37605, "contestKey": "90230534", "entryKey": "2165062860", "lineupId": 2565860121, "userName": "awojno", "userKey": "584485", "userEntryCount": 1, "userEntryIndex": 1, "timeRemaining": 81.12, "timeRemainingUnit": "PMR", "maxTimeRemaining": 1200, "timeRemainingOpponent": 102.24, "rank": 3, "fantasyPoints": 184.68, "fantasyPointsOpponent": 219.96, "userNameOpponent": "sansbacon", "winningValue": 0}]}