{"Leader": {"MegaDraftGroupId": 1, "MegaContestKey": "90236597", "MegaEntryKey": "2165228234", "UserName": "ZackSmith05", "UserKey": "6788554", "UserMegaEntryCount": 0, "UserMegaEntryIndex": 0, "TimeRemainingOpponent": 0, "Rank": 1, "FantasyPoints": 1024.04, "FantasyPointsOpponent": 993.42, "RankScore": 0, "RankScoreOpponent": 0, "UserNameOpponent": "sansbacon", "WinningValue": 2.7, "Winnings": [{"value": 2.7, "description": "Cash"}], "UpdateStatus": {"lastUpdateTime": "2020-10-15T14:12:56.7787803+00:00"}}, "LastWinningMegaEntry": {"MegaDraftGroupId": 1, "MegaContestKey": "90236597", "MegaEntryKey": "2165228234", "UserName": "ZackSmith05", "UserKey": "6788554", "UserMegaEntryCount": 0, "UserMegaEntryIndex": 0, "TimeRemainingOpponent": 0, "Rank": 1, "FantasyPoints": 1024.04, "FantasyPointsOpponent": 993.42, "RankScore": 0, "RankScoreOpponent": 0, "UserNameOpponent": "sansbacon", "WinningValue": 2.7, "Winnings": [{"value": 2.7, "description": "Cash"}], "UpdateStatus": {"lastUpdateTime": "2020-10-15T14:12:56.7787803+00:00"}}, "Leaderboard": [{"MegaDraftGroupId": 1, "MegaContestKey": "90236597", "MegaEntryKey": "2165228234", "UserName": "ZackSmith05", "UserKey": "6788554", "UserMegaEntryCount": 0, "UserMegaEntryIndex": 0, "TimeRemainingOpponent": 0, "Rank": 1, "FantasyPoints": 1024.04, "FantasyPointsOpponent": 993.42, "RankScore": 0, "RankScoreOpponent": 0, "UserNameOpponent": "sansbacon", "WinningValue": 2.7, "Winnings": [{"value": 2.7, "description": "Cash"}], "UpdateStatus": {"lastUpdateTime": "2020-10-15T14:12:56.7787803+00:00"}}, {"MegaDraftGroupId": 1, "MegaContestKey": "90236597", "MegaEntryKey": "2165220264", "UserName": "sansbacon", "UserKey": "725157", "UserMegaEntryCount": 0, "UserMegaEntryIndex": 0, "TimeRemainingOpponent": 0, "Rank": 2, "FantasyPoints": 993.42, "FantasyPointsOpponent": 1024.04, "RankScore": 0, "RankScoreOpponent": 0, "UserNameOpponent": "ZackSmith05", "WinningValue": 0, "UpdateStatus": {"lastUpdateTime": "2020-10-15T14:12:56.7803592+00:00"}}, {"MegaDraftGroupId": 1, "MegaContestKey": "90236597", "MegaEntryKey": "2165227787", "UserName": "mrl176", "UserKey": "5987750", "UserMegaEntryCount": 0, "UserMegaEntryIndex": 0, "TimeRemainingOpponent": 0, "Rank": 3, "FantasyPoints": 972.86, "FantasyPointsOpponent": 1024.04, "RankScore": 0, "RankScoreOpponent": 0, "UserNameOpponent": "ZackSmith05", "WinningValue": 0, "UpdateStatus": {"lastUpdateTime": "2020-10-15T14:12:56.7809138+00:00"}}], "UpdateStatus": {"lastUpdateTime": "2020-10-15T14:12:56.7825046+00:00"}}