{"href": "/scores/v1/contests/90236597/", "contestKey": "90236597", "leader": {"draftGroupId": 37605, "contestKey": "90236597", "entryKey": "2165220264", "lineupId": 2566026888, "userName": "sansbacon", "userKey": "725157", "userEntryCount": 1, "userEntryIndex": 1, "timeRemaining": 63.09, "timeRemainingUnit": "PMR", "maxTimeRemaining": 1200, "timeRemainingOpponent": 21.03, "rank": 1, "fantasyPoints": 224, "fantasyPointsOpponent": 193.4, "userNameOpponent": "mrl176", "winningValue": 0}, "leaderBoard": [{"draftGroupId": 37605, "contestKey": "90236597", "entryKey": "2165220264", "lineupId": 2566026888, "userName": "sansbacon", "userKey": "725157", "userEntryCount": 1, "userEntryIndex": 1, "timeRemaining": 63.09, "timeRemainingUnit": "PMR", "maxTimeRemaining": 1200, "timeRemainingOpponent": 21.03, "rank": 1, "fantasyPoints": 224, "fantasyPointsOpponent": 193.4, "userNameOpponent": "mrl176", "winningValue": 0}, {"draftGroupId": 37605, "contestKey": "90236597", "entryKey": "2165227787", "lineupId": 2566026890, "userName": "mrl176", "userKey": "5987750", "userEntryCount": 1, "userEntryIndex": 1, "timeRemaining": 21.03, "timeRemainingUnit": "PMR", "maxTimeRemaining": 1200, "timeRemainingOpponent": 63.09, "rank": 2, "fantasyPoints": 193.4, "fantasyPointsOpponent": 224, "userNameOpponent": "sansbacon", "winningValue": 0}, {"draftGroupId": 37605, "contestKey": "90236597", "entryKey": "2165228234", "lineupId": 2566026891, "userName": "ZackSmith05", "userKey": "6788554", "userEntryCount": 1, "userEntryIndex": 1, "timeRemaining": 180, "timeRemainingUnit": "PMR", "maxTimeRemaining": 1200, "timeRemainingOpponent": 63.09, "rank": 3, "fantasyPoints": 181.88, "fantasyPointsOpponent": 224, "userNameOpponent": "sansbacon", "winningValue": 0}]}