{"href": "/scores/v1/contests/90276392/", "contestKey": "90276392", "leader": {"draftGroupId": 37605, "contestKey": "90276392", "entryKey": "2166479065", "lineupId": 2566984001, "userName": "mrl176", "userKey": "5987750", "userEntryCount": 1, "userEntryIndex": 1, "timeRemaining": 0, "timeRemainingUnit": "PMR", "maxTimeRemaining": 1200, "timeRemainingOpponent": 183.36, "rank": 1, "fantasyPoints": 222, "fantasyPointsOpponent": 190.62, "userNameOpponent": "sansbacon", "winningValue": 0}, "leaderBoard": [{"draftGroupId": 37605, "contestKey": "90276392", "entryKey": "2166479065", "lineupId": 2566984001, "userName": "mrl176", "userKey": "5987750", "userEntryCount": 1, "userEntryIndex": 1, "timeRemaining": 0, "timeRemainingUnit": "PMR", "maxTimeRemaining": 1200, "timeRemainingOpponent": 183.36, "rank": 1, "fantasyPoints": 222, "fantasyPointsOpponent": 190.62, "userNameOpponent": "sansbacon", "winningValue": 0}, {"draftGroupId": 37605, "contestKey": "90276392", "entryKey": "2166474339", "lineupId": 2566984000, "userName": "sansbacon", "userKey": "725157", "userEntryCount": 1, "userEntryIndex": 1, "timeRemaining": 183.36, "timeRemainingUnit": "PMR", "maxTimeRemaining": 1200, "timeRemainingOpponent": 0, "rank": 2, "fantasyPoints": 190.62, "fantasyPointsOpponent": 222, "userNameOpponent": "mrl176", "winningValue": 0}, {"draftGroupId": 37605, "contestKey": "90276392", "entryKey": "2166466468", "lineupId": 2566983999, "userName": "thelionsden734", "userKey": "9768086", "userEntryCount": 1, "userEntryIndex": 1, "timeRemaining": 81.12, "timeRemainingUnit": "PMR", "maxTimeRemaining": 1200, "timeRemainingOpponent": 0, "rank": 3, "fantasyPoints": 168.68, "fantasyPointsOpponent": 222, "userNameOpponent": "mrl176", "winningValue": 0}]}