{"Leader": {"MegaDraftGroupId": 1, "MegaContestKey": "90276392", "MegaEntryKey": "2166479065", "UserName": "mrl176", "UserKey": "5987750", "UserMegaEntryCount": 0, "UserMegaEntryIndex": 0, "TimeRemainingOpponent": 0, "Rank": 1, "FantasyPoints": 1040.76, "FantasyPointsOpponent": 1014.7, "RankScore": 0, "RankScoreOpponent": 0, "UserNameOpponent": "sansbacon", "WinningValue": 2.7, "Winnings": [{"value": 2.7, "description": "Cash"}], "UpdateStatus": {"lastUpdateTime": "2020-10-15T14:12:56.4863591+00:00"}}, "LastWinningMegaEntry": {"MegaDraftGroupId": 1, "MegaContestKey": "90276392", "MegaEntryKey": "2166479065", "UserName": "mrl176", "UserKey": "5987750", "UserMegaEntryCount": 0, "UserMegaEntryIndex": 0, "TimeRemainingOpponent": 0, "Rank": 1, "FantasyPoints": 1040.76, "FantasyPointsOpponent": 1014.7, "RankScore": 0, "RankScoreOpponent": 0, "UserNameOpponent": "sansbacon", "WinningValue": 2.7, "Winnings": [{"value": 2.7, "description": "Cash"}], "UpdateStatus": {"lastUpdateTime": "2020-10-15T14:12:56.4863591+00:00"}}, "Leaderboard": [{"MegaDraftGroupId": 1, "MegaContestKey": "90276392", "MegaEntryKey": "2166479065", "UserName": "mrl176", "UserKey": "5987750", "UserMegaEntryCount": 0, "UserMegaEntryIndex": 0, "TimeRemainingOpponent": 0, "Rank": 1, "FantasyPoints": 1040.76, "FantasyPointsOpponent": 1014.7, "RankScore": 0, "RankScoreOpponent": 0, "UserNameOpponent": "sansbacon", "WinningValue": 2.7, "Winnings": [{"value": 2.7, "description": "Cash"}], "UpdateStatus": {"lastUpdateTime": "2020-10-15T14:12:56.4863591+00:00"}}, {"MegaDraftGroupId": 1, "MegaContestKey": "90276392", "MegaEntryKey": "2166474339", "UserName": "sansbacon", "UserKey": "725157", "UserMegaEntryCount": 0, "UserMegaEntryIndex": 0, "TimeRemainingOpponent": 0, "Rank": 2, "FantasyPoints": 1014.7, "FantasyPointsOpponent": 1040.76, "RankScore": 0, "RankScoreOpponent": 0, "UserNameOpponent": "mrl176", "WinningValue": 0, "UpdateStatus": {"lastUpdateTime": "2020-10-15T14:12:56.4832596+00:00"}}, {"MegaDraftGroupId": 1, "MegaContestKey": "90276392", "MegaEntryKey": "2166466468", "UserName": "thelionsden734", "UserKey": "9768086", "UserMegaEntryCount": 0, "UserMegaEntryIndex": 0, "TimeRemainingOpponent": 0, "Rank": 3, "FantasyPoints": 898.34, "FantasyPointsOpponent": 1040.76, "RankScore": 0, "RankScoreOpponent": 0, "UserNameOpponent": "mrl176", "WinningValue": 0, "UpdateStatus": {"lastUpdateTime": "2020-10-15T14:12:56.4865348+00:00"}}], "UpdateStatus": {"lastUpdateTime": "2020-10-15T14:12:56.4891447+00:00"}}