{"Leader": {"MegaDraftGroupId": 1, "MegaContestKey": "90288977", "MegaEntryKey": "2166870587", "UserName": "sansbacon", "UserKey": "725157", "UserMegaEntryCount": 0, "UserMegaEntryIndex": 0, "TimeRemainingOpponent": 0, "Rank": 1, "FantasyPoints": 1073.34, "FantasyPointsOpponent": 986.56, "RankScore": 0, "RankScoreOpponent": 0, "UserNameOpponent": "Streetglide", "WinningValue": 2.7, "Winnings": [{"value": 2.7, "description": "Cash"}], "UpdateStatus": {"lastUpdateTime": "2020-10-15T14:12:56.4347949+00:00"}}, "LastWinningMegaEntry": {"MegaDraftGroupId": 1, "MegaContestKey": "90288977", "MegaEntryKey": "2166870587", "UserName": "sansbacon", "UserKey": "725157", "UserMegaEntryCount": 0, "UserMegaEntryIndex": 0, "TimeRemainingOpponent": 0, "Rank": 1, "FantasyPoints": 1073.34, "FantasyPointsOpponent": 986.56, "RankScore": 0, "RankScoreOpponent": 0, "UserNameOpponent": "Streetglide", "WinningValue": 2.7, "Winnings": [{"value": 2.7, "description": "Cash"}], "UpdateStatus": {"lastUpdateTime": "2020-10-15T14:12:56.4347949+00:00"}}, "Leaderboard": [{"MegaDraftGroupId": 1, "MegaContestKey": "90288977", "MegaEntryKey": "2166870587", "UserName": "sansbacon", "UserKey": "725157", "UserMegaEntryCount": 0, "UserMegaEntryIndex": 0, "TimeRemainingOpponent": 0, "Rank": 1, "FantasyPoints": 1073.34, "FantasyPointsOpponent": 986.56, "RankScore": 0, "RankScoreOpponent": 0, "UserNameOpponent": "Streetglide", "WinningValue": 2.7, "Winnings": [{"value": 2.7, "description": "Cash"}], "UpdateStatus": {"lastUpdateTime": "2020-10-15T14:12:56.4347949+00:00"}}, {"MegaDraftGroupId": 1, "MegaContestKey": "90288977", "MegaEntryKey": "2166887849", "UserName": "Streetglide", "UserKey": "364645", "UserMegaEntryCount": 0, "UserMegaEntryIndex": 0, "TimeRemainingOpponent": 0, "Rank": 2, "FantasyPoints": 986.56, "FantasyPointsOpponent": 1073.34, "RankScore": 0, "RankScoreOpponent": 0, "UserNameOpponent": "sansbacon", "WinningValue": 0, "UpdateStatus": {"lastUpdateTime": "2020-10-15T14:12:56.4358212+00:00"}}, {"MegaDraftGroupId": 1, "MegaContestKey": "90288977", "MegaEntryKey": "2166836816", "UserName": "mrl176", "UserKey": "5987750", "UserMegaEntryCount": 0, "UserMegaEntryIndex": 0, "TimeRemainingOpponent": 0, "Rank": 3, "FantasyPoints": 971.96, "FantasyPointsOpponent": 1073.34, "RankScore": 0, "RankScoreOpponent": 0, "UserNameOpponent": "sansbacon", "WinningValue": 0, "UpdateStatus": {"lastUpdateTime": "2020-10-15T14:12:56.4381674+00:00"}}], "UpdateStatus": {"lastUpdateTime": "2020-10-15T14:12:56.4385740+00:00"}}