{"href": "/scores/v1/contests/90288977/", "contestKey": "90288977", "leader": {"draftGroupId": 37605, "contestKey": "90288977", "entryKey": "2166870587", "lineupId": 2567435552, "userName": "sansbacon", "userKey": "725157", "userEntryCount": 1, "userEntryIndex": 1, "timeRemaining": 102.24, "timeRemainingUnit": "PMR", "maxTimeRemaining": 1200, "timeRemainingOpponent": 141.12, "rank": 1, "fantasyPoints": 209.92, "fantasyPointsOpponent": 197.88, "userNameOpponent": "Streetglide", "winningValue": 0}, "leaderBoard": [{"draftGroupId": 37605, "contestKey": "90288977", "entryKey": "2166870587", "lineupId": 2567435552, "userName": "sansbacon", "userKey": "725157", "userEntryCount": 1, "userEntryIndex": 1, "timeRemaining": 102.24, "timeRemainingUnit": "PMR", "maxTimeRemaining": 1200, "timeRemainingOpponent": 141.12, "rank": 1, "fantasyPoints": 209.92, "fantasyPointsOpponent": 197.88, "userNameOpponent": "Streetglide", "winningValue": 0}, {"draftGroupId": 37605, "contestKey": "90288977", "entryKey": "2166887849", "lineupId": 2567435553, "userName": "Streetglide", "userKey": "364645", "userEntryCount": 1, "userEntryIndex": 1, "timeRemaining": 141.12, "timeRemainingUnit": "PMR", "maxTimeRemaining": 1200, "timeRemainingOpponent": 102.24, "rank": 2, "fantasyPoints": 197.88, "fantasyPointsOpponent": 209.92, "userNameOpponent": "sansbacon", "winningValue": 0}, {"draftGroupId": 37605, "contestKey": "90288977", "entryKey": "2166836816", "lineupId": 2567435551, "userName": "mrl176", "userKey": "5987750", "userEntryCount": 1, "userEntryIndex": 1, "timeRemaining": 81.12, "timeRemainingUnit": "PMR", "maxTimeRemaining": 1200, "timeRemainingOpponent": 102.24, "rank": 3, "fantasyPoints": 191.1, "fantasyPointsOpponent": 209.92, "userNameOpponent": "sansbacon", "winningValue": 0}]}