{"Leader": {"MegaDraftGroupId": 1, "MegaContestKey": "90312644", "MegaEntryKey": "2167457697", "UserName": "sansbacon", "UserKey": "725157", "UserMegaEntryCount": 0, "UserMegaEntryIndex": 0, "TimeRemainingOpponent": 0, "Rank": 1, "FantasyPoints": 1083.74, "FantasyPointsOpponent": 1035.8, "RankScore": 0, "RankScoreOpponent": 0, "UserNameOpponent": "GreatEight", "WinningValue": 2.7, "Winnings": [{"value": 2.7, "description": "Cash"}], "UpdateStatus": {"lastUpdateTime": "2020-10-15T14:12:57.3033132+00:00"}}, "LastWinningMegaEntry": {"MegaDraftGroupId": 1, "MegaContestKey": "90312644", "MegaEntryKey": "2167457697", "UserName": "sansbacon", "UserKey": "725157", "UserMegaEntryCount": 0, "UserMegaEntryIndex": 0, "TimeRemainingOpponent": 0, "Rank": 1, "FantasyPoints": 1083.74, "FantasyPointsOpponent": 1035.8, "RankScore": 0, "RankScoreOpponent": 0, "UserNameOpponent": "GreatEight", "WinningValue": 2.7, "Winnings": [{"value": 2.7, "description": "Cash"}], "UpdateStatus": {"lastUpdateTime": "2020-10-15T14:12:57.3033132+00:00"}}, "Leaderboard": [{"MegaDraftGroupId": 1, "MegaContestKey": "90312644", "MegaEntryKey": "2167457697", "UserName": "sansbacon", "UserKey": "725157", "UserMegaEntryCount": 0, "UserMegaEntryIndex": 0, "TimeRemainingOpponent": 0, "Rank": 1, "FantasyPoints": 1083.74, "FantasyPointsOpponent": 1035.8, "RankScore": 0, "RankScoreOpponent": 0, "UserNameOpponent": "GreatEight", "WinningValue": 2.7, "Winnings": [{"value": 2.7, "description": "Cash"}], "UpdateStatus": {"lastUpdateTime": "2020-10-15T14:12:57.3033132+00:00"}}, {"MegaDraftGroupId": 1, "MegaContestKey": "90312644", "MegaEntryKey": "2167487935", "UserName": "GreatEight", "UserKey": "1043550", "UserMegaEntryCount": 0, "UserMegaEntryIndex": 0, "TimeRemainingOpponent": 0, "Rank": 2, "FantasyPoints": 1035.8, "FantasyPointsOpponent": 1083.74, "RankScore": 0, "RankScoreOpponent": 0, "UserNameOpponent": "sansbacon", "WinningValue": 0, "UpdateStatus": {"lastUpdateTime": "2020-10-15T14:12:57.3035278+00:00"}}, {"MegaDraftGroupId": 1, "MegaContestKey": "90312644", "MegaEntryKey": "2167475655", "UserName": "mbk13185", "UserKey": "841015", "UserMegaEntryCount": 0, "UserMegaEntryIndex": 0, "TimeRemainingOpponent": 0, "Rank": 3, "FantasyPoints": 900.6, "FantasyPointsOpponent": 1083.74, "RankScore": 0, "RankScoreOpponent": 0, "UserNameOpponent": "sansbacon", "WinningValue": 0, "UpdateStatus": {"lastUpdateTime": "2020-10-15T14:12:57.3041971+00:00"}}], "UpdateStatus": {"lastUpdateTime": "2020-10-15T14:12:57.3061693+00:00"}}