{"href": "/scores/v1/contests/90312293/", "contestKey": "90312293", "leader": {"draftGroupId": 37605, "contestKey": "90312293", "entryKey": "2167455771", "lineupId": 2568167706, "userName": "sansbacon", "userKey": "725157", "userEntryCount": 1, "userEntryIndex": 1, "timeRemaining": 123.36, "timeRemainingUnit": "PMR", "maxTimeRemaining": 1200, "timeRemainingOpponent": 0, "rank": 1, "fantasyPoints": 221.4, "fantasyPointsOpponent": 204.1, "userNameOpponent": "klaymonstr", "winningValue": 0}, "leaderBoard": [{"draftGroupId": 37605, "contestKey": "90312293", "entryKey": "2167455771", "lineupId": 2568167706, "userName": "sansbacon", "userKey": "725157", "userEntryCount": 1, "userEntryIndex": 1, "timeRemaining": 123.36, "timeRemainingUnit": "PMR", "maxTimeRemaining": 1200, "timeRemainingOpponent": 0, "rank": 1, "fantasyPoints": 221.4, "fantasyPointsOpponent": 204.1, "userNameOpponent": "klaymonstr", "winningValue": 0}, {"draftGroupId": 37605, "contestKey": "90312293", "entryKey": "2167463233", "lineupId": 2568167707, "userName": "klaymonstr", "userKey": "12546981", "userEntryCount": 1, "userEntryIndex": 1, "timeRemaining": 0, "timeRemainingUnit": "PMR", "maxTimeRemaining": 1200, "timeRemainingOpponent": 123.36, "rank": 2, "fantasyPoints": 204.1, "fantasyPointsOpponent": 221.4, "userNameOpponent": "sansbacon", "winningValue": 0}, {"draftGroupId": 37605, "contestKey": "90312293", "entryKey": "2167455546", "lineupId": 2568167705, "userName": "bd33", "userKey": "335804", "userEntryCount": 1, "userEntryIndex": 1, "timeRemaining": 60, "timeRemainingUnit": "PMR", "maxTimeRemaining": 1200, "timeRemainingOpponent": 123.36, "rank": 3, "fantasyPoints": 177.78, "fantasyPointsOpponent": 221.4, "userNameOpponent": "sansbacon", "winningValue": 0}]}