{"href": "/scores/v1/contests/90313180/", "contestKey": "90313180", "leader": {"draftGroupId": 37605, "contestKey": "90313180", "entryKey": "2167507969", "lineupId": 2568183063, "userName": "nickneddie", "userKey": "3213812", "userEntryCount": 1, "userEntryIndex": 1, "timeRemaining": 180, "timeRemainingUnit": "PMR", "maxTimeRemaining": 1200, "timeRemainingOpponent": 42.24, "rank": 1, "fantasyPoints": 219.1, "fantasyPointsOpponent": 209.78, "userNameOpponent": "mrl176", "winningValue": 0}, "leaderBoard": [{"draftGroupId": 37605, "contestKey": "90313180", "entryKey": "2167507969", "lineupId": 2568183063, "userName": "nickneddie", "userKey": "3213812", "userEntryCount": 1, "userEntryIndex": 1, "timeRemaining": 180, "timeRemainingUnit": "PMR", "maxTimeRemaining": 1200, "timeRemainingOpponent": 42.24, "rank": 1, "fantasyPoints": 219.1, "fantasyPointsOpponent": 209.78, "userNameOpponent": "mrl176", "winningValue": 0}, {"draftGroupId": 37605, "contestKey": "90313180", "entryKey": "2167507928", "lineupId": 2568183062, "userName": "mrl176", "userKey": "5987750", "userEntryCount": 1, "userEntryIndex": 1, "timeRemaining": 42.24, "timeRemainingUnit": "PMR", "maxTimeRemaining": 1200, "timeRemainingOpponent": 180, "rank": 2, "fantasyPoints": 209.78, "fantasyPointsOpponent": 219.1, "userNameOpponent": "nickneddie", "winningValue": 0}, {"draftGroupId": 37605, "contestKey": "90313180", "entryKey": "2167491881", "lineupId": 2568183061, "userName": "sansbacon", "userKey": "725157", "userEntryCount": 1, "userEntryIndex": 1, "timeRemaining": 102.24, "timeRemainingUnit": "PMR", "maxTimeRemaining": 1200, "timeRemainingOpponent": 180, "rank": 3, "fantasyPoints": 191.18, "fantasyPointsOpponent": 219.1, "userNameOpponent": "nickneddie", "winningValue": 0}]}