{"Leader": {"MegaDraftGroupId": 1, "MegaContestKey": "90313180", "MegaEntryKey": "2167491881", "UserName": "sansbacon", "UserKey": "725157", "UserMegaEntryCount": 0, "UserMegaEntryIndex": 0, "TimeRemainingOpponent": 0, "Rank": 1, "FantasyPoints": 1091.42, "FantasyPointsOpponent": 986.4, "RankScore": 0, "RankScoreOpponent": 0, "UserNameOpponent": "mrl176", "WinningValue": 2.7, "Winnings": [{"value": 2.7, "description": "Cash"}], "UpdateStatus": {"lastUpdateTime": "2020-10-15T14:12:57.3556852+00:00"}}, "LastWinningMegaEntry": {"MegaDraftGroupId": 1, "MegaContestKey": "90313180", "MegaEntryKey": "2167491881", "UserName": "sansbacon", "UserKey": "725157", "UserMegaEntryCount": 0, "UserMegaEntryIndex": 0, "TimeRemainingOpponent": 0, "Rank": 1, "FantasyPoints": 1091.42, "FantasyPointsOpponent": 986.4, "RankScore": 0, "RankScoreOpponent": 0, "UserNameOpponent": "mrl176", "WinningValue": 2.7, "Winnings": [{"value": 2.7, "description": "Cash"}], "UpdateStatus": {"lastUpdateTime": "2020-10-15T14:12:57.3556852+00:00"}}, "Leaderboard": [{"MegaDraftGroupId": 1, "MegaContestKey": "90313180", "MegaEntryKey": "2167491881", "UserName": "sansbacon", "UserKey": "725157", "UserMegaEntryCount": 0, "UserMegaEntryIndex": 0, "TimeRemainingOpponent": 0, "Rank": 1, "FantasyPoints": 1091.42, "FantasyPointsOpponent": 986.4, "RankScore": 0, "RankScoreOpponent": 0, "UserNameOpponent": "mrl176", "WinningValue": 2.7, "Winnings": [{"value": 2.7, "description": "Cash"}], "UpdateStatus": {"lastUpdateTime": "2020-10-15T14:12:57.3556852+00:00"}}, {"MegaDraftGroupId": 1, "MegaContestKey": "90313180", "MegaEntryKey": "2167507928", "UserName": "mrl176", "UserKey": "5987750", "UserMegaEntryCount": 0, "UserMegaEntryIndex": 0, "TimeRemainingOpponent": 0, "Rank": 2, "FantasyPoints": 986.4, "FantasyPointsOpponent": 1091.42, "RankScore": 0, "RankScoreOpponent": 0, "UserNameOpponent": "sansbacon", "WinningValue": 0, "UpdateStatus": {"lastUpdateTime": "2020-10-15T14:12:57.3580376+00:00"}}, {"MegaDraftGroupId": 1, "MegaContestKey": "90313180", "MegaEntryKey": "2167507969", "UserName": "nickneddie", "UserKey": "3213812", "UserMegaEntryCount": 0, "UserMegaEntryIndex": 0, "TimeRemainingOpponent": 0, "Rank": 3, "FantasyPoints": 984.16, "FantasyPointsOpponent": 1091.42, "RankScore": 0, "RankScoreOpponent": 0, "UserNameOpponent": "sansbacon", "WinningValue": 0, "UpdateStatus": {"lastUpdateTime": "2020-10-15T14:12:57.3527252+00:00"}}], "UpdateStatus": {"lastUpdateTime": "2020-10-15T14:12:57.3583209+00:00"}}