{"Leader": {"MegaDraftGroupId": 1, "MegaContestKey": "90312293", "MegaEntryKey": "2167455771", "UserName": "sansbacon", "UserKey": "725157", "UserMegaEntryCount": 0, "UserMegaEntryIndex": 0, "TimeRemainingOpponent": 0, "Rank": 1, "FantasyPoints": 1059.84, "FantasyPointsOpponent": 978.58, "RankScore": 0, "RankScoreOpponent": 0, "UserNameOpponent": "klaymonstr", "WinningValue": 2.7, "Winnings": [{"value": 2.7, "description": "Cash"}], "UpdateStatus": {"lastUpdateTime": "2020-10-15T14:12:57.2346921+00:00"}}, "LastWinningMegaEntry": {"MegaDraftGroupId": 1, "MegaContestKey": "90312293", "MegaEntryKey": "2167455771", "UserName": "sansbacon", "UserKey": "725157", "UserMegaEntryCount": 0, "UserMegaEntryIndex": 0, "TimeRemainingOpponent": 0, "Rank": 1, "FantasyPoints": 1059.84, "FantasyPointsOpponent": 978.58, "RankScore": 0, "RankScoreOpponent": 0, "UserNameOpponent": "klaymonstr", "WinningValue": 2.7, "Winnings": [{"value": 2.7, "description": "Cash"}], "UpdateStatus": {"lastUpdateTime": "2020-10-15T14:12:57.2346921+00:00"}}, "Leaderboard": [{"MegaDraftGroupId": 1, "MegaContestKey": "90312293", "MegaEntryKey": "2167455771", "UserName": "sansbacon", "UserKey": "725157", "UserMegaEntryCount": 0, "UserMegaEntryIndex": 0, "TimeRemainingOpponent": 0, "Rank": 1, "FantasyPoints": 1059.84, "FantasyPointsOpponent": 978.58, "RankScore": 0, "RankScoreOpponent": 0, "UserNameOpponent": "klaymonstr", "WinningValue": 2.7, "Winnings": [{"value": 2.7, "description": "Cash"}], "UpdateStatus": {"lastUpdateTime": "2020-10-15T14:12:57.2346921+00:00"}}, {"MegaDraftGroupId": 1, "MegaContestKey": "90312293", "MegaEntryKey": "2167463233", "UserName": "klaymonstr", "UserKey": "12546981", "UserMegaEntryCount": 0, "UserMegaEntryIndex": 0, "TimeRemainingOpponent": 0, "Rank": 2, "FantasyPoints": 978.58, "FantasyPointsOpponent": 1059.84, "RankScore": 0, "RankScoreOpponent": 0, "UserNameOpponent": "sansbacon", "WinningValue": 0, "UpdateStatus": {"lastUpdateTime": "2020-10-15T14:12:57.2307059+00:00"}}, {"MegaDraftGroupId": 1, "MegaContestKey": "90312293", "MegaEntryKey": "2167455546", "UserName": "bd33", "UserKey": "335804", "UserMegaEntryCount": 0, "UserMegaEntryIndex": 0, "TimeRemainingOpponent": 0, "Rank": 3, "FantasyPoints": 954.72, "FantasyPointsOpponent": 1059.84, "RankScore": 0, "RankScoreOpponent": 0, "UserNameOpponent": "sansbacon", "WinningValue": 0, "UpdateStatus": {"lastUpdateTime": "2020-10-15T14:12:57.2345467+00:00"}}], "UpdateStatus": {"lastUpdateTime": "2020-10-15T14:12:57.2350004+00:00"}}