{"href": "/scores/v1/contests/90312644/", "contestKey": "90312644", "leader": {"draftGroupId": 37605, "contestKey": "90312644", "entryKey": "2167457697", "lineupId": 2568176139, "userName": "sansbacon", "userKey": "725157", "userEntryCount": 1, "userEntryIndex": 1, "timeRemaining": 81.12, "timeRemainingUnit": "PMR", "maxTimeRemaining": 1200, "timeRemainingOpponent": 81.12, "rank": 1, "fantasyPoints": 222.48, "fantasyPointsOpponent": 193.5, "userNameOpponent": "mbk13185", "winningValue": 0}, "leaderBoard": [{"draftGroupId": 37605, "contestKey": "90312644", "entryKey": "2167457697", "lineupId": 2568176139, "userName": "sansbacon", "userKey": "725157", "userEntryCount": 1, "userEntryIndex": 1, "timeRemaining": 81.12, "timeRemainingUnit": "PMR", "maxTimeRemaining": 1200, "timeRemainingOpponent": 81.12, "rank": 1, "fantasyPoints": 222.48, "fantasyPointsOpponent": 193.5, "userNameOpponent": "mbk13185", "winningValue": 0}, {"draftGroupId": 37605, "contestKey": "90312644", "entryKey": "2167475655", "lineupId": 2568176140, "userName": "mbk13185", "userKey": "841015", "userEntryCount": 1, "userEntryIndex": 1, "timeRemaining": 81.12, "timeRemainingUnit": "PMR", "maxTimeRemaining": 1200, "timeRemainingOpponent": 81.12, "rank": 2, "fantasyPoints": 193.5, "fantasyPointsOpponent": 222.48, "userNameOpponent": "sansbacon", "winningValue": 0}, {"draftGroupId": 37605, "contestKey": "90312644", "entryKey": "2167487935", "lineupId": 2568176141, "userName": "GreatEight", "userKey": "1043550", "userEntryCount": 1, "userEntryIndex": 1, "timeRemaining": 141.12, "timeRemainingUnit": "PMR", "maxTimeRemaining": 1200, "timeRemainingOpponent": 81.12, "rank": 3, "fantasyPoints": 183.7, "fantasyPointsOpponent": 222.48, "userNameOpponent": "sansbacon", "winningValue": 0}]}