{"Leader": {"MegaDraftGroupId": 1, "MegaContestKey": "90323581", "MegaEntryKey": "2167839341", "UserName": "sansbacon", "UserKey": "725157", "UserMegaEntryCount": 0, "UserMegaEntryIndex": 0, "TimeRemainingOpponent": 0, "Rank": 1, "FantasyPoints": 1118.24, "FantasyPointsOpponent": 979.96, "RankScore": 0, "RankScoreOpponent": 0, "UserNameOpponent": "mrl176", "WinningValue": 2.7, "Winnings": [{"value": 2.7, "description": "Cash"}], "UpdateStatus": {"lastUpdateTime": "2020-10-15T14:12:57.9846535+00:00"}}, "LastWinningMegaEntry": {"MegaDraftGroupId": 1, "MegaContestKey": "90323581", "MegaEntryKey": "2167839341", "UserName": "sansbacon", "UserKey": "725157", "UserMegaEntryCount": 0, "UserMegaEntryIndex": 0, "TimeRemainingOpponent": 0, "Rank": 1, "FantasyPoints": 1118.24, "FantasyPointsOpponent": 979.96, "RankScore": 0, "RankScoreOpponent": 0, "UserNameOpponent": "mrl176", "WinningValue": 2.7, "Winnings": [{"value": 2.7, "description": "Cash"}], "UpdateStatus": {"lastUpdateTime": "2020-10-15T14:12:57.9846535+00:00"}}, "Leaderboard": [{"MegaDraftGroupId": 1, "MegaContestKey": "90323581", "MegaEntryKey": "2167839341", "UserName": "sansbacon", "UserKey": "725157", "UserMegaEntryCount": 0, "UserMegaEntryIndex": 0, "TimeRemainingOpponent": 0, "Rank": 1, "FantasyPoints": 1118.24, "FantasyPointsOpponent": 979.96, "RankScore": 0, "RankScoreOpponent": 0, "UserNameOpponent": "mrl176", "WinningValue": 2.7, "Winnings": [{"value": 2.7, "description": "Cash"}], "UpdateStatus": {"lastUpdateTime": "2020-10-15T14:12:57.9846535+00:00"}}, {"MegaDraftGroupId": 1, "MegaContestKey": "90323581", "MegaEntryKey": "2167849026", "UserName": "mrl176", "UserKey": "5987750", "UserMegaEntryCount": 0, "UserMegaEntryIndex": 0, "TimeRemainingOpponent": 0, "Rank": 2, "FantasyPoints": 979.96, "FantasyPointsOpponent": 1118.24, "RankScore": 0, "RankScoreOpponent": 0, "UserNameOpponent": "sansbacon", "WinningValue": 0, "UpdateStatus": {"lastUpdateTime": "2020-10-15T14:12:57.9849758+00:00"}}, {"MegaDraftGroupId": 1, "MegaContestKey": "90323581", "MegaEntryKey": "2167849232", "UserName": "cjacobin", "UserKey": "3931627", "UserMegaEntryCount": 0, "UserMegaEntryIndex": 0, "TimeRemainingOpponent": 0, "Rank": 3, "FantasyPoints": 941.34, "FantasyPointsOpponent": 1118.24, "RankScore": 0, "RankScoreOpponent": 0, "UserNameOpponent": "sansbacon", "WinningValue": 0, "UpdateStatus": {"lastUpdateTime": "2020-10-15T14:12:57.9829964+00:00"}}], "UpdateStatus": {"lastUpdateTime": "2020-10-15T14:12:57.9883530+00:00"}}