{"Leader": {"MegaDraftGroupId": 1, "MegaContestKey": "90323372", "MegaEntryKey": "2167828673", "UserName": "sansbacon", "UserKey": "725157", "UserMegaEntryCount": 0, "UserMegaEntryIndex": 0, "TimeRemainingOpponent": 0, "Rank": 1, "FantasyPoints": 1013.92, "FantasyPointsOpponent": 1013.66, "RankScore": 0, "RankScoreOpponent": 0, "UserNameOpponent": "mrl176", "WinningValue": 2.7, "Winnings": [{"value": 2.7, "description": "Cash"}], "UpdateStatus": {"lastUpdateTime": "2020-10-15T14:12:57.9891626+00:00"}}, "LastWinningMegaEntry": {"MegaDraftGroupId": 1, "MegaContestKey": "90323372", "MegaEntryKey": "2167828673", "UserName": "sansbacon", "UserKey": "725157", "UserMegaEntryCount": 0, "UserMegaEntryIndex": 0, "TimeRemainingOpponent": 0, "Rank": 1, "FantasyPoints": 1013.92, "FantasyPointsOpponent": 1013.66, "RankScore": 0, "RankScoreOpponent": 0, "UserNameOpponent": "mrl176", "WinningValue": 2.7, "Winnings": [{"value": 2.7, "description": "Cash"}], "UpdateStatus": {"lastUpdateTime": "2020-10-15T14:12:57.9891626+00:00"}}, "Leaderboard": [{"MegaDraftGroupId": 1, "MegaContestKey": "90323372", "MegaEntryKey": "2167828673", "UserName": "sansbacon", "UserKey": "725157", "UserMegaEntryCount": 0, "UserMegaEntryIndex": 0, "TimeRemainingOpponent": 0, "Rank": 1, "FantasyPoints": 1013.92, "FantasyPointsOpponent": 1013.66, "RankScore": 0, "RankScoreOpponent": 0, "UserNameOpponent": "mrl176", "WinningValue": 2.7, "Winnings": [{"value": 2.7, "description": "Cash"}], "UpdateStatus": {"lastUpdateTime": "2020-10-15T14:12:57.9891626+00:00"}}, {"MegaDraftGroupId": 1, "MegaContestKey": "90323372", "MegaEntryKey": "2167821256", "UserName": "mrl176", "UserKey": "5987750", "UserMegaEntryCount": 0, "UserMegaEntryIndex": 0, "TimeRemainingOpponent": 0, "Rank": 2, "FantasyPoints": 1013.66, "FantasyPointsOpponent": 1013.92, "RankScore": 0, "RankScoreOpponent": 0, "UserNameOpponent": "sansbacon", "WinningValue": 0, "UpdateStatus": {"lastUpdateTime": "2020-10-15T14:12:57.9729547+00:00"}}, {"MegaDraftGroupId": 1, "MegaContestKey": "90323372", "MegaEntryKey": "2167807385", "UserName": "jbell1984", "UserKey": "3188459", "UserMegaEntryCount": 0, "UserMegaEntryIndex": 0, "TimeRemainingOpponent": 0, "Rank": 3, "FantasyPoints": 985.58, "FantasyPointsOpponent": 1013.92, "RankScore": 0, "RankScoreOpponent": 0, "UserNameOpponent": "sansbacon", "WinningValue": 0, "UpdateStatus": {"lastUpdateTime": "2020-10-15T14:12:57.9841184+00:00"}}], "UpdateStatus": {"lastUpdateTime": "2020-10-15T14:12:57.9911299+00:00"}}