{"href": "/scores/v1/contests/90323581/", "contestKey": "90323581", "leader": {"draftGroupId": 37605, "contestKey": "90323581", "entryKey": "2167839341", "lineupId": 2568373667, "userName": "sansbacon", "userKey": "725157", "userEntryCount": 1, "userEntryIndex": 1, "timeRemaining": 21.12, "timeRemainingUnit": "PMR", "maxTimeRemaining": 1200, "timeRemainingOpponent": 81.12, "rank": 1, "fantasyPoints": 239.88, "fantasyPointsOpponent": 197.5, "userNameOpponent": "mrl176", "winningValue": 0}, "leaderBoard": [{"draftGroupId": 37605, "contestKey": "90323581", "entryKey": "2167839341", "lineupId": 2568373667, "userName": "sansbacon", "userKey": "725157", "userEntryCount": 1, "userEntryIndex": 1, "timeRemaining": 21.12, "timeRemainingUnit": "PMR", "maxTimeRemaining": 1200, "timeRemainingOpponent": 81.12, "rank": 1, "fantasyPoints": 239.88, "fantasyPointsOpponent": 197.5, "userNameOpponent": "mrl176", "winningValue": 0}, {"draftGroupId": 37605, "contestKey": "90323581", "entryKey": "2167849026", "lineupId": 2568373668, "userName": "mrl176", "userKey": "5987750", "userEntryCount": 1, "userEntryIndex": 1, "timeRemaining": 81.12, "timeRemainingUnit": "PMR", "maxTimeRemaining": 1200, "timeRemainingOpponent": 21.12, "rank": 2, "fantasyPoints": 197.5, "fantasyPointsOpponent": 239.88, "userNameOpponent": "sansbacon", "winningValue": 0}, {"draftGroupId": 37605, "contestKey": "90323581", "entryKey": "2167849232", "lineupId": 2568373669, "userName": "cjacobin", "userKey": "3931627", "userEntryCount": 1, "userEntryIndex": 1, "timeRemaining": 141.12, "timeRemainingUnit": "PMR", "maxTimeRemaining": 1200, "timeRemainingOpponent": 21.12, "rank": 3, "fantasyPoints": 169.48, "fantasyPointsOpponent": 239.88, "userNameOpponent": "sansbacon", "winningValue": 0}]}