{"href": "/scores/v1/contests/90323618/", "contestKey": "90323618", "leader": {"draftGroupId": 37605, "contestKey": "90323618", "entryKey": "2167840481", "lineupId": 2568377471, "userName": "mrl176", "userKey": "5987750", "userEntryCount": 1, "userEntryIndex": 1, "timeRemaining": 162.24, "timeRemainingUnit": "PMR", "maxTimeRemaining": 1200, "timeRemainingOpponent": 0, "rank": 1, "fantasyPoints": 213.78, "fantasyPointsOpponent": 207.7, "userNameOpponent": "sansbacon", "winningValue": 0}, "leaderBoard": [{"draftGroupId": 37605, "contestKey": "90323618", "entryKey": "2167840481", "lineupId": 2568377471, "userName": "mrl176", "userKey": "5987750", "userEntryCount": 1, "userEntryIndex": 1, "timeRemaining": 162.24, "timeRemainingUnit": "PMR", "maxTimeRemaining": 1200, "timeRemainingOpponent": 0, "rank": 1, "fantasyPoints": 213.78, "fantasyPointsOpponent": 207.7, "userNameOpponent": "sansbacon", "winningValue": 0}, {"draftGroupId": 37605, "contestKey": "90323618", "entryKey": "2167850197", "lineupId": 2568377473, "userName": "sansbacon", "userKey": "725157", "userEntryCount": 1, "userEntryIndex": 1, "timeRemaining": 0, "timeRemainingUnit": "PMR", "maxTimeRemaining": 1200, "timeRemainingOpponent": 162.24, "rank": 2, "fantasyPoints": 207.7, "fantasyPointsOpponent": 213.78, "userNameOpponent": "mrl176", "winningValue": 0}, {"draftGroupId": 37605, "contestKey": "90323618", "entryKey": "2167840753", "lineupId": 2568377472, "userName": "cjacobin", "userKey": "3931627", "userEntryCount": 1, "userEntryIndex": 1, "timeRemaining": 102.24, "timeRemainingUnit": "PMR", "maxTimeRemaining": 1200, "timeRemainingOpponent": 162.24, "rank": 3, "fantasyPoints": 191.8, "fantasyPointsOpponent": 213.78, "userNameOpponent": "mrl176", "winningValue": 0}]}