{"Leader": {"MegaDraftGroupId": 1, "MegaContestKey": "90323618", "MegaEntryKey": "2167850197", "UserName": "sansbacon", "UserKey": "725157", "UserMegaEntryCount": 0, "UserMegaEntryIndex": 0, "TimeRemainingOpponent": 0, "Rank": 1, "FantasyPoints": 1069.8, "FantasyPointsOpponent": 1003.06, "RankScore": 0, "RankScoreOpponent": 0, "UserNameOpponent": "cjacobin", "WinningValue": 2.7, "Winnings": [{"value": 2.7, "description": "Cash"}], "UpdateStatus": {"lastUpdateTime": "2020-10-15T14:12:58.0048476+00:00"}}, "LastWinningMegaEntry": {"MegaDraftGroupId": 1, "MegaContestKey": "90323618", "MegaEntryKey": "2167850197", "UserName": "sansbacon", "UserKey": "725157", "UserMegaEntryCount": 0, "UserMegaEntryIndex": 0, "TimeRemainingOpponent": 0, "Rank": 1, "FantasyPoints": 1069.8, "FantasyPointsOpponent": 1003.06, "RankScore": 0, "RankScoreOpponent": 0, "UserNameOpponent": "cjacobin", "WinningValue": 2.7, "Winnings": [{"value": 2.7, "description": "Cash"}], "UpdateStatus": {"lastUpdateTime": "2020-10-15T14:12:58.0048476+00:00"}}, "Leaderboard": [{"MegaDraftGroupId": 1, "MegaContestKey": "90323618", "MegaEntryKey": "2167850197", "UserName": "sansbacon", "UserKey": "725157", "UserMegaEntryCount": 0, "UserMegaEntryIndex": 0, "TimeRemainingOpponent": 0, "Rank": 1, "FantasyPoints": 1069.8, "FantasyPointsOpponent": 1003.06, "RankScore": 0, "RankScoreOpponent": 0, "UserNameOpponent": "cjacobin", "WinningValue": 2.7, "Winnings": [{"value": 2.7, "description": "Cash"}], "UpdateStatus": {"lastUpdateTime": "2020-10-15T14:12:58.0048476+00:00"}}, {"MegaDraftGroupId": 1, "MegaContestKey": "90323618", "MegaEntryKey": "2167840753", "UserName": "cjacobin", "UserKey": "3931627", "UserMegaEntryCount": 0, "UserMegaEntryIndex": 0, "TimeRemainingOpponent": 0, "Rank": 2, "FantasyPoints": 1003.06, "FantasyPointsOpponent": 1069.8, "RankScore": 0, "RankScoreOpponent": 0, "UserNameOpponent": "sansbacon", "WinningValue": 0, "UpdateStatus": {"lastUpdateTime": "2020-10-15T14:12:58.0045768+00:00"}}, {"MegaDraftGroupId": 1, "MegaContestKey": "90323618", "MegaEntryKey": "2167840481", "UserName": "mrl176", "UserKey": "5987750", "UserMegaEntryCount": 0, "UserMegaEntryIndex": 0, "TimeRemainingOpponent": 0, "Rank": 3, "FantasyPoints": 992.64, "FantasyPointsOpponent": 1069.8, "RankScore": 0, "RankScoreOpponent": 0, "UserNameOpponent": "sansbacon", "WinningValue": 0, "UpdateStatus": {"lastUpdateTime": "2020-10-15T14:12:58.0042000+00:00"}}], "UpdateStatus": {"lastUpdateTime": "2020-10-15T14:12:58.0083977+00:00"}}