{"href": "/scores/v1/contests/90323372/", "contestKey": "90323372", "leader": {"draftGroupId": 37605, "contestKey": "90323372", "entryKey": "2167821256", "lineupId": 2568370745, "userName": "mrl176", "userKey": "5987750", "userEntryCount": 1, "userEntryIndex": 1, "timeRemaining": 21.12, "timeRemainingUnit": "PMR", "maxTimeRemaining": 1200, "timeRemainingOpponent": 141.12, "rank": 1, "fantasyPoints": 232.8, "fantasyPointsOpponent": 192.48, "userNameOpponent": "jbell1984", "winningValue": 0}, "leaderBoard": [{"draftGroupId": 37605, "contestKey": "90323372", "entryKey": "2167821256", "lineupId": 2568370745, "userName": "mrl176", "userKey": "5987750", "userEntryCount": 1, "userEntryIndex": 1, "timeRemaining": 21.12, "timeRemainingUnit": "PMR", "maxTimeRemaining": 1200, "timeRemainingOpponent": 141.12, "rank": 1, "fantasyPoints": 232.8, "fantasyPointsOpponent": 192.48, "userNameOpponent": "jbell1984", "winningValue": 0}, {"draftGroupId": 37605, "contestKey": "90323372", "entryKey": "2167807385", "lineupId": 2568370744, "userName": "jbell1984", "userKey": "3188459", "userEntryCount": 1, "userEntryIndex": 1, "timeRemaining": 141.12, "timeRemainingUnit": "PMR", "maxTimeRemaining": 1200, "timeRemainingOpponent": 21.12, "rank": 2, "fantasyPoints": 192.48, "fantasyPointsOpponent": 232.8, "userNameOpponent": "mrl176", "winningValue": 0}, {"draftGroupId": 37605, "contestKey": "90323372", "entryKey": "2167828673", "lineupId": 2568370746, "userName": "sansbacon", "userKey": "725157", "userEntryCount": 1, "userEntryIndex": 1, "timeRemaining": 102.24, "timeRemainingUnit": "PMR", "maxTimeRemaining": 1200, "timeRemainingOpponent": 21.12, "rank": 3, "fantasyPoints": 184.6, "fantasyPointsOpponent": 232.8, "userNameOpponent": "mrl176", "winningValue": 0}]}