{"href": "/scores/v1/contests/90367433/", "contestKey": "90367433", "leader": {"draftGroupId": 37605, "contestKey": "90367433", "entryKey": "2169305999", "lineupId": 2569908723, "userName": "sansbacon", "userKey": "725157", "userEntryCount": 1, "userEntryIndex": 1, "timeRemaining": 42.24, "timeRemainingUnit": "PMR", "maxTimeRemaining": 1200, "timeRemainingOpponent": 81.12, "rank": 1, "fantasyPoints": 214.42, "fantasyPointsOpponent": 190.3, "userNameOpponent": "grandchamp80", "winningValue": 0}, "leaderBoard": [{"draftGroupId": 37605, "contestKey": "90367433", "entryKey": "2169305999", "lineupId": 2569908723, "userName": "sansbacon", "userKey": "725157", "userEntryCount": 1, "userEntryIndex": 1, "timeRemaining": 42.24, "timeRemainingUnit": "PMR", "maxTimeRemaining": 1200, "timeRemainingOpponent": 81.12, "rank": 1, "fantasyPoints": 214.42, "fantasyPointsOpponent": 190.3, "userNameOpponent": "grandchamp80", "winningValue": 0}, {"draftGroupId": 37605, "contestKey": "90367433", "entryKey": "2169320398", "lineupId": 2569908724, "userName": "grandchamp80", "userKey": "8375010", "userEntryCount": 1, "userEntryIndex": 1, "timeRemaining": 81.12, "timeRemainingUnit": "PMR", "maxTimeRemaining": 1200, "timeRemainingOpponent": 42.24, "rank": 2, "fantasyPoints": 190.3, "fantasyPointsOpponent": 214.42, "userNameOpponent": "sansbacon", "winningValue": 0}, {"draftGroupId": 37605, "contestKey": "90367433", "entryKey": "2169296866", "lineupId": 2569908722, "userName": "skinnyjim4", "userKey": "6458157", "userEntryCount": 1, "userEntryIndex": 1, "timeRemaining": 162.24, "timeRemainingUnit": "PMR", "maxTimeRemaining": 1200, "timeRemainingOpponent": 42.24, "rank": 3, "fantasyPoints": 166.38, "fantasyPointsOpponent": 214.42, "userNameOpponent": "sansbacon", "winningValue": 0}]}