{"Leader": {"MegaDraftGroupId": 1, "MegaContestKey": "90367939", "MegaEntryKey": "2169329583", "UserName": "DeacafJakleah", "UserKey": "3608743", "UserMegaEntryCount": 0, "UserMegaEntryIndex": 0, "TimeRemainingOpponent": 0, "Rank": 1, "FantasyPoints": 1041.28, "FantasyPointsOpponent": 991.34, "RankScore": 0, "RankScoreOpponent": 0, "UserNameOpponent": "skinnyjim4", "WinningValue": 2.7, "Winnings": [{"value": 2.7, "description": "Cash"}], "UpdateStatus": {"lastUpdateTime": "2020-10-15T14:12:57.9159057+00:00"}}, "LastWinningMegaEntry": {"MegaDraftGroupId": 1, "MegaContestKey": "90367939", "MegaEntryKey": "2169329583", "UserName": "DeacafJakleah", "UserKey": "3608743", "UserMegaEntryCount": 0, "UserMegaEntryIndex": 0, "TimeRemainingOpponent": 0, "Rank": 1, "FantasyPoints": 1041.28, "FantasyPointsOpponent": 991.34, "RankScore": 0, "RankScoreOpponent": 0, "UserNameOpponent": "skinnyjim4", "WinningValue": 2.7, "Winnings": [{"value": 2.7, "description": "Cash"}], "UpdateStatus": {"lastUpdateTime": "2020-10-15T14:12:57.9159057+00:00"}}, "Leaderboard": [{"MegaDraftGroupId": 1, "MegaContestKey": "90367939", "MegaEntryKey": "2169329583", "UserName": "DeacafJakleah", "UserKey": "3608743", "UserMegaEntryCount": 0, "UserMegaEntryIndex": 0, "TimeRemainingOpponent": 0, "Rank": 1, "FantasyPoints": 1041.28, "FantasyPointsOpponent": 991.34, "RankScore": 0, "RankScoreOpponent": 0, "UserNameOpponent": "skinnyjim4", "WinningValue": 2.7, "Winnings": [{"value": 2.7, "description": "Cash"}], "UpdateStatus": {"lastUpdateTime": "2020-10-15T14:12:57.9159057+00:00"}}, {"MegaDraftGroupId": 1, "MegaContestKey": "90367939", "MegaEntryKey": "2169309115", "UserName": "skinnyjim4", "UserKey": "6458157", "UserMegaEntryCount": 0, "UserMegaEntryIndex": 0, "TimeRemainingOpponent": 0, "Rank": 2, "FantasyPoints": 991.34, "FantasyPointsOpponent": 1041.28, "RankScore": 0, "RankScoreOpponent": 0, "UserNameOpponent": "DeacafJakleah", "WinningValue": 0, "UpdateStatus": {"lastUpdateTime": "2020-10-15T14:12:57.9051955+00:00"}}, {"MegaDraftGroupId": 1, "MegaContestKey": "90367939", "MegaEntryKey": "2169308903", "UserName": "sansbacon", "UserKey": "725157", "UserMegaEntryCount": 0, "UserMegaEntryIndex": 0, "TimeRemainingOpponent": 0, "Rank": 3, "FantasyPoints": 981.52, "FantasyPointsOpponent": 1041.28, "RankScore": 0, "RankScoreOpponent": 0, "UserNameOpponent": "DeacafJakleah", "WinningValue": 0, "UpdateStatus": {"lastUpdateTime": "2020-10-15T14:12:57.9160521+00:00"}}], "UpdateStatus": {"lastUpdateTime": "2020-10-15T14:12:57.9167700+00:00"}}