{"Leader": {"MegaDraftGroupId": 1, "MegaContestKey": "90367433", "MegaEntryKey": "2169305999", "UserName": "sansbacon", "UserKey": "725157", "UserMegaEntryCount": 0, "UserMegaEntryIndex": 0, "TimeRemainingOpponent": 0, "Rank": 1, "FantasyPoints": 1082.74, "FantasyPointsOpponent": 968.2, "RankScore": 0, "RankScoreOpponent": 0, "UserNameOpponent": "grandchamp80", "WinningValue": 2.7, "Winnings": [{"value": 2.7, "description": "Cash"}], "UpdateStatus": {"lastUpdateTime": "2020-10-15T14:12:57.8925249+00:00"}}, "LastWinningMegaEntry": {"MegaDraftGroupId": 1, "MegaContestKey": "90367433", "MegaEntryKey": "2169305999", "UserName": "sansbacon", "UserKey": "725157", "UserMegaEntryCount": 0, "UserMegaEntryIndex": 0, "TimeRemainingOpponent": 0, "Rank": 1, "FantasyPoints": 1082.74, "FantasyPointsOpponent": 968.2, "RankScore": 0, "RankScoreOpponent": 0, "UserNameOpponent": "grandchamp80", "WinningValue": 2.7, "Winnings": [{"value": 2.7, "description": "Cash"}], "UpdateStatus": {"lastUpdateTime": "2020-10-15T14:12:57.8925249+00:00"}}, "Leaderboard": [{"MegaDraftGroupId": 1, "MegaContestKey": "90367433", "MegaEntryKey": "2169305999", "UserName": "sansbacon", "UserKey": "725157", "UserMegaEntryCount": 0, "UserMegaEntryIndex": 0, "TimeRemainingOpponent": 0, "Rank": 1, "FantasyPoints": 1082.74, "FantasyPointsOpponent": 968.2, "RankScore": 0, "RankScoreOpponent": 0, "UserNameOpponent": "grandchamp80", "WinningValue": 2.7, "Winnings": [{"value": 2.7, "description": "Cash"}], "UpdateStatus": {"lastUpdateTime": "2020-10-15T14:12:57.8925249+00:00"}}, {"MegaDraftGroupId": 1, "MegaContestKey": "90367433", "MegaEntryKey": "2169320398", "UserName": "grandchamp80", "UserKey": "8375010", "UserMegaEntryCount": 0, "UserMegaEntryIndex": 0, "TimeRemainingOpponent": 0, "Rank": 2, "FantasyPoints": 968.2, "FantasyPointsOpponent": 1082.74, "RankScore": 0, "RankScoreOpponent": 0, "UserNameOpponent": "sansbacon", "WinningValue": 0, "UpdateStatus": {"lastUpdateTime": "2020-10-15T14:12:57.8930056+00:00"}}, {"MegaDraftGroupId": 1, "MegaContestKey": "90367433", "MegaEntryKey": "2169296866", "UserName": "skinnyjim4", "UserKey": "6458157", "UserMegaEntryCount": 0, "UserMegaEntryIndex": 0, "TimeRemainingOpponent": 0, "Rank": 3, "FantasyPoints": 961.36, "FantasyPointsOpponent": 1082.74, "RankScore": 0, "RankScoreOpponent": 0, "UserNameOpponent": "sansbacon", "WinningValue": 0, "UpdateStatus": {"lastUpdateTime": "2020-10-15T14:12:57.8916818+00:00"}}], "UpdateStatus": {"lastUpdateTime": "2020-10-15T14:12:57.8948349+00:00"}}