{"href": "/scores/v1/contests/90367939/", "contestKey": "90367939", "leader": {"draftGroupId": 37605, "contestKey": "90367939", "entryKey": "2169329583", "lineupId": 2569922241, "userName": "DeacafJakleah", "userKey": "3608743", "userEntryCount": 1, "userEntryIndex": 1, "timeRemaining": 120, "timeRemainingUnit": "PMR", "maxTimeRemaining": 1200, "timeRemainingOpponent": 63.36, "rank": 1, "fantasyPoints": 228.98, "fantasyPointsOpponent": 190.5, "userNameOpponent": "sansbacon", "winningValue": 0}, "leaderBoard": [{"draftGroupId": 37605, "contestKey": "90367939", "entryKey": "2169329583", "lineupId": 2569922241, "userName": "DeacafJakleah", "userKey": "3608743", "userEntryCount": 1, "userEntryIndex": 1, "timeRemaining": 120, "timeRemainingUnit": "PMR", "maxTimeRemaining": 1200, "timeRemainingOpponent": 63.36, "rank": 1, "fantasyPoints": 228.98, "fantasyPointsOpponent": 190.5, "userNameOpponent": "sansbacon", "winningValue": 0}, {"draftGroupId": 37605, "contestKey": "90367939", "entryKey": "2169308903", "lineupId": 2569922238, "userName": "sansbacon", "userKey": "725157", "userEntryCount": 1, "userEntryIndex": 1, "timeRemaining": 63.36, "timeRemainingUnit": "PMR", "maxTimeRemaining": 1200, "timeRemainingOpponent": 120, "rank": 2, "fantasyPoints": 190.5, "fantasyPointsOpponent": 228.98, "userNameOpponent": "DeacafJakleah", "winningValue": 0}, {"draftGroupId": 37605, "contestKey": "90367939", "entryKey": "2169309115", "lineupId": 2569922240, "userName": "skinnyjim4", "userKey": "6458157", "userEntryCount": 1, "userEntryIndex": 1, "timeRemaining": 81.12, "timeRemainingUnit": "PMR", "maxTimeRemaining": 1200, "timeRemainingOpponent": 120, "rank": 3, "fantasyPoints": 189.08, "fantasyPointsOpponent": 228.98, "userNameOpponent": "DeacafJakleah", "winningValue": 0}]}