{"href": "/scores/v1/contests/90374909/", "contestKey": "90374909", "leader": {"draftGroupId": 37605, "contestKey": "90374909", "entryKey": "2169456443", "lineupId": 2570052237, "userName": "James23", "userKey": "77688", "userEntryCount": 1, "userEntryIndex": 1, "timeRemaining": 102.24, "timeRemainingUnit": "PMR", "maxTimeRemaining": 1200, "timeRemainingOpponent": 21.12, "rank": 1, "fantasyPoints": 218.1, "fantasyPointsOpponent": 199.38, "userNameOpponent": "serratoservin", "winningValue": 0}, "leaderBoard": [{"draftGroupId": 37605, "contestKey": "90374909", "entryKey": "2169456443", "lineupId": 2570052237, "userName": "James23", "userKey": "77688", "userEntryCount": 1, "userEntryIndex": 1, "timeRemaining": 102.24, "timeRemainingUnit": "PMR", "maxTimeRemaining": 1200, "timeRemainingOpponent": 21.12, "rank": 1, "fantasyPoints": 218.1, "fantasyPointsOpponent": 199.38, "userNameOpponent": "serratoservin", "winningValue": 0}, {"draftGroupId": 37605, "contestKey": "90374909", "entryKey": "2169479933", "lineupId": 2570052238, "userName": "serratoservin", "userKey": "6084083", "userEntryCount": 1, "userEntryIndex": 1, "timeRemaining": 21.12, "timeRemainingUnit": "PMR", "maxTimeRemaining": 1200, "timeRemainingOpponent": 102.24, "rank": 2, "fantasyPoints": 199.38, "fantasyPointsOpponent": 218.1, "userNameOpponent": "James23", "winningValue": 0}, {"draftGroupId": 37605, "contestKey": "90374909", "entryKey": "2169480219", "lineupId": 2570052240, "userName": "sansbacon", "userKey": "725157", "userEntryCount": 1, "userEntryIndex": 1, "timeRemaining": 81.12, "timeRemainingUnit": "PMR", "maxTimeRemaining": 1200, "timeRemainingOpponent": 102.24, "rank": 3, "fantasyPoints": 188.3, "fantasyPointsOpponent": 218.1, "userNameOpponent": "James23", "winningValue": 0}]}