{"href": "/scores/v1/contests/90374598/", "contestKey": "90374598", "leader": {"draftGroupId": 37605, "contestKey": "90374598", "entryKey": "2169453951", "lineupId": 2570045191, "userName": "ajstrumeyer", "userKey": "11970018", "userEntryCount": 1, "userEntryIndex": 1, "timeRemaining": 81.12, "timeRemainingUnit": "PMR", "maxTimeRemaining": 1200, "timeRemainingOpponent": 21.12, "rank": 1, "fantasyPoints": 202.48, "fantasyPointsOpponent": 200.58, "userNameOpponent": "Hudogs1963", "winningValue": 0}, "leaderBoard": [{"draftGroupId": 37605, "contestKey": "90374598", "entryKey": "2169453951", "lineupId": 2570045191, "userName": "ajstrumeyer", "userKey": "11970018", "userEntryCount": 1, "userEntryIndex": 1, "timeRemaining": 81.12, "timeRemainingUnit": "PMR", "maxTimeRemaining": 1200, "timeRemainingOpponent": 21.12, "rank": 1, "fantasyPoints": 202.48, "fantasyPointsOpponent": 200.58, "userNameOpponent": "Hudogs1963", "winningValue": 0}, {"draftGroupId": 37605, "contestKey": "90374598", "entryKey": "2169448640", "lineupId": 2570045190, "userName": "Hudogs1963", "userKey": "3345890", "userEntryCount": 1, "userEntryIndex": 1, "timeRemaining": 21.12, "timeRemainingUnit": "PMR", "maxTimeRemaining": 1200, "timeRemainingOpponent": 81.12, "rank": 2, "fantasyPoints": 200.58, "fantasyPointsOpponent": 202.48, "userNameOpponent": "ajstrumeyer", "winningValue": 0}, {"draftGroupId": 37605, "contestKey": "90374598", "entryKey": "2169454209", "lineupId": 2570045192, "userName": "sansbacon", "userKey": "725157", "userEntryCount": 1, "userEntryIndex": 1, "timeRemaining": 183.36, "timeRemainingUnit": "PMR", "maxTimeRemaining": 1200, "timeRemainingOpponent": 81.12, "rank": 3, "fantasyPoints": 196.7, "fantasyPointsOpponent": 202.48, "userNameOpponent": "ajstrumeyer", "winningValue": 0}]}