{"Leader": {"MegaDraftGroupId": 1, "MegaContestKey": "90374909", "MegaEntryKey": "2169479933", "UserName": "serratoservin", "UserKey": "6084083", "UserMegaEntryCount": 0, "UserMegaEntryIndex": 0, "TimeRemainingOpponent": 0, "Rank": 1, "FantasyPoints": 1044.06, "FantasyPointsOpponent": 1031.2, "RankScore": 0, "RankScoreOpponent": 0, "UserNameOpponent": "sansbacon", "WinningValue": 2.7, "Winnings": [{"value": 2.7, "description": "Cash"}], "UpdateStatus": {"lastUpdateTime": "2020-10-15T14:12:57.8688910+00:00"}}, "LastWinningMegaEntry": {"MegaDraftGroupId": 1, "MegaContestKey": "90374909", "MegaEntryKey": "2169479933", "UserName": "serratoservin", "UserKey": "6084083", "UserMegaEntryCount": 0, "UserMegaEntryIndex": 0, "TimeRemainingOpponent": 0, "Rank": 1, "FantasyPoints": 1044.06, "FantasyPointsOpponent": 1031.2, "RankScore": 0, "RankScoreOpponent": 0, "UserNameOpponent": "sansbacon", "WinningValue": 2.7, "Winnings": [{"value": 2.7, "description": "Cash"}], "UpdateStatus": {"lastUpdateTime": "2020-10-15T14:12:57.8688910+00:00"}}, "Leaderboard": [{"MegaDraftGroupId": 1, "MegaContestKey": "90374909", "MegaEntryKey": "2169479933", "UserName": "serratoservin", "UserKey": "6084083", "UserMegaEntryCount": 0, "UserMegaEntryIndex": 0, "TimeRemainingOpponent": 0, "Rank": 1, "FantasyPoints": 1044.06, "FantasyPointsOpponent": 1031.2, "RankScore": 0, "RankScoreOpponent": 0, "UserNameOpponent": "sansbacon", "WinningValue": 2.7, "Winnings": [{"value": 2.7, "description": "Cash"}], "UpdateStatus": {"lastUpdateTime": "2020-10-15T14:12:57.8688910+00:00"}}, {"MegaDraftGroupId": 1, "MegaContestKey": "90374909", "MegaEntryKey": "2169480219", "UserName": "sansbacon", "UserKey": "725157", "UserMegaEntryCount": 0, "UserMegaEntryIndex": 0, "TimeRemainingOpponent": 0, "Rank": 2, "FantasyPoints": 1031.2, "FantasyPointsOpponent": 1044.06, "RankScore": 0, "RankScoreOpponent": 0, "UserNameOpponent": "serratoservin", "WinningValue": 0, "UpdateStatus": {"lastUpdateTime": "2020-10-15T14:12:57.8885045+00:00"}}, {"MegaDraftGroupId": 1, "MegaContestKey": "90374909", "MegaEntryKey": "2169456443", "UserName": "James23", "UserKey": "77688", "UserMegaEntryCount": 0, "UserMegaEntryIndex": 0, "TimeRemainingOpponent": 0, "Rank": 3, "FantasyPoints": 947, "FantasyPointsOpponent": 1044.06, "RankScore": 0, "RankScoreOpponent": 0, "UserNameOpponent": "serratoservin", "WinningValue": 0, "UpdateStatus": {"lastUpdateTime": "2020-10-15T14:12:57.8876487+00:00"}}], "UpdateStatus": {"lastUpdateTime": "2020-10-15T14:12:57.8962237+00:00"}}