{"Leader": {"MegaDraftGroupId": 1, "MegaContestKey": "90374598", "MegaEntryKey": "2169454209", "UserName": "sansbacon", "UserKey": "725157", "UserMegaEntryCount": 0, "UserMegaEntryIndex": 0, "TimeRemainingOpponent": 0, "Rank": 1, "FantasyPoints": 1051.06, "FantasyPointsOpponent": 1005.86, "RankScore": 0, "RankScoreOpponent": 0, "UserNameOpponent": "Hudogs1963", "WinningValue": 2.7, "Winnings": [{"value": 2.7, "description": "Cash"}], "UpdateStatus": {"lastUpdateTime": "2020-10-15T14:12:57.8127384+00:00"}}, "LastWinningMegaEntry": {"MegaDraftGroupId": 1, "MegaContestKey": "90374598", "MegaEntryKey": "2169454209", "UserName": "sansbacon", "UserKey": "725157", "UserMegaEntryCount": 0, "UserMegaEntryIndex": 0, "TimeRemainingOpponent": 0, "Rank": 1, "FantasyPoints": 1051.06, "FantasyPointsOpponent": 1005.86, "RankScore": 0, "RankScoreOpponent": 0, "UserNameOpponent": "Hudogs1963", "WinningValue": 2.7, "Winnings": [{"value": 2.7, "description": "Cash"}], "UpdateStatus": {"lastUpdateTime": "2020-10-15T14:12:57.8127384+00:00"}}, "Leaderboard": [{"MegaDraftGroupId": 1, "MegaContestKey": "90374598", "MegaEntryKey": "2169454209", "UserName": "sansbacon", "UserKey": "725157", "UserMegaEntryCount": 0, "UserMegaEntryIndex": 0, "TimeRemainingOpponent": 0, "Rank": 1, "FantasyPoints": 1051.06, "FantasyPointsOpponent": 1005.86, "RankScore": 0, "RankScoreOpponent": 0, "UserNameOpponent": "Hudogs1963", "WinningValue": 2.7, "Winnings": [{"value": 2.7, "description": "Cash"}], "UpdateStatus": {"lastUpdateTime": "2020-10-15T14:12:57.8127384+00:00"}}, {"MegaDraftGroupId": 1, "MegaContestKey": "90374598", "MegaEntryKey": "2169448640", "UserName": "Hudogs1963", "UserKey": "3345890", "UserMegaEntryCount": 0, "UserMegaEntryIndex": 0, "TimeRemainingOpponent": 0, "Rank": 2, "FantasyPoints": 1005.86, "FantasyPointsOpponent": 1051.06, "RankScore": 0, "RankScoreOpponent": 0, "UserNameOpponent": "sansbacon", "WinningValue": 0, "UpdateStatus": {"lastUpdateTime": "2020-10-15T14:12:57.8196415+00:00"}}, {"MegaDraftGroupId": 1, "MegaContestKey": "90374598", "MegaEntryKey": "2169453951", "UserName": "ajstrumeyer", "UserKey": "11970018", "UserMegaEntryCount": 0, "UserMegaEntryIndex": 0, "TimeRemainingOpponent": 0, "Rank": 3, "FantasyPoints": 945.92, "FantasyPointsOpponent": 1051.06, "RankScore": 0, "RankScoreOpponent": 0, "UserNameOpponent": "sansbacon", "WinningValue": 0, "UpdateStatus": {"lastUpdateTime": "2020-10-15T14:12:57.8123113+00:00"}}], "UpdateStatus": {"lastUpdateTime": "2020-10-15T14:12:57.8217353+00:00"}}