{"Leader": {"MegaDraftGroupId": 1, "MegaContestKey": "90406868", "MegaEntryKey": "2170305792", "UserName": "hawlcoach", "UserKey": "1623994", "UserMegaEntryCount": 0, "UserMegaEntryIndex": 0, "TimeRemainingOpponent": 0, "Rank": 1, "FantasyPoints": 1066.28, "FantasyPointsOpponent": 967, "RankScore": 0, "RankScoreOpponent": 0, "UserNameOpponent": "rjb5440", "WinningValue": 2.7, "Winnings": [{"value": 2.7, "description": "Cash"}], "UpdateStatus": {"lastUpdateTime": "2020-10-15T14:12:58.7395959+00:00"}}, "LastWinningMegaEntry": {"MegaDraftGroupId": 1, "MegaContestKey": "90406868", "MegaEntryKey": "2170305792", "UserName": "hawlcoach", "UserKey": "1623994", "UserMegaEntryCount": 0, "UserMegaEntryIndex": 0, "TimeRemainingOpponent": 0, "Rank": 1, "FantasyPoints": 1066.28, "FantasyPointsOpponent": 967, "RankScore": 0, "RankScoreOpponent": 0, "UserNameOpponent": "rjb5440", "WinningValue": 2.7, "Winnings": [{"value": 2.7, "description": "Cash"}], "UpdateStatus": {"lastUpdateTime": "2020-10-15T14:12:58.7395959+00:00"}}, "Leaderboard": [{"MegaDraftGroupId": 1, "MegaContestKey": "90406868", "MegaEntryKey": "2170305792", "UserName": "hawlcoach", "UserKey": "1623994", "UserMegaEntryCount": 0, "UserMegaEntryIndex": 0, "TimeRemainingOpponent": 0, "Rank": 1, "FantasyPoints": 1066.28, "FantasyPointsOpponent": 967, "RankScore": 0, "RankScoreOpponent": 0, "UserNameOpponent": "rjb5440", "WinningValue": 2.7, "Winnings": [{"value": 2.7, "description": "Cash"}], "UpdateStatus": {"lastUpdateTime": "2020-10-15T14:12:58.7395959+00:00"}}, {"MegaDraftGroupId": 1, "MegaContestKey": "90406868", "MegaEntryKey": "2170288359", "UserName": "rjb5440", "UserKey": "889098", "UserMegaEntryCount": 0, "UserMegaEntryIndex": 0, "TimeRemainingOpponent": 0, "Rank": 2, "FantasyPoints": 967, "FantasyPointsOpponent": 1066.28, "RankScore": 0, "RankScoreOpponent": 0, "UserNameOpponent": "hawlcoach", "WinningValue": 0, "UpdateStatus": {"lastUpdateTime": "2020-10-15T14:12:58.7391681+00:00"}}, {"MegaDraftGroupId": 1, "MegaContestKey": "90406868", "MegaEntryKey": "2170296430", "UserName": "sansbacon", "UserKey": "725157", "UserMegaEntryCount": 0, "UserMegaEntryIndex": 0, "TimeRemainingOpponent": 0, "Rank": 3, "FantasyPoints": 960.92, "FantasyPointsOpponent": 1066.28, "RankScore": 0, "RankScoreOpponent": 0, "UserNameOpponent": "hawlcoach", "WinningValue": 0, "UpdateStatus": {"lastUpdateTime": "2020-10-15T14:12:58.7559040+00:00"}}], "UpdateStatus": {"lastUpdateTime": "2020-10-15T14:12:58.7821014+00:00"}}