{"href": "/scores/v1/contests/90406868/", "contestKey": "90406868", "leader": {"draftGroupId": 37605, "contestKey": "90406868", "entryKey": "2170305792", "lineupId": 2570559011, "userName": "hawlcoach", "userKey": "1623994", "userEntryCount": 1, "userEntryIndex": 1, "timeRemaining": 42.24, "timeRemainingUnit": "PMR", "maxTimeRemaining": 1200, "timeRemainingOpponent": 162.24, "rank": 1, "fantasyPoints": 239.78, "fantasyPointsOpponent": 208.1, "userNameOpponent": "sansbacon", "winningValue": 0}, "leaderBoard": [{"draftGroupId": 37605, "contestKey": "90406868", "entryKey": "2170305792", "lineupId": 2570559011, "userName": "hawlcoach", "userKey": "1623994", "userEntryCount": 1, "userEntryIndex": 1, "timeRemaining": 42.24, "timeRemainingUnit": "PMR", "maxTimeRemaining": 1200, "timeRemainingOpponent": 162.24, "rank": 1, "fantasyPoints": 239.78, "fantasyPointsOpponent": 208.1, "userNameOpponent": "sansbacon", "winningValue": 0}, {"draftGroupId": 37605, "contestKey": "90406868", "entryKey": "2170296430", "lineupId": 2570559010, "userName": "sansbacon", "userKey": "725157", "userEntryCount": 1, "userEntryIndex": 1, "timeRemaining": 162.24, "timeRemainingUnit": "PMR", "maxTimeRemaining": 1200, "timeRemainingOpponent": 42.24, "rank": 2, "fantasyPoints": 208.1, "fantasyPointsOpponent": 239.78, "userNameOpponent": "hawlcoach", "winningValue": 0}, {"draftGroupId": 37605, "contestKey": "90406868", "entryKey": "2170288359", "lineupId": 2570559009, "userName": "rjb5440", "userKey": "889098", "userEntryCount": 1, "userEntryIndex": 1, "timeRemaining": 60, "timeRemainingUnit": "PMR", "maxTimeRemaining": 1200, "timeRemainingOpponent": 42.24, "rank": 3, "fantasyPoints": 136.72, "fantasyPointsOpponent": 239.78, "userNameOpponent": "hawlcoach", "winningValue": 0}]}