{"href": "/scores/v1/contests/90425620/", "contestKey": "90425620", "leader": {"draftGroupId": 37605, "contestKey": "90425620", "entryKey": "2171125462", "lineupId": 2571588799, "userName": "sansbacon", "userKey": "725157", "userEntryCount": 1, "userEntryIndex": 1, "timeRemaining": 21.12, "timeRemainingUnit": "PMR", "maxTimeRemaining": 1200, "timeRemainingOpponent": 102.24, "rank": 1, "fantasyPoints": 207.8, "fantasyPointsOpponent": 204.88, "userNameOpponent": "Wdavis82", "winningValue": 0}, "leaderBoard": [{"draftGroupId": 37605, "contestKey": "90425620", "entryKey": "2171125462", "lineupId": 2571588799, "userName": "sansbacon", "userKey": "725157", "userEntryCount": 1, "userEntryIndex": 1, "timeRemaining": 21.12, "timeRemainingUnit": "PMR", "maxTimeRemaining": 1200, "timeRemainingOpponent": 102.24, "rank": 1, "fantasyPoints": 207.8, "fantasyPointsOpponent": 204.88, "userNameOpponent": "Wdavis82", "winningValue": 0}, {"draftGroupId": 37605, "contestKey": "90425620", "entryKey": "2171153636", "lineupId": 2571588801, "userName": "Wdavis82", "userKey": "1075281", "userEntryCount": 1, "userEntryIndex": 1, "timeRemaining": 102.24, "timeRemainingUnit": "PMR", "maxTimeRemaining": 1200, "timeRemainingOpponent": 21.12, "rank": 2, "fantasyPoints": 204.88, "fantasyPointsOpponent": 207.8, "userNameOpponent": "sansbacon", "winningValue": 0}, {"draftGroupId": 37605, "contestKey": "90425620", "entryKey": "2171126427", "lineupId": 2571588800, "userName": "joemannix101", "userKey": "969758", "userEntryCount": 1, "userEntryIndex": 1, "timeRemaining": 81.12, "timeRemainingUnit": "PMR", "maxTimeRemaining": 1200, "timeRemainingOpponent": 21.12, "rank": 3, "fantasyPoints": 185.58, "fantasyPointsOpponent": 207.8, "userNameOpponent": "sansbacon", "winningValue": 0}]}