{"Leader": {"MegaDraftGroupId": 1, "MegaContestKey": "90425620", "MegaEntryKey": "2171125462", "UserName": "sansbacon", "UserKey": "725157", "UserMegaEntryCount": 0, "UserMegaEntryIndex": 0, "TimeRemainingOpponent": 0, "Rank": 1, "FantasyPoints": 1100.76, "FantasyPointsOpponent": 961.58, "RankScore": 0, "RankScoreOpponent": 0, "UserNameOpponent": "joemannix101", "WinningValue": 27, "Winnings": [{"value": 27, "description": "Cash"}], "UpdateStatus": {"lastUpdateTime": "2020-10-15T14:12:58.9962831+00:00"}}, "LastWinningMegaEntry": {"MegaDraftGroupId": 1, "MegaContestKey": "90425620", "MegaEntryKey": "2171125462", "UserName": "sansbacon", "UserKey": "725157", "UserMegaEntryCount": 0, "UserMegaEntryIndex": 0, "TimeRemainingOpponent": 0, "Rank": 1, "FantasyPoints": 1100.76, "FantasyPointsOpponent": 961.58, "RankScore": 0, "RankScoreOpponent": 0, "UserNameOpponent": "joemannix101", "WinningValue": 27, "Winnings": [{"value": 27, "description": "Cash"}], "UpdateStatus": {"lastUpdateTime": "2020-10-15T14:12:58.9962831+00:00"}}, "Leaderboard": [{"MegaDraftGroupId": 1, "MegaContestKey": "90425620", "MegaEntryKey": "2171125462", "UserName": "sansbacon", "UserKey": "725157", "UserMegaEntryCount": 0, "UserMegaEntryIndex": 0, "TimeRemainingOpponent": 0, "Rank": 1, "FantasyPoints": 1100.76, "FantasyPointsOpponent": 961.58, "RankScore": 0, "RankScoreOpponent": 0, "UserNameOpponent": "joemannix101", "WinningValue": 27, "Winnings": [{"value": 27, "description": "Cash"}], "UpdateStatus": {"lastUpdateTime": "2020-10-15T14:12:58.9962831+00:00"}}, {"MegaDraftGroupId": 1, "MegaContestKey": "90425620", "MegaEntryKey": "2171126427", "UserName": "joemannix101", "UserKey": "969758", "UserMegaEntryCount": 0, "UserMegaEntryIndex": 0, "TimeRemainingOpponent": 0, "Rank": 2, "FantasyPoints": 961.58, "FantasyPointsOpponent": 1100.76, "RankScore": 0, "RankScoreOpponent": 0, "UserNameOpponent": "sansbacon", "WinningValue": 0, "UpdateStatus": {"lastUpdateTime": "2020-10-15T14:12:58.9966257+00:00"}}, {"MegaDraftGroupId": 1, "MegaContestKey": "90425620", "MegaEntryKey": "2171153636", "UserName": "Wdavis82", "UserKey": "1075281", "UserMegaEntryCount": 0, "UserMegaEntryIndex": 0, "TimeRemainingOpponent": 0, "Rank": 3, "FantasyPoints": 938.46, "FantasyPointsOpponent": 1100.76, "RankScore": 0, "RankScoreOpponent": 0, "UserNameOpponent": "sansbacon", "WinningValue": 0, "UpdateStatus": {"lastUpdateTime": "2020-10-15T14:12:58.9917081+00:00"}}], "UpdateStatus": {"lastUpdateTime": "2020-10-15T14:12:59.0009599+00:00"}}