{"Leader": {"MegaDraftGroupId": 1, "MegaContestKey": "90438800", "MegaEntryKey": "2171284214", "UserName": "michaelliu19", "UserKey": "8914645", "UserMegaEntryCount": 0, "UserMegaEntryIndex": 0, "TimeRemainingOpponent": 0, "Rank": 1, "FantasyPoints": 1043, "FantasyPointsOpponent": 1024.26, "RankScore": 0, "RankScoreOpponent": 0, "UserNameOpponent": "sansbacon", "WinningValue": 27, "Winnings": [{"value": 27, "description": "Cash"}], "UpdateStatus": {"lastUpdateTime": "2020-10-15T14:12:59.3640367+00:00"}}, "LastWinningMegaEntry": {"MegaDraftGroupId": 1, "MegaContestKey": "90438800", "MegaEntryKey": "2171284214", "UserName": "michaelliu19", "UserKey": "8914645", "UserMegaEntryCount": 0, "UserMegaEntryIndex": 0, "TimeRemainingOpponent": 0, "Rank": 1, "FantasyPoints": 1043, "FantasyPointsOpponent": 1024.26, "RankScore": 0, "RankScoreOpponent": 0, "UserNameOpponent": "sansbacon", "WinningValue": 27, "Winnings": [{"value": 27, "description": "Cash"}], "UpdateStatus": {"lastUpdateTime": "2020-10-15T14:12:59.3640367+00:00"}}, "Leaderboard": [{"MegaDraftGroupId": 1, "MegaContestKey": "90438800", "MegaEntryKey": "2171284214", "UserName": "michaelliu19", "UserKey": "8914645", "UserMegaEntryCount": 0, "UserMegaEntryIndex": 0, "TimeRemainingOpponent": 0, "Rank": 1, "FantasyPoints": 1043, "FantasyPointsOpponent": 1024.26, "RankScore": 0, "RankScoreOpponent": 0, "UserNameOpponent": "sansbacon", "WinningValue": 27, "Winnings": [{"value": 27, "description": "Cash"}], "UpdateStatus": {"lastUpdateTime": "2020-10-15T14:12:59.3640367+00:00"}}, {"MegaDraftGroupId": 1, "MegaContestKey": "90438800", "MegaEntryKey": "2171293361", "UserName": "sansbacon", "UserKey": "725157", "UserMegaEntryCount": 0, "UserMegaEntryIndex": 0, "TimeRemainingOpponent": 0, "Rank": 2, "FantasyPoints": 1024.26, "FantasyPointsOpponent": 1043, "RankScore": 0, "RankScoreOpponent": 0, "UserNameOpponent": "michaelliu19", "WinningValue": 0, "UpdateStatus": {"lastUpdateTime": "2020-10-15T14:12:59.3916365+00:00"}}, {"MegaDraftGroupId": 1, "MegaContestKey": "90438800", "MegaEntryKey": "2171293816", "UserName": "tmarlatt", "UserKey": "2668553", "UserMegaEntryCount": 0, "UserMegaEntryIndex": 0, "TimeRemainingOpponent": 0, "Rank": 3, "FantasyPoints": 984.8, "FantasyPointsOpponent": 1043, "RankScore": 0, "RankScoreOpponent": 0, "UserNameOpponent": "michaelliu19", "WinningValue": 0, "UpdateStatus": {"lastUpdateTime": "2020-10-15T14:12:59.3598478+00:00"}}], "UpdateStatus": {"lastUpdateTime": "2020-10-15T14:12:59.4055783+00:00"}}