{"Leader": {"MegaDraftGroupId": 1, "MegaContestKey": "90438052", "MegaEntryKey": "2171266316", "UserName": "sansbacon", "UserKey": "725157", "UserMegaEntryCount": 0, "UserMegaEntryIndex": 0, "TimeRemainingOpponent": 0, "Rank": 1, "FantasyPoints": 1130, "FantasyPointsOpponent": 1003.98, "RankScore": 0, "RankScoreOpponent": 0, "UserNameOpponent": "Jpopo1990", "WinningValue": 27, "Winnings": [{"value": 27, "description": "Cash"}], "UpdateStatus": {"lastUpdateTime": "2020-10-15T14:12:59.2700390+00:00"}}, "LastWinningMegaEntry": {"MegaDraftGroupId": 1, "MegaContestKey": "90438052", "MegaEntryKey": "2171266316", "UserName": "sansbacon", "UserKey": "725157", "UserMegaEntryCount": 0, "UserMegaEntryIndex": 0, "TimeRemainingOpponent": 0, "Rank": 1, "FantasyPoints": 1130, "FantasyPointsOpponent": 1003.98, "RankScore": 0, "RankScoreOpponent": 0, "UserNameOpponent": "Jpopo1990", "WinningValue": 27, "Winnings": [{"value": 27, "description": "Cash"}], "UpdateStatus": {"lastUpdateTime": "2020-10-15T14:12:59.2700390+00:00"}}, "Leaderboard": [{"MegaDraftGroupId": 1, "MegaContestKey": "90438052", "MegaEntryKey": "2171266316", "UserName": "sansbacon", "UserKey": "725157", "UserMegaEntryCount": 0, "UserMegaEntryIndex": 0, "TimeRemainingOpponent": 0, "Rank": 1, "FantasyPoints": 1130, "FantasyPointsOpponent": 1003.98, "RankScore": 0, "RankScoreOpponent": 0, "UserNameOpponent": "Jpopo1990", "WinningValue": 27, "Winnings": [{"value": 27, "description": "Cash"}], "UpdateStatus": {"lastUpdateTime": "2020-10-15T14:12:59.2700390+00:00"}}, {"MegaDraftGroupId": 1, "MegaContestKey": "90438052", "MegaEntryKey": "2171249055", "UserName": "Jpopo1990", "UserKey": "2467555", "UserMegaEntryCount": 0, "UserMegaEntryIndex": 0, "TimeRemainingOpponent": 0, "Rank": 2, "FantasyPoints": 1003.98, "FantasyPointsOpponent": 1130, "RankScore": 0, "RankScoreOpponent": 0, "UserNameOpponent": "sansbacon", "WinningValue": 0, "UpdateStatus": {"lastUpdateTime": "2020-10-15T14:12:59.2704477+00:00"}}, {"MegaDraftGroupId": 1, "MegaContestKey": "90438052", "MegaEntryKey": "2171259487", "UserName": "gnun11", "UserKey": "12807732", "UserMegaEntryCount": 0, "UserMegaEntryIndex": 0, "TimeRemainingOpponent": 0, "Rank": 3, "FantasyPoints": 919.66, "FantasyPointsOpponent": 1130, "RankScore": 0, "RankScoreOpponent": 0, "UserNameOpponent": "sansbacon", "WinningValue": 0, "UpdateStatus": {"lastUpdateTime": "2020-10-15T14:12:59.2665411+00:00"}}], "UpdateStatus": {"lastUpdateTime": "2020-10-15T14:12:59.2763195+00:00"}}