{"href": "/scores/v1/contests/90432693/", "contestKey": "90432693", "leader": {"draftGroupId": 37605, "contestKey": "90432693", "entryKey": "2171159817", "lineupId": 2571627527, "userName": "jagerbomb86", "userKey": "7228999", "userEntryCount": 1, "userEntryIndex": 1, "timeRemaining": 141.12, "timeRemainingUnit": "PMR", "maxTimeRemaining": 1200, "timeRemainingOpponent": 42.24, "rank": 1, "fantasyPoints": 242.48, "fantasyPointsOpponent": 199.02, "userNameOpponent": "sansbacon", "winningValue": 0}, "leaderBoard": [{"draftGroupId": 37605, "contestKey": "90432693", "entryKey": "2171159817", "lineupId": 2571627527, "userName": "jagerbomb86", "userKey": "7228999", "userEntryCount": 1, "userEntryIndex": 1, "timeRemaining": 141.12, "timeRemainingUnit": "PMR", "maxTimeRemaining": 1200, "timeRemainingOpponent": 42.24, "rank": 1, "fantasyPoints": 242.48, "fantasyPointsOpponent": 199.02, "userNameOpponent": "sansbacon", "winningValue": 0}, {"draftGroupId": 37605, "contestKey": "90432693", "entryKey": "2171158375", "lineupId": 2571627526, "userName": "sansbacon", "userKey": "725157", "userEntryCount": 1, "userEntryIndex": 1, "timeRemaining": 42.24, "timeRemainingUnit": "PMR", "maxTimeRemaining": 1200, "timeRemainingOpponent": 141.12, "rank": 2, "fantasyPoints": 199.02, "fantasyPointsOpponent": 242.48, "userNameOpponent": "jagerbomb86", "winningValue": 0}, {"draftGroupId": 37605, "contestKey": "90432693", "entryKey": "2171165197", "lineupId": 2571627528, "userName": "mattzao", "userKey": "2706234", "userEntryCount": 1, "userEntryIndex": 1, "timeRemaining": 81.12, "timeRemainingUnit": "PMR", "maxTimeRemaining": 1200, "timeRemainingOpponent": 141.12, "rank": 3, "fantasyPoints": 164, "fantasyPointsOpponent": 242.48, "userNameOpponent": "jagerbomb86", "winningValue": 0}]}