{"href": "/scores/v1/contests/90437182/", "contestKey": "90437182", "leader": {"draftGroupId": 37605, "contestKey": "90437182", "entryKey": "2171242897", "lineupId": 2571710150, "userName": "sansbacon", "userKey": "725157", "userEntryCount": 1, "userEntryIndex": 1, "timeRemaining": 102.24, "timeRemainingUnit": "PMR", "maxTimeRemaining": 1200, "timeRemainingOpponent": 60, "rank": 1, "fantasyPoints": 222.58, "fantasyPointsOpponent": 211.4, "userNameOpponent": "raymondmorales1", "winningValue": 0}, "leaderBoard": [{"draftGroupId": 37605, "contestKey": "90437182", "entryKey": "2171242897", "lineupId": 2571710150, "userName": "sansbacon", "userKey": "725157", "userEntryCount": 1, "userEntryIndex": 1, "timeRemaining": 102.24, "timeRemainingUnit": "PMR", "maxTimeRemaining": 1200, "timeRemainingOpponent": 60, "rank": 1, "fantasyPoints": 222.58, "fantasyPointsOpponent": 211.4, "userNameOpponent": "raymondmorales1", "winningValue": 0}, {"draftGroupId": 37605, "contestKey": "90437182", "entryKey": "2171262979", "lineupId": 2571710156, "userName": "raymondmorales1", "userKey": "12736595", "userEntryCount": 1, "userEntryIndex": 1, "timeRemaining": 60, "timeRemainingUnit": "PMR", "maxTimeRemaining": 1200, "timeRemainingOpponent": 102.24, "rank": 2, "fantasyPoints": 211.4, "fantasyPointsOpponent": 222.58, "userNameOpponent": "sansbacon", "winningValue": 0}, {"draftGroupId": 37605, "contestKey": "90437182", "entryKey": "2171262977", "lineupId": 2571710154, "userName": "DTURCHIRN", "userKey": "141294", "userEntryCount": 1, "userEntryIndex": 1, "timeRemaining": 42.24, "timeRemainingUnit": "PMR", "maxTimeRemaining": 1200, "timeRemainingOpponent": 102.24, "rank": 3, "fantasyPoints": 142.46, "fantasyPointsOpponent": 222.58, "userNameOpponent": "sansbacon", "winningValue": 0}]}