{"href": "/scores/v1/contests/90438800/", "contestKey": "90438800", "leader": {"draftGroupId": 37605, "contestKey": "90438800", "entryKey": "2171284214", "lineupId": 2571753372, "userName": "michaelliu19", "userKey": "8914645", "userEntryCount": 1, "userEntryIndex": 1, "timeRemaining": 60, "timeRemainingUnit": "PMR", "maxTimeRemaining": 1200, "timeRemainingOpponent": 81.12, "rank": 1, "fantasyPoints": 219.1, "fantasyPointsOpponent": 193.18, "userNameOpponent": "sansbacon", "winningValue": 0}, "leaderBoard": [{"draftGroupId": 37605, "contestKey": "90438800", "entryKey": "2171284214", "lineupId": 2571753372, "userName": "michaelliu19", "userKey": "8914645", "userEntryCount": 1, "userEntryIndex": 1, "timeRemaining": 60, "timeRemainingUnit": "PMR", "maxTimeRemaining": 1200, "timeRemainingOpponent": 81.12, "rank": 1, "fantasyPoints": 219.1, "fantasyPointsOpponent": 193.18, "userNameOpponent": "sansbacon", "winningValue": 0}, {"draftGroupId": 37605, "contestKey": "90438800", "entryKey": "2171293361", "lineupId": 2571753373, "userName": "sansbacon", "userKey": "725157", "userEntryCount": 1, "userEntryIndex": 1, "timeRemaining": 81.12, "timeRemainingUnit": "PMR", "maxTimeRemaining": 1200, "timeRemainingOpponent": 60, "rank": 2, "fantasyPoints": 193.18, "fantasyPointsOpponent": 219.1, "userNameOpponent": "michaelliu19", "winningValue": 0}, {"draftGroupId": 37605, "contestKey": "90438800", "entryKey": "2171293816", "lineupId": 2571753374, "userName": "tmarlatt", "userKey": "2668553", "userEntryCount": 1, "userEntryIndex": 1, "timeRemaining": 123.36, "timeRemainingUnit": "PMR", "maxTimeRemaining": 1200, "timeRemainingOpponent": 60, "rank": 3, "fantasyPoints": 182.08, "fantasyPointsOpponent": 219.1, "userNameOpponent": "michaelliu19", "winningValue": 0}]}