{"href": "/scores/v1/contests/90435203/", "contestKey": "90435203", "leader": {"draftGroupId": 37605, "contestKey": "90435203", "entryKey": "2171207291", "lineupId": 2571680952, "userName": "liverpool424", "userKey": "3541496", "userEntryCount": 1, "userEntryIndex": 1, "timeRemaining": 60, "timeRemainingUnit": "PMR", "maxTimeRemaining": 1200, "timeRemainingOpponent": 102.24, "rank": 1, "fantasyPoints": 221.38, "fantasyPointsOpponent": 212.28, "userNameOpponent": "sansbacon", "winningValue": 0}, "leaderBoard": [{"draftGroupId": 37605, "contestKey": "90435203", "entryKey": "2171207291", "lineupId": 2571680952, "userName": "liverpool424", "userKey": "3541496", "userEntryCount": 1, "userEntryIndex": 1, "timeRemaining": 60, "timeRemainingUnit": "PMR", "maxTimeRemaining": 1200, "timeRemainingOpponent": 102.24, "rank": 1, "fantasyPoints": 221.38, "fantasyPointsOpponent": 212.28, "userNameOpponent": "sansbacon", "winningValue": 0}, {"draftGroupId": 37605, "contestKey": "90435203", "entryKey": "2171179001", "lineupId": 2571680949, "userName": "sansbacon", "userKey": "725157", "userEntryCount": 1, "userEntryIndex": 1, "timeRemaining": 102.24, "timeRemainingUnit": "PMR", "maxTimeRemaining": 1200, "timeRemainingOpponent": 60, "rank": 2, "fantasyPoints": 212.28, "fantasyPointsOpponent": 221.38, "userNameOpponent": "liverpool424", "winningValue": 0}, {"draftGroupId": 37605, "contestKey": "90435203", "entryKey": "2171205194", "lineupId": 2571680950, "userName": "Rancej33", "userKey": "492044", "userEntryCount": 1, "userEntryIndex": 1, "timeRemaining": 81.12, "timeRemainingUnit": "PMR", "maxTimeRemaining": 1200, "timeRemainingOpponent": 60, "rank": 3, "fantasyPoints": 182.2, "fantasyPointsOpponent": 221.38, "userNameOpponent": "liverpool424", "winningValue": 0}]}