{"href": "/scores/v1/contests/90438052/", "contestKey": "90438052", "leader": {"draftGroupId": 37605, "contestKey": "90438052", "entryKey": "2171266316", "lineupId": 2571729977, "userName": "sansbacon", "userKey": "725157", "userEntryCount": 1, "userEntryIndex": 1, "timeRemaining": 60, "timeRemainingUnit": "PMR", "maxTimeRemaining": 1200, "timeRemainingOpponent": 63.36, "rank": 1, "fantasyPoints": 249.08, "fantasyPointsOpponent": 172.06, "userNameOpponent": "Jpopo1990", "winningValue": 0}, "leaderBoard": [{"draftGroupId": 37605, "contestKey": "90438052", "entryKey": "2171266316", "lineupId": 2571729977, "userName": "sansbacon", "userKey": "725157", "userEntryCount": 1, "userEntryIndex": 1, "timeRemaining": 60, "timeRemainingUnit": "PMR", "maxTimeRemaining": 1200, "timeRemainingOpponent": 63.36, "rank": 1, "fantasyPoints": 249.08, "fantasyPointsOpponent": 172.06, "userNameOpponent": "Jpopo1990", "winningValue": 0}, {"draftGroupId": 37605, "contestKey": "90438052", "entryKey": "2171249055", "lineupId": 2571729975, "userName": "Jpopo1990", "userKey": "2467555", "userEntryCount": 1, "userEntryIndex": 1, "timeRemaining": 63.36, "timeRemainingUnit": "PMR", "maxTimeRemaining": 1200, "timeRemainingOpponent": 60, "rank": 2, "fantasyPoints": 172.06, "fantasyPointsOpponent": 249.08, "userNameOpponent": "sansbacon", "winningValue": 0}, {"draftGroupId": 37605, "contestKey": "90438052", "entryKey": "2171259487", "lineupId": 2571729976, "userName": "gnun11", "userKey": "12807732", "userEntryCount": 1, "userEntryIndex": 1, "timeRemaining": 141.12, "timeRemainingUnit": "PMR", "maxTimeRemaining": 1200, "timeRemainingOpponent": 60, "rank": 3, "fantasyPoints": 162.48, "fantasyPointsOpponent": 249.08, "userNameOpponent": "sansbacon", "winningValue": 0}]}