{"Leader": {"MegaDraftGroupId": 1, "MegaContestKey": "90437182", "MegaEntryKey": "2171242897", "UserName": "sansbacon", "UserKey": "725157", "UserMegaEntryCount": 0, "UserMegaEntryIndex": 0, "TimeRemainingOpponent": 0, "Rank": 1, "FantasyPoints": 1109.84, "FantasyPointsOpponent": 933.7, "RankScore": 0, "RankScoreOpponent": 0, "UserNameOpponent": "raymondmorales1", "WinningValue": 27, "Winnings": [{"value": 27, "description": "Cash"}], "UpdateStatus": {"lastUpdateTime": "2020-10-15T14:12:59.2404721+00:00"}}, "LastWinningMegaEntry": {"MegaDraftGroupId": 1, "MegaContestKey": "90437182", "MegaEntryKey": "2171242897", "UserName": "sansbacon", "UserKey": "725157", "UserMegaEntryCount": 0, "UserMegaEntryIndex": 0, "TimeRemainingOpponent": 0, "Rank": 1, "FantasyPoints": 1109.84, "FantasyPointsOpponent": 933.7, "RankScore": 0, "RankScoreOpponent": 0, "UserNameOpponent": "raymondmorales1", "WinningValue": 27, "Winnings": [{"value": 27, "description": "Cash"}], "UpdateStatus": {"lastUpdateTime": "2020-10-15T14:12:59.2404721+00:00"}}, "Leaderboard": [{"MegaDraftGroupId": 1, "MegaContestKey": "90437182", "MegaEntryKey": "2171242897", "UserName": "sansbacon", "UserKey": "725157", "UserMegaEntryCount": 0, "UserMegaEntryIndex": 0, "TimeRemainingOpponent": 0, "Rank": 1, "FantasyPoints": 1109.84, "FantasyPointsOpponent": 933.7, "RankScore": 0, "RankScoreOpponent": 0, "UserNameOpponent": "raymondmorales1", "WinningValue": 27, "Winnings": [{"value": 27, "description": "Cash"}], "UpdateStatus": {"lastUpdateTime": "2020-10-15T14:12:59.2404721+00:00"}}, {"MegaDraftGroupId": 1, "MegaContestKey": "90437182", "MegaEntryKey": "2171262979", "UserName": "raymondmorales1", "UserKey": "12736595", "UserMegaEntryCount": 0, "UserMegaEntryIndex": 0, "TimeRemainingOpponent": 0, "Rank": 2, "FantasyPoints": 933.7, "FantasyPointsOpponent": 1109.84, "RankScore": 0, "RankScoreOpponent": 0, "UserNameOpponent": "sansbacon", "WinningValue": 0, "UpdateStatus": {"lastUpdateTime": "2020-10-15T14:12:59.2373368+00:00"}}, {"MegaDraftGroupId": 1, "MegaContestKey": "90437182", "MegaEntryKey": "2171262977", "UserName": "DTURCHIRN", "UserKey": "141294", "UserMegaEntryCount": 0, "UserMegaEntryIndex": 0, "TimeRemainingOpponent": 0, "Rank": 3, "FantasyPoints": 893.3, "FantasyPointsOpponent": 1109.84, "RankScore": 0, "RankScoreOpponent": 0, "UserNameOpponent": "sansbacon", "WinningValue": 0, "UpdateStatus": {"lastUpdateTime": "2020-10-15T14:12:59.2369924+00:00"}}], "UpdateStatus": {"lastUpdateTime": "2020-10-15T14:12:59.2452666+00:00"}}