{"Leader": {"MegaDraftGroupId": 1, "MegaContestKey": "90435203", "MegaEntryKey": "2171179001", "UserName": "sansbacon", "UserKey": "725157", "UserMegaEntryCount": 0, "UserMegaEntryIndex": 0, "TimeRemainingOpponent": 0, "Rank": 1, "FantasyPoints": 1096.46, "FantasyPointsOpponent": 1055.62, "RankScore": 0, "RankScoreOpponent": 0, "UserNameOpponent": "liverpool424", "WinningValue": 27, "Winnings": [{"value": 27, "description": "Cash"}], "UpdateStatus": {"lastUpdateTime": "2020-10-15T14:12:59.1958092+00:00"}}, "LastWinningMegaEntry": {"MegaDraftGroupId": 1, "MegaContestKey": "90435203", "MegaEntryKey": "2171179001", "UserName": "sansbacon", "UserKey": "725157", "UserMegaEntryCount": 0, "UserMegaEntryIndex": 0, "TimeRemainingOpponent": 0, "Rank": 1, "FantasyPoints": 1096.46, "FantasyPointsOpponent": 1055.62, "RankScore": 0, "RankScoreOpponent": 0, "UserNameOpponent": "liverpool424", "WinningValue": 27, "Winnings": [{"value": 27, "description": "Cash"}], "UpdateStatus": {"lastUpdateTime": "2020-10-15T14:12:59.1958092+00:00"}}, "Leaderboard": [{"MegaDraftGroupId": 1, "MegaContestKey": "90435203", "MegaEntryKey": "2171179001", "UserName": "sansbacon", "UserKey": "725157", "UserMegaEntryCount": 0, "UserMegaEntryIndex": 0, "TimeRemainingOpponent": 0, "Rank": 1, "FantasyPoints": 1096.46, "FantasyPointsOpponent": 1055.62, "RankScore": 0, "RankScoreOpponent": 0, "UserNameOpponent": "liverpool424", "WinningValue": 27, "Winnings": [{"value": 27, "description": "Cash"}], "UpdateStatus": {"lastUpdateTime": "2020-10-15T14:12:59.1958092+00:00"}}, {"MegaDraftGroupId": 1, "MegaContestKey": "90435203", "MegaEntryKey": "2171207291", "UserName": "liverpool424", "UserKey": "3541496", "UserMegaEntryCount": 0, "UserMegaEntryIndex": 0, "TimeRemainingOpponent": 0, "Rank": 2, "FantasyPoints": 1055.62, "FantasyPointsOpponent": 1096.46, "RankScore": 0, "RankScoreOpponent": 0, "UserNameOpponent": "sansbacon", "WinningValue": 0, "UpdateStatus": {"lastUpdateTime": "2020-10-15T14:12:59.2007391+00:00"}}, {"MegaDraftGroupId": 1, "MegaContestKey": "90435203", "MegaEntryKey": "2171205194", "UserName": "Rancej33", "UserKey": "492044", "UserMegaEntryCount": 0, "UserMegaEntryIndex": 0, "TimeRemainingOpponent": 0, "Rank": 3, "FantasyPoints": 887.74, "FantasyPointsOpponent": 1096.46, "RankScore": 0, "RankScoreOpponent": 0, "UserNameOpponent": "sansbacon", "WinningValue": 0, "UpdateStatus": {"lastUpdateTime": "2020-10-15T14:12:59.2010426+00:00"}}], "UpdateStatus": {"lastUpdateTime": "2020-10-15T14:12:59.2197128+00:00"}}