{"Leader": {"MegaDraftGroupId": 1, "MegaContestKey": "90432693", "MegaEntryKey": "2171159817", "UserName": "jagerbomb86", "UserKey": "7228999", "UserMegaEntryCount": 0, "UserMegaEntryIndex": 0, "TimeRemainingOpponent": 0, "Rank": 1, "FantasyPoints": 1057.14, "FantasyPointsOpponent": 1056.94, "RankScore": 0, "RankScoreOpponent": 0, "UserNameOpponent": "sansbacon", "WinningValue": 27, "Winnings": [{"value": 27, "description": "Cash"}], "UpdateStatus": {"lastUpdateTime": "2020-10-15T14:12:59.0486301+00:00"}}, "LastWinningMegaEntry": {"MegaDraftGroupId": 1, "MegaContestKey": "90432693", "MegaEntryKey": "2171159817", "UserName": "jagerbomb86", "UserKey": "7228999", "UserMegaEntryCount": 0, "UserMegaEntryIndex": 0, "TimeRemainingOpponent": 0, "Rank": 1, "FantasyPoints": 1057.14, "FantasyPointsOpponent": 1056.94, "RankScore": 0, "RankScoreOpponent": 0, "UserNameOpponent": "sansbacon", "WinningValue": 27, "Winnings": [{"value": 27, "description": "Cash"}], "UpdateStatus": {"lastUpdateTime": "2020-10-15T14:12:59.0486301+00:00"}}, "Leaderboard": [{"MegaDraftGroupId": 1, "MegaContestKey": "90432693", "MegaEntryKey": "2171159817", "UserName": "jagerbomb86", "UserKey": "7228999", "UserMegaEntryCount": 0, "UserMegaEntryIndex": 0, "TimeRemainingOpponent": 0, "Rank": 1, "FantasyPoints": 1057.14, "FantasyPointsOpponent": 1056.94, "RankScore": 0, "RankScoreOpponent": 0, "UserNameOpponent": "sansbacon", "WinningValue": 27, "Winnings": [{"value": 27, "description": "Cash"}], "UpdateStatus": {"lastUpdateTime": "2020-10-15T14:12:59.0486301+00:00"}}, {"MegaDraftGroupId": 1, "MegaContestKey": "90432693", "MegaEntryKey": "2171158375", "UserName": "sansbacon", "UserKey": "725157", "UserMegaEntryCount": 0, "UserMegaEntryIndex": 0, "TimeRemainingOpponent": 0, "Rank": 2, "FantasyPoints": 1056.94, "FantasyPointsOpponent": 1057.14, "RankScore": 0, "RankScoreOpponent": 0, "UserNameOpponent": "jagerbomb86", "WinningValue": 0, "UpdateStatus": {"lastUpdateTime": "2020-10-15T14:12:59.0483629+00:00"}}, {"MegaDraftGroupId": 1, "MegaContestKey": "90432693", "MegaEntryKey": "2171165197", "UserName": "mattzao", "UserKey": "2706234", "UserMegaEntryCount": 0, "UserMegaEntryIndex": 0, "TimeRemainingOpponent": 0, "Rank": 3, "FantasyPoints": 941.5, "FantasyPointsOpponent": 1057.14, "RankScore": 0, "RankScoreOpponent": 0, "UserNameOpponent": "jagerbomb86", "WinningValue": 0, "UpdateStatus": {"lastUpdateTime": "2020-10-15T14:12:59.0484802+00:00"}}], "UpdateStatus": {"lastUpdateTime": "2020-10-15T14:12:59.0508598+00:00"}}