{"Leader": {"MegaDraftGroupId": 1, "MegaContestKey": "90440938", "MegaEntryKey": "2171332068", "UserName": "sansbacon", "UserKey": "725157", "UserMegaEntryCount": 0, "UserMegaEntryIndex": 0, "TimeRemainingOpponent": 0, "Rank": 1, "FantasyPoints": 1143.64, "FantasyPointsOpponent": 942.16, "RankScore": 0, "RankScoreOpponent": 0, "UserNameOpponent": "sjkaplan", "WinningValue": 27, "Winnings": [{"value": 27, "description": "Cash"}], "UpdateStatus": {"lastUpdateTime": "2020-10-15T14:12:58.5697787+00:00"}}, "LastWinningMegaEntry": {"MegaDraftGroupId": 1, "MegaContestKey": "90440938", "MegaEntryKey": "2171332068", "UserName": "sansbacon", "UserKey": "725157", "UserMegaEntryCount": 0, "UserMegaEntryIndex": 0, "TimeRemainingOpponent": 0, "Rank": 1, "FantasyPoints": 1143.64, "FantasyPointsOpponent": 942.16, "RankScore": 0, "RankScoreOpponent": 0, "UserNameOpponent": "sjkaplan", "WinningValue": 27, "Winnings": [{"value": 27, "description": "Cash"}], "UpdateStatus": {"lastUpdateTime": "2020-10-15T14:12:58.5697787+00:00"}}, "Leaderboard": [{"MegaDraftGroupId": 1, "MegaContestKey": "90440938", "MegaEntryKey": "2171332068", "UserName": "sansbacon", "UserKey": "725157", "UserMegaEntryCount": 0, "UserMegaEntryIndex": 0, "TimeRemainingOpponent": 0, "Rank": 1, "FantasyPoints": 1143.64, "FantasyPointsOpponent": 942.16, "RankScore": 0, "RankScoreOpponent": 0, "UserNameOpponent": "sjkaplan", "WinningValue": 27, "Winnings": [{"value": 27, "description": "Cash"}], "UpdateStatus": {"lastUpdateTime": "2020-10-15T14:12:58.5697787+00:00"}}, {"MegaDraftGroupId": 1, "MegaContestKey": "90440938", "MegaEntryKey": "2171333230", "UserName": "sjkaplan", "UserKey": "4022771", "UserMegaEntryCount": 0, "UserMegaEntryIndex": 0, "TimeRemainingOpponent": 0, "Rank": 2, "FantasyPoints": 942.16, "FantasyPointsOpponent": 1143.64, "RankScore": 0, "RankScoreOpponent": 0, "UserNameOpponent": "sansbacon", "WinningValue": 0, "UpdateStatus": {"lastUpdateTime": "2020-10-15T14:12:58.5652238+00:00"}}, {"MegaDraftGroupId": 1, "MegaContestKey": "90440938", "MegaEntryKey": "2171332427", "UserName": "raymondmorales1", "UserKey": "12736595", "UserMegaEntryCount": 0, "UserMegaEntryIndex": 0, "TimeRemainingOpponent": 0, "Rank": 3, "FantasyPoints": 912.3, "FantasyPointsOpponent": 1143.64, "RankScore": 0, "RankScoreOpponent": 0, "UserNameOpponent": "sansbacon", "WinningValue": 0, "UpdateStatus": {"lastUpdateTime": "2020-10-15T14:12:58.5649338+00:00"}}], "UpdateStatus": {"lastUpdateTime": "2020-10-15T14:12:58.5719248+00:00"}}