{"href": "/scores/v1/contests/90443476/", "contestKey": "90443476", "leader": {"draftGroupId": 37605, "contestKey": "90443476", "entryKey": "2171386634", "lineupId": 2571824449, "userName": "sansbacon", "userKey": "725157", "userEntryCount": 1, "userEntryIndex": 1, "timeRemaining": 21.12, "timeRemainingUnit": "PMR", "maxTimeRemaining": 1200, "timeRemainingOpponent": 60, "rank": 1, "fantasyPoints": 232.58, "fantasyPointsOpponent": 185.4, "userNameOpponent": "ZMuelz", "winningValue": 0}, "leaderBoard": [{"draftGroupId": 37605, "contestKey": "90443476", "entryKey": "2171386634", "lineupId": 2571824449, "userName": "sansbacon", "userKey": "725157", "userEntryCount": 1, "userEntryIndex": 1, "timeRemaining": 21.12, "timeRemainingUnit": "PMR", "maxTimeRemaining": 1200, "timeRemainingOpponent": 60, "rank": 1, "fantasyPoints": 232.58, "fantasyPointsOpponent": 185.4, "userNameOpponent": "ZMuelz", "winningValue": 0}, {"draftGroupId": 37605, "contestKey": "90443476", "entryKey": "2171395405", "lineupId": 2571824450, "userName": "ZMuelz", "userKey": "8380083", "userEntryCount": 1, "userEntryIndex": 1, "timeRemaining": 60, "timeRemainingUnit": "PMR", "maxTimeRemaining": 1200, "timeRemainingOpponent": 21.12, "rank": 2, "fantasyPoints": 185.4, "fantasyPointsOpponent": 232.58, "userNameOpponent": "sansbacon", "winningValue": 0}, {"draftGroupId": 37605, "contestKey": "90443476", "entryKey": "2171369640", "lineupId": 2571824448, "userName": "marq2016", "userKey": "7474031", "userEntryCount": 1, "userEntryIndex": 1, "timeRemaining": 102.24, "timeRemainingUnit": "PMR", "maxTimeRemaining": 1200, "timeRemainingOpponent": 21.12, "rank": 3, "fantasyPoints": 168, "fantasyPointsOpponent": 232.58, "userNameOpponent": "sansbacon", "winningValue": 0}]}