{"Leader": {"MegaDraftGroupId": 1, "MegaContestKey": "90440181", "MegaEntryKey": "2171314080", "UserName": "sansbacon", "UserKey": "725157", "UserMegaEntryCount": 0, "UserMegaEntryIndex": 0, "TimeRemainingOpponent": 0, "Rank": 1, "FantasyPoints": 1137.7, "FantasyPointsOpponent": 982.84, "RankScore": 0, "RankScoreOpponent": 0, "UserNameOpponent": "CritterRidder", "WinningValue": 27, "Winnings": [{"value": 27, "description": "Cash"}], "UpdateStatus": {"lastUpdateTime": "2020-10-15T14:12:58.4386973+00:00"}}, "LastWinningMegaEntry": {"MegaDraftGroupId": 1, "MegaContestKey": "90440181", "MegaEntryKey": "2171314080", "UserName": "sansbacon", "UserKey": "725157", "UserMegaEntryCount": 0, "UserMegaEntryIndex": 0, "TimeRemainingOpponent": 0, "Rank": 1, "FantasyPoints": 1137.7, "FantasyPointsOpponent": 982.84, "RankScore": 0, "RankScoreOpponent": 0, "UserNameOpponent": "CritterRidder", "WinningValue": 27, "Winnings": [{"value": 27, "description": "Cash"}], "UpdateStatus": {"lastUpdateTime": "2020-10-15T14:12:58.4386973+00:00"}}, "Leaderboard": [{"MegaDraftGroupId": 1, "MegaContestKey": "90440181", "MegaEntryKey": "2171314080", "UserName": "sansbacon", "UserKey": "725157", "UserMegaEntryCount": 0, "UserMegaEntryIndex": 0, "TimeRemainingOpponent": 0, "Rank": 1, "FantasyPoints": 1137.7, "FantasyPointsOpponent": 982.84, "RankScore": 0, "RankScoreOpponent": 0, "UserNameOpponent": "CritterRidder", "WinningValue": 27, "Winnings": [{"value": 27, "description": "Cash"}], "UpdateStatus": {"lastUpdateTime": "2020-10-15T14:12:58.4386973+00:00"}}, {"MegaDraftGroupId": 1, "MegaContestKey": "90440181", "MegaEntryKey": "2171315333", "UserName": "CritterRidder", "UserKey": "4072088", "UserMegaEntryCount": 0, "UserMegaEntryIndex": 0, "TimeRemainingOpponent": 0, "Rank": 2, "FantasyPoints": 982.84, "FantasyPointsOpponent": 1137.7, "RankScore": 0, "RankScoreOpponent": 0, "UserNameOpponent": "sansbacon", "WinningValue": 0, "UpdateStatus": {"lastUpdateTime": "2020-10-15T14:12:58.4383097+00:00"}}, {"MegaDraftGroupId": 1, "MegaContestKey": "90440181", "MegaEntryKey": "2171315650", "UserName": "ramsnation1", "UserKey": "9988133", "UserMegaEntryCount": 0, "UserMegaEntryIndex": 0, "TimeRemainingOpponent": 0, "Rank": 3, "FantasyPoints": 941.64, "FantasyPointsOpponent": 1137.7, "RankScore": 0, "RankScoreOpponent": 0, "UserNameOpponent": "sansbacon", "WinningValue": 0, "UpdateStatus": {"lastUpdateTime": "2020-10-15T14:12:58.4396124+00:00"}}], "UpdateStatus": {"lastUpdateTime": "2020-10-15T14:12:58.4457083+00:00"}}