{"href": "/scores/v1/contests/90440181/", "contestKey": "90440181", "leader": {"draftGroupId": 37605, "contestKey": "90440181", "entryKey": "2171314080", "lineupId": 2571766889, "userName": "sansbacon", "userKey": "725157", "userEntryCount": 1, "userEntryIndex": 1, "timeRemaining": 42.24, "timeRemainingUnit": "PMR", "maxTimeRemaining": 1200, "timeRemainingOpponent": 81.12, "rank": 1, "fantasyPoints": 207.5, "fantasyPointsOpponent": 199.28, "userNameOpponent": "ramsnation1", "winningValue": 0}, "leaderBoard": [{"draftGroupId": 37605, "contestKey": "90440181", "entryKey": "2171314080", "lineupId": 2571766889, "userName": "sansbacon", "userKey": "725157", "userEntryCount": 1, "userEntryIndex": 1, "timeRemaining": 42.24, "timeRemainingUnit": "PMR", "maxTimeRemaining": 1200, "timeRemainingOpponent": 81.12, "rank": 1, "fantasyPoints": 207.5, "fantasyPointsOpponent": 199.28, "userNameOpponent": "ramsnation1", "winningValue": 0}, {"draftGroupId": 37605, "contestKey": "90440181", "entryKey": "2171315650", "lineupId": 2571766891, "userName": "ramsnation1", "userKey": "9988133", "userEntryCount": 1, "userEntryIndex": 1, "timeRemaining": 81.12, "timeRemainingUnit": "PMR", "maxTimeRemaining": 1200, "timeRemainingOpponent": 42.24, "rank": 2, "fantasyPoints": 199.28, "fantasyPointsOpponent": 207.5, "userNameOpponent": "sansbacon", "winningValue": 0}, {"draftGroupId": 37605, "contestKey": "90440181", "entryKey": "2171315333", "lineupId": 2571766890, "userName": "CritterRidder", "userKey": "4072088", "userEntryCount": 1, "userEntryIndex": 1, "timeRemaining": 81.12, "timeRemainingUnit": "PMR", "maxTimeRemaining": 1200, "timeRemainingOpponent": 42.24, "rank": 3, "fantasyPoints": 191.56, "fantasyPointsOpponent": 207.5, "userNameOpponent": "sansbacon", "winningValue": 0}]}