{"Leader": {"MegaDraftGroupId": 1, "MegaContestKey": "90441429", "MegaEntryKey": "2171352770", "UserName": "sansbacon", "UserKey": "725157", "UserMegaEntryCount": 0, "UserMegaEntryIndex": 0, "TimeRemainingOpponent": 0, "Rank": 1, "FantasyPoints": 1030.04, "FantasyPointsOpponent": 975.46, "RankScore": 0, "RankScoreOpponent": 0, "UserNameOpponent": "ragepaladin", "WinningValue": 27, "Winnings": [{"value": 27, "description": "Cash"}], "UpdateStatus": {"lastUpdateTime": "2020-10-15T14:12:58.6653922+00:00"}}, "LastWinningMegaEntry": {"MegaDraftGroupId": 1, "MegaContestKey": "90441429", "MegaEntryKey": "2171352770", "UserName": "sansbacon", "UserKey": "725157", "UserMegaEntryCount": 0, "UserMegaEntryIndex": 0, "TimeRemainingOpponent": 0, "Rank": 1, "FantasyPoints": 1030.04, "FantasyPointsOpponent": 975.46, "RankScore": 0, "RankScoreOpponent": 0, "UserNameOpponent": "ragepaladin", "WinningValue": 27, "Winnings": [{"value": 27, "description": "Cash"}], "UpdateStatus": {"lastUpdateTime": "2020-10-15T14:12:58.6653922+00:00"}}, "Leaderboard": [{"MegaDraftGroupId": 1, "MegaContestKey": "90441429", "MegaEntryKey": "2171352770", "UserName": "sansbacon", "UserKey": "725157", "UserMegaEntryCount": 0, "UserMegaEntryIndex": 0, "TimeRemainingOpponent": 0, "Rank": 1, "FantasyPoints": 1030.04, "FantasyPointsOpponent": 975.46, "RankScore": 0, "RankScoreOpponent": 0, "UserNameOpponent": "ragepaladin", "WinningValue": 27, "Winnings": [{"value": 27, "description": "Cash"}], "UpdateStatus": {"lastUpdateTime": "2020-10-15T14:12:58.6653922+00:00"}}, {"MegaDraftGroupId": 1, "MegaContestKey": "90441429", "MegaEntryKey": "2171328524", "UserName": "ragepaladin", "UserKey": "5709356", "UserMegaEntryCount": 0, "UserMegaEntryIndex": 0, "TimeRemainingOpponent": 0, "Rank": 2, "FantasyPoints": 975.46, "FantasyPointsOpponent": 1030.04, "RankScore": 0, "RankScoreOpponent": 0, "UserNameOpponent": "sansbacon", "WinningValue": 0, "UpdateStatus": {"lastUpdateTime": "2020-10-15T14:12:58.6678967+00:00"}}, {"MegaDraftGroupId": 1, "MegaContestKey": "90441429", "MegaEntryKey": "2171328438", "UserName": "thefivegs", "UserKey": "12142430", "UserMegaEntryCount": 0, "UserMegaEntryIndex": 0, "TimeRemainingOpponent": 0, "Rank": 3, "FantasyPoints": 969.2, "FantasyPointsOpponent": 1030.04, "RankScore": 0, "RankScoreOpponent": 0, "UserNameOpponent": "sansbacon", "WinningValue": 0, "UpdateStatus": {"lastUpdateTime": "2020-10-15T14:12:58.6637036+00:00"}}], "UpdateStatus": {"lastUpdateTime": "2020-10-15T14:12:58.6838245+00:00"}}