{"Leader": {"MegaDraftGroupId": 1, "MegaContestKey": "90444564", "MegaEntryKey": "2171411350", "UserName": "sansbacon", "UserKey": "725157", "UserMegaEntryCount": 0, "UserMegaEntryIndex": 0, "TimeRemainingOpponent": 0, "Rank": 1, "FantasyPoints": 1077.4, "FantasyPointsOpponent": 1056.78, "RankScore": 0, "RankScoreOpponent": 0, "UserNameOpponent": "hnx333", "WinningValue": 27, "Winnings": [{"value": 27, "description": "Cash"}], "UpdateStatus": {"lastUpdateTime": "2020-10-15T14:12:59.0041624+00:00"}}, "LastWinningMegaEntry": {"MegaDraftGroupId": 1, "MegaContestKey": "90444564", "MegaEntryKey": "2171411350", "UserName": "sansbacon", "UserKey": "725157", "UserMegaEntryCount": 0, "UserMegaEntryIndex": 0, "TimeRemainingOpponent": 0, "Rank": 1, "FantasyPoints": 1077.4, "FantasyPointsOpponent": 1056.78, "RankScore": 0, "RankScoreOpponent": 0, "UserNameOpponent": "hnx333", "WinningValue": 27, "Winnings": [{"value": 27, "description": "Cash"}], "UpdateStatus": {"lastUpdateTime": "2020-10-15T14:12:59.0041624+00:00"}}, "Leaderboard": [{"MegaDraftGroupId": 1, "MegaContestKey": "90444564", "MegaEntryKey": "2171411350", "UserName": "sansbacon", "UserKey": "725157", "UserMegaEntryCount": 0, "UserMegaEntryIndex": 0, "TimeRemainingOpponent": 0, "Rank": 1, "FantasyPoints": 1077.4, "FantasyPointsOpponent": 1056.78, "RankScore": 0, "RankScoreOpponent": 0, "UserNameOpponent": "hnx333", "WinningValue": 27, "Winnings": [{"value": 27, "description": "Cash"}], "UpdateStatus": {"lastUpdateTime": "2020-10-15T14:12:59.0041624+00:00"}}, {"MegaDraftGroupId": 1, "MegaContestKey": "90444564", "MegaEntryKey": "2171401582", "UserName": "hnx333", "UserKey": "809771", "UserMegaEntryCount": 0, "UserMegaEntryIndex": 0, "TimeRemainingOpponent": 0, "Rank": 2, "FantasyPoints": 1056.78, "FantasyPointsOpponent": 1077.4, "RankScore": 0, "RankScoreOpponent": 0, "UserNameOpponent": "sansbacon", "WinningValue": 0, "UpdateStatus": {"lastUpdateTime": "2020-10-15T14:12:59.0057388+00:00"}}, {"MegaDraftGroupId": 1, "MegaContestKey": "90444564", "MegaEntryKey": "2171401702", "UserName": "jrotan", "UserKey": "579266", "UserMegaEntryCount": 0, "UserMegaEntryIndex": 0, "TimeRemainingOpponent": 0, "Rank": 3, "FantasyPoints": 914.2, "FantasyPointsOpponent": 1077.4, "RankScore": 0, "RankScoreOpponent": 0, "UserNameOpponent": "sansbacon", "WinningValue": 0, "UpdateStatus": {"lastUpdateTime": "2020-10-15T14:12:59.0047495+00:00"}}], "UpdateStatus": {"lastUpdateTime": "2020-10-15T14:12:59.0185636+00:00"}}