{"href": "/scores/v1/contests/90446373/", "contestKey": "90446373", "leader": {"draftGroupId": 37605, "contestKey": "90446373", "entryKey": "2171454105", "lineupId": 2571863724, "userName": "sansbacon", "userKey": "725157", "userEntryCount": 1, "userEntryIndex": 1, "timeRemaining": 42.24, "timeRemainingUnit": "PMR", "maxTimeRemaining": 1200, "timeRemainingOpponent": 81.12, "rank": 1, "fantasyPoints": 223.58, "fantasyPointsOpponent": 199.78, "userNameOpponent": "Myles_Wallin", "winningValue": 0}, "leaderBoard": [{"draftGroupId": 37605, "contestKey": "90446373", "entryKey": "2171454105", "lineupId": 2571863724, "userName": "sansbacon", "userKey": "725157", "userEntryCount": 1, "userEntryIndex": 1, "timeRemaining": 42.24, "timeRemainingUnit": "PMR", "maxTimeRemaining": 1200, "timeRemainingOpponent": 81.12, "rank": 1, "fantasyPoints": 223.58, "fantasyPointsOpponent": 199.78, "userNameOpponent": "Myles_Wallin", "winningValue": 0}, {"draftGroupId": 37605, "contestKey": "90446373", "entryKey": "2171454113", "lineupId": 2571863725, "userName": "Myles_Wallin", "userKey": "1168091", "userEntryCount": 1, "userEntryIndex": 1, "timeRemaining": 81.12, "timeRemainingUnit": "PMR", "maxTimeRemaining": 1200, "timeRemainingOpponent": 42.24, "rank": 2, "fantasyPoints": 199.78, "fantasyPointsOpponent": 223.58, "userNameOpponent": "sansbacon", "winningValue": 0}, {"draftGroupId": 37605, "contestKey": "90446373", "entryKey": "2171454043", "lineupId": 2571863723, "userName": "ZombieGsus", "userKey": "482211", "userEntryCount": 1, "userEntryIndex": 1, "timeRemaining": 81.12, "timeRemainingUnit": "PMR", "maxTimeRemaining": 1200, "timeRemainingOpponent": 42.24, "rank": 3, "fantasyPoints": 190.44, "fantasyPointsOpponent": 223.58, "userNameOpponent": "sansbacon", "winningValue": 0}]}