{"Leader": {"MegaDraftGroupId": 1, "MegaContestKey": "90443476", "MegaEntryKey": "2171386634", "UserName": "sansbacon", "UserKey": "725157", "UserMegaEntryCount": 0, "UserMegaEntryIndex": 0, "TimeRemainingOpponent": 0, "Rank": 1, "FantasyPoints": 1083.06, "FantasyPointsOpponent": 977.5, "RankScore": 0, "RankScoreOpponent": 0, "UserNameOpponent": "ZMuelz", "WinningValue": 27, "Winnings": [{"value": 27, "description": "Cash"}], "UpdateStatus": {"lastUpdateTime": "2020-10-15T14:12:59.0026870+00:00"}}, "LastWinningMegaEntry": {"MegaDraftGroupId": 1, "MegaContestKey": "90443476", "MegaEntryKey": "2171386634", "UserName": "sansbacon", "UserKey": "725157", "UserMegaEntryCount": 0, "UserMegaEntryIndex": 0, "TimeRemainingOpponent": 0, "Rank": 1, "FantasyPoints": 1083.06, "FantasyPointsOpponent": 977.5, "RankScore": 0, "RankScoreOpponent": 0, "UserNameOpponent": "ZMuelz", "WinningValue": 27, "Winnings": [{"value": 27, "description": "Cash"}], "UpdateStatus": {"lastUpdateTime": "2020-10-15T14:12:59.0026870+00:00"}}, "Leaderboard": [{"MegaDraftGroupId": 1, "MegaContestKey": "90443476", "MegaEntryKey": "2171386634", "UserName": "sansbacon", "UserKey": "725157", "UserMegaEntryCount": 0, "UserMegaEntryIndex": 0, "TimeRemainingOpponent": 0, "Rank": 1, "FantasyPoints": 1083.06, "FantasyPointsOpponent": 977.5, "RankScore": 0, "RankScoreOpponent": 0, "UserNameOpponent": "ZMuelz", "WinningValue": 27, "Winnings": [{"value": 27, "description": "Cash"}], "UpdateStatus": {"lastUpdateTime": "2020-10-15T14:12:59.0026870+00:00"}}, {"MegaDraftGroupId": 1, "MegaContestKey": "90443476", "MegaEntryKey": "2171395405", "UserName": "ZMuelz", "UserKey": "8380083", "UserMegaEntryCount": 0, "UserMegaEntryIndex": 0, "TimeRemainingOpponent": 0, "Rank": 2, "FantasyPoints": 977.5, "FantasyPointsOpponent": 1083.06, "RankScore": 0, "RankScoreOpponent": 0, "UserNameOpponent": "sansbacon", "WinningValue": 0, "UpdateStatus": {"lastUpdateTime": "2020-10-15T14:12:59.0050507+00:00"}}, {"MegaDraftGroupId": 1, "MegaContestKey": "90443476", "MegaEntryKey": "2171369640", "UserName": "marq2016", "UserKey": "7474031", "UserMegaEntryCount": 0, "UserMegaEntryIndex": 0, "TimeRemainingOpponent": 0, "Rank": 3, "FantasyPoints": 970.06, "FantasyPointsOpponent": 1083.06, "RankScore": 0, "RankScoreOpponent": 0, "UserNameOpponent": "sansbacon", "WinningValue": 0, "UpdateStatus": {"lastUpdateTime": "2020-10-15T14:12:59.0016683+00:00"}}], "UpdateStatus": {"lastUpdateTime": "2020-10-15T14:12:59.0104593+00:00"}}