{"href": "/scores/v1/contests/90441429/", "contestKey": "90441429", "leader": {"draftGroupId": 37605, "contestKey": "90441429", "entryKey": "2171328524", "lineupId": 2571788629, "userName": "ragepaladin", "userKey": "5709356", "userEntryCount": 1, "userEntryIndex": 1, "timeRemaining": 60, "timeRemainingUnit": "PMR", "maxTimeRemaining": 1200, "timeRemainingOpponent": 81.12, "rank": 1, "fantasyPoints": 236.4, "fantasyPointsOpponent": 188.98, "userNameOpponent": "thefivegs", "winningValue": 0}, "leaderBoard": [{"draftGroupId": 37605, "contestKey": "90441429", "entryKey": "2171328524", "lineupId": 2571788629, "userName": "ragepaladin", "userKey": "5709356", "userEntryCount": 1, "userEntryIndex": 1, "timeRemaining": 60, "timeRemainingUnit": "PMR", "maxTimeRemaining": 1200, "timeRemainingOpponent": 81.12, "rank": 1, "fantasyPoints": 236.4, "fantasyPointsOpponent": 188.98, "userNameOpponent": "thefivegs", "winningValue": 0}, {"draftGroupId": 37605, "contestKey": "90441429", "entryKey": "2171328438", "lineupId": 2571788628, "userName": "thefivegs", "userKey": "12142430", "userEntryCount": 1, "userEntryIndex": 1, "timeRemaining": 81.12, "timeRemainingUnit": "PMR", "maxTimeRemaining": 1200, "timeRemainingOpponent": 60, "rank": 2, "fantasyPoints": 188.98, "fantasyPointsOpponent": 236.4, "userNameOpponent": "ragepaladin", "winningValue": 0}, {"draftGroupId": 37605, "contestKey": "90441429", "entryKey": "2171352770", "lineupId": 2571788630, "userName": "sansbacon", "userKey": "725157", "userEntryCount": 1, "userEntryIndex": 1, "timeRemaining": 123.36, "timeRemainingUnit": "PMR", "maxTimeRemaining": 1200, "timeRemainingOpponent": 60, "rank": 3, "fantasyPoints": 176.94, "fantasyPointsOpponent": 236.4, "userNameOpponent": "ragepaladin", "winningValue": 0}]}