{"Leader": {"MegaDraftGroupId": 1, "MegaContestKey": "90446373", "MegaEntryKey": "2171454105", "UserName": "sansbacon", "UserKey": "725157", "UserMegaEntryCount": 0, "UserMegaEntryIndex": 0, "TimeRemainingOpponent": 0, "Rank": 1, "FantasyPoints": 1091.2, "FantasyPointsOpponent": 994.62, "RankScore": 0, "RankScoreOpponent": 0, "UserNameOpponent": "ZombieGsus", "WinningValue": 27, "Winnings": [{"value": 27, "description": "Cash"}], "UpdateStatus": {"lastUpdateTime": "2020-10-15T14:12:59.1842828+00:00"}}, "LastWinningMegaEntry": {"MegaDraftGroupId": 1, "MegaContestKey": "90446373", "MegaEntryKey": "2171454105", "UserName": "sansbacon", "UserKey": "725157", "UserMegaEntryCount": 0, "UserMegaEntryIndex": 0, "TimeRemainingOpponent": 0, "Rank": 1, "FantasyPoints": 1091.2, "FantasyPointsOpponent": 994.62, "RankScore": 0, "RankScoreOpponent": 0, "UserNameOpponent": "ZombieGsus", "WinningValue": 27, "Winnings": [{"value": 27, "description": "Cash"}], "UpdateStatus": {"lastUpdateTime": "2020-10-15T14:12:59.1842828+00:00"}}, "Leaderboard": [{"MegaDraftGroupId": 1, "MegaContestKey": "90446373", "MegaEntryKey": "2171454105", "UserName": "sansbacon", "UserKey": "725157", "UserMegaEntryCount": 0, "UserMegaEntryIndex": 0, "TimeRemainingOpponent": 0, "Rank": 1, "FantasyPoints": 1091.2, "FantasyPointsOpponent": 994.62, "RankScore": 0, "RankScoreOpponent": 0, "UserNameOpponent": "ZombieGsus", "WinningValue": 27, "Winnings": [{"value": 27, "description": "Cash"}], "UpdateStatus": {"lastUpdateTime": "2020-10-15T14:12:59.1842828+00:00"}}, {"MegaDraftGroupId": 1, "MegaContestKey": "90446373", "MegaEntryKey": "2171454043", "UserName": "ZombieGsus", "UserKey": "482211", "UserMegaEntryCount": 0, "UserMegaEntryIndex": 0, "TimeRemainingOpponent": 0, "Rank": 2, "FantasyPoints": 994.62, "FantasyPointsOpponent": 1091.2, "RankScore": 0, "RankScoreOpponent": 0, "UserNameOpponent": "sansbacon", "WinningValue": 0, "UpdateStatus": {"lastUpdateTime": "2020-10-15T14:12:59.1835807+00:00"}}, {"MegaDraftGroupId": 1, "MegaContestKey": "90446373", "MegaEntryKey": "2171454113", "UserName": "Myles_Wallin", "UserKey": "1168091", "UserMegaEntryCount": 0, "UserMegaEntryIndex": 0, "TimeRemainingOpponent": 0, "Rank": 3, "FantasyPoints": 955.52, "FantasyPointsOpponent": 1091.2, "RankScore": 0, "RankScoreOpponent": 0, "UserNameOpponent": "sansbacon", "WinningValue": 0, "UpdateStatus": {"lastUpdateTime": "2020-10-15T14:12:59.1907009+00:00"}}], "UpdateStatus": {"lastUpdateTime": "2020-10-15T14:12:59.1915523+00:00"}}