{"href": "/scores/v1/contests/90440938/", "contestKey": "90440938", "leader": {"draftGroupId": 37605, "contestKey": "90440938", "entryKey": "2171332068", "lineupId": 2571777583, "userName": "sansbacon", "userKey": "725157", "userEntryCount": 1, "userEntryIndex": 1, "timeRemaining": 21.12, "timeRemainingUnit": "PMR", "maxTimeRemaining": 1200, "timeRemainingOpponent": 183.36, "rank": 1, "fantasyPoints": 227.48, "fantasyPointsOpponent": 197.8, "userNameOpponent": "sjkaplan", "winningValue": 0}, "leaderBoard": [{"draftGroupId": 37605, "contestKey": "90440938", "entryKey": "2171332068", "lineupId": 2571777583, "userName": "sansbacon", "userKey": "725157", "userEntryCount": 1, "userEntryIndex": 1, "timeRemaining": 21.12, "timeRemainingUnit": "PMR", "maxTimeRemaining": 1200, "timeRemainingOpponent": 183.36, "rank": 1, "fantasyPoints": 227.48, "fantasyPointsOpponent": 197.8, "userNameOpponent": "sjkaplan", "winningValue": 0}, {"draftGroupId": 37605, "contestKey": "90440938", "entryKey": "2171333230", "lineupId": 2571777585, "userName": "sjkaplan", "userKey": "4022771", "userEntryCount": 1, "userEntryIndex": 1, "timeRemaining": 183.36, "timeRemainingUnit": "PMR", "maxTimeRemaining": 1200, "timeRemainingOpponent": 21.12, "rank": 2, "fantasyPoints": 197.8, "fantasyPointsOpponent": 227.48, "userNameOpponent": "sansbacon", "winningValue": 0}, {"draftGroupId": 37605, "contestKey": "90440938", "entryKey": "2171332427", "lineupId": 2571777584, "userName": "raymondmorales1", "userKey": "12736595", "userEntryCount": 1, "userEntryIndex": 1, "timeRemaining": 60, "timeRemainingUnit": "PMR", "maxTimeRemaining": 1200, "timeRemainingOpponent": 21.12, "rank": 3, "fantasyPoints": 174.76, "fantasyPointsOpponent": 227.48, "userNameOpponent": "sansbacon", "winningValue": 0}]}