{"href": "/scores/v1/contests/90444564/", "contestKey": "90444564", "leader": {"draftGroupId": 37605, "contestKey": "90444564", "entryKey": "2171401582", "lineupId": 2571832373, "userName": "hnx333", "userKey": "809771", "userEntryCount": 1, "userEntryIndex": 1, "timeRemaining": 81.12, "timeRemainingUnit": "PMR", "maxTimeRemaining": 1200, "timeRemainingOpponent": 21.12, "rank": 1, "fantasyPoints": 249.08, "fantasyPointsOpponent": 197.6, "userNameOpponent": "sansbacon", "winningValue": 0}, "leaderBoard": [{"draftGroupId": 37605, "contestKey": "90444564", "entryKey": "2171401582", "lineupId": 2571832373, "userName": "hnx333", "userKey": "809771", "userEntryCount": 1, "userEntryIndex": 1, "timeRemaining": 81.12, "timeRemainingUnit": "PMR", "maxTimeRemaining": 1200, "timeRemainingOpponent": 21.12, "rank": 1, "fantasyPoints": 249.08, "fantasyPointsOpponent": 197.6, "userNameOpponent": "sansbacon", "winningValue": 0}, {"draftGroupId": 37605, "contestKey": "90444564", "entryKey": "2171411350", "lineupId": 2571832375, "userName": "sansbacon", "userKey": "725157", "userEntryCount": 1, "userEntryIndex": 1, "timeRemaining": 21.12, "timeRemainingUnit": "PMR", "maxTimeRemaining": 1200, "timeRemainingOpponent": 81.12, "rank": 2, "fantasyPoints": 197.6, "fantasyPointsOpponent": 249.08, "userNameOpponent": "hnx333", "winningValue": 0}, {"draftGroupId": 37605, "contestKey": "90444564", "entryKey": "2171401702", "lineupId": 2571832374, "userName": "jrotan", "userKey": "579266", "userEntryCount": 1, "userEntryIndex": 1, "timeRemaining": 102.24, "timeRemainingUnit": "PMR", "maxTimeRemaining": 1200, "timeRemainingOpponent": 81.12, "rank": 3, "fantasyPoints": 161.78, "fantasyPointsOpponent": 249.08, "userNameOpponent": "hnx333", "winningValue": 0}]}