{"Leader": {"MegaDraftGroupId": 1, "MegaContestKey": "90450455", "MegaEntryKey": "2171767679", "UserName": "dakid456", "UserKey": "467189", "UserMegaEntryCount": 0, "UserMegaEntryIndex": 0, "TimeRemainingOpponent": 0, "Rank": 1, "FantasyPoints": 1075.8, "FantasyPointsOpponent": 1069, "RankScore": 0, "RankScoreOpponent": 0, "UserNameOpponent": "sansbacon", "WinningValue": 27, "Winnings": [{"value": 27, "description": "Cash"}], "UpdateStatus": {"lastUpdateTime": "2020-10-15T14:12:59.1024584+00:00"}}, "LastWinningMegaEntry": {"MegaDraftGroupId": 1, "MegaContestKey": "90450455", "MegaEntryKey": "2171767679", "UserName": "dakid456", "UserKey": "467189", "UserMegaEntryCount": 0, "UserMegaEntryIndex": 0, "TimeRemainingOpponent": 0, "Rank": 1, "FantasyPoints": 1075.8, "FantasyPointsOpponent": 1069, "RankScore": 0, "RankScoreOpponent": 0, "UserNameOpponent": "sansbacon", "WinningValue": 27, "Winnings": [{"value": 27, "description": "Cash"}], "UpdateStatus": {"lastUpdateTime": "2020-10-15T14:12:59.1024584+00:00"}}, "Leaderboard": [{"MegaDraftGroupId": 1, "MegaContestKey": "90450455", "MegaEntryKey": "2171767679", "UserName": "dakid456", "UserKey": "467189", "UserMegaEntryCount": 0, "UserMegaEntryIndex": 0, "TimeRemainingOpponent": 0, "Rank": 1, "FantasyPoints": 1075.8, "FantasyPointsOpponent": 1069, "RankScore": 0, "RankScoreOpponent": 0, "UserNameOpponent": "sansbacon", "WinningValue": 27, "Winnings": [{"value": 27, "description": "Cash"}], "UpdateStatus": {"lastUpdateTime": "2020-10-15T14:12:59.1024584+00:00"}}, {"MegaDraftGroupId": 1, "MegaContestKey": "90450455", "MegaEntryKey": "2171775801", "UserName": "sansbacon", "UserKey": "725157", "UserMegaEntryCount": 0, "UserMegaEntryIndex": 0, "TimeRemainingOpponent": 0, "Rank": 2, "FantasyPoints": 1069, "FantasyPointsOpponent": 1075.8, "RankScore": 0, "RankScoreOpponent": 0, "UserNameOpponent": "dakid456", "WinningValue": 0, "UpdateStatus": {"lastUpdateTime": "2020-10-15T14:12:59.0981181+00:00"}}, {"MegaDraftGroupId": 1, "MegaContestKey": "90450455", "MegaEntryKey": "2171776635", "UserName": "Winforddj", "UserKey": "1955490", "UserMegaEntryCount": 0, "UserMegaEntryIndex": 0, "TimeRemainingOpponent": 0, "Rank": 3, "FantasyPoints": 792.04, "FantasyPointsOpponent": 1075.8, "RankScore": 0, "RankScoreOpponent": 0, "UserNameOpponent": "dakid456", "WinningValue": 0, "UpdateStatus": {"lastUpdateTime": "2020-10-15T14:12:59.0967132+00:00"}}], "UpdateStatus": {"lastUpdateTime": "2020-10-15T14:12:59.1028473+00:00"}}