{"href": "/scores/v1/contests/90455993/", "contestKey": "90455993", "leader": {"draftGroupId": 37605, "contestKey": "90455993", "entryKey": "2171832313", "lineupId": 2572068751, "userName": "sansbacon", "userKey": "725157", "userEntryCount": 1, "userEntryIndex": 1, "timeRemaining": 84.48, "timeRemainingUnit": "PMR", "maxTimeRemaining": 1200, "timeRemainingOpponent": 60, "rank": 1, "fantasyPoints": 235.28, "fantasyPointsOpponent": 200.08, "userNameOpponent": "MRG4E", "winningValue": 0}, "leaderBoard": [{"draftGroupId": 37605, "contestKey": "90455993", "entryKey": "2171832313", "lineupId": 2572068751, "userName": "sansbacon", "userKey": "725157", "userEntryCount": 1, "userEntryIndex": 1, "timeRemaining": 84.48, "timeRemainingUnit": "PMR", "maxTimeRemaining": 1200, "timeRemainingOpponent": 60, "rank": 1, "fantasyPoints": 235.28, "fantasyPointsOpponent": 200.08, "userNameOpponent": "MRG4E", "winningValue": 0}, {"draftGroupId": 37605, "contestKey": "90455993", "entryKey": "2171841335", "lineupId": 2572068752, "userName": "MRG4E", "userKey": "8380357", "userEntryCount": 1, "userEntryIndex": 1, "timeRemaining": 60, "timeRemainingUnit": "PMR", "maxTimeRemaining": 1200, "timeRemainingOpponent": 84.48, "rank": 2, "fantasyPoints": 200.08, "fantasyPointsOpponent": 235.28, "userNameOpponent": "sansbacon", "winningValue": 0}, {"draftGroupId": 37605, "contestKey": "90455993", "entryKey": "2171862293", "lineupId": 2572068753, "userName": "JimLahey2240", "userKey": "359447", "userEntryCount": 1, "userEntryIndex": 1, "timeRemaining": 141.12, "timeRemainingUnit": "PMR", "maxTimeRemaining": 1200, "timeRemainingOpponent": 84.48, "rank": 3, "fantasyPoints": 172.6, "fantasyPointsOpponent": 235.28, "userNameOpponent": "sansbacon", "winningValue": 0}]}