{"Leader": {"MegaDraftGroupId": 1, "MegaContestKey": "90455993", "MegaEntryKey": "2171832313", "UserName": "sansbacon", "UserKey": "725157", "UserMegaEntryCount": 0, "UserMegaEntryIndex": 0, "TimeRemainingOpponent": 0, "Rank": 1, "FantasyPoints": 1098.46, "FantasyPointsOpponent": 972.26, "RankScore": 0, "RankScoreOpponent": 0, "UserNameOpponent": "JimLahey2240", "WinningValue": 27, "Winnings": [{"value": 27, "description": "Cash"}], "UpdateStatus": {"lastUpdateTime": "2020-10-15T14:12:59.1367690+00:00"}}, "LastWinningMegaEntry": {"MegaDraftGroupId": 1, "MegaContestKey": "90455993", "MegaEntryKey": "2171832313", "UserName": "sansbacon", "UserKey": "725157", "UserMegaEntryCount": 0, "UserMegaEntryIndex": 0, "TimeRemainingOpponent": 0, "Rank": 1, "FantasyPoints": 1098.46, "FantasyPointsOpponent": 972.26, "RankScore": 0, "RankScoreOpponent": 0, "UserNameOpponent": "JimLahey2240", "WinningValue": 27, "Winnings": [{"value": 27, "description": "Cash"}], "UpdateStatus": {"lastUpdateTime": "2020-10-15T14:12:59.1367690+00:00"}}, "Leaderboard": [{"MegaDraftGroupId": 1, "MegaContestKey": "90455993", "MegaEntryKey": "2171832313", "UserName": "sansbacon", "UserKey": "725157", "UserMegaEntryCount": 0, "UserMegaEntryIndex": 0, "TimeRemainingOpponent": 0, "Rank": 1, "FantasyPoints": 1098.46, "FantasyPointsOpponent": 972.26, "RankScore": 0, "RankScoreOpponent": 0, "UserNameOpponent": "JimLahey2240", "WinningValue": 27, "Winnings": [{"value": 27, "description": "Cash"}], "UpdateStatus": {"lastUpdateTime": "2020-10-15T14:12:59.1367690+00:00"}}, {"MegaDraftGroupId": 1, "MegaContestKey": "90455993", "MegaEntryKey": "2171862293", "UserName": "JimLahey2240", "UserKey": "359447", "UserMegaEntryCount": 0, "UserMegaEntryIndex": 0, "TimeRemainingOpponent": 0, "Rank": 2, "FantasyPoints": 972.26, "FantasyPointsOpponent": 1098.46, "RankScore": 0, "RankScoreOpponent": 0, "UserNameOpponent": "sansbacon", "WinningValue": 0, "UpdateStatus": {"lastUpdateTime": "2020-10-15T14:12:59.1528302+00:00"}}, {"MegaDraftGroupId": 1, "MegaContestKey": "90455993", "MegaEntryKey": "2171841335", "UserName": "MRG4E", "UserKey": "8380357", "UserMegaEntryCount": 0, "UserMegaEntryIndex": 0, "TimeRemainingOpponent": 0, "Rank": 3, "FantasyPoints": 949.92, "FantasyPointsOpponent": 1098.46, "RankScore": 0, "RankScoreOpponent": 0, "UserNameOpponent": "sansbacon", "WinningValue": 0, "UpdateStatus": {"lastUpdateTime": "2020-10-15T14:12:59.1486982+00:00"}}], "UpdateStatus": {"lastUpdateTime": "2020-10-15T14:12:59.1812510+00:00"}}