{"href": "/scores/v1/contests/90450455/", "contestKey": "90450455", "leader": {"draftGroupId": 37605, "contestKey": "90450455", "entryKey": "2171767679", "lineupId": 2572034021, "userName": "dakid456", "userKey": "467189", "userEntryCount": 1, "userEntryIndex": 1, "timeRemaining": 21.12, "timeRemainingUnit": "PMR", "maxTimeRemaining": 1200, "timeRemainingOpponent": 102.24, "rank": 1, "fantasyPoints": 195.82, "fantasyPointsOpponent": 192.58, "userNameOpponent": "Winforddj", "winningValue": 0}, "leaderBoard": [{"draftGroupId": 37605, "contestKey": "90450455", "entryKey": "2171767679", "lineupId": 2572034021, "userName": "dakid456", "userKey": "467189", "userEntryCount": 1, "userEntryIndex": 1, "timeRemaining": 21.12, "timeRemainingUnit": "PMR", "maxTimeRemaining": 1200, "timeRemainingOpponent": 102.24, "rank": 1, "fantasyPoints": 195.82, "fantasyPointsOpponent": 192.58, "userNameOpponent": "Winforddj", "winningValue": 0}, {"draftGroupId": 37605, "contestKey": "90450455", "entryKey": "2171776635", "lineupId": 2572034023, "userName": "Winforddj", "userKey": "1955490", "userEntryCount": 1, "userEntryIndex": 1, "timeRemaining": 102.24, "timeRemainingUnit": "PMR", "maxTimeRemaining": 1200, "timeRemainingOpponent": 21.12, "rank": 2, "fantasyPoints": 192.58, "fantasyPointsOpponent": 195.82, "userNameOpponent": "dakid456", "winningValue": 0}, {"draftGroupId": 37605, "contestKey": "90450455", "entryKey": "2171775801", "lineupId": 2572034022, "userName": "sansbacon", "userKey": "725157", "userEntryCount": 1, "userEntryIndex": 1, "timeRemaining": 141.12, "timeRemainingUnit": "PMR", "maxTimeRemaining": 1200, "timeRemainingOpponent": 21.12, "rank": 3, "fantasyPoints": 184.9, "fantasyPointsOpponent": 195.82, "userNameOpponent": "dakid456", "winningValue": 0}]}