{"Leader": {"MegaDraftGroupId": 1, "MegaContestKey": "90456744", "MegaEntryKey": "2171905047", "UserName": "sansbacon", "UserKey": "725157", "UserMegaEntryCount": 0, "UserMegaEntryIndex": 0, "TimeRemainingOpponent": 0, "Rank": 1, "FantasyPoints": 1108.92, "FantasyPointsOpponent": 1009.28, "RankScore": 0, "RankScoreOpponent": 0, "UserNameOpponent": "drurymike", "WinningValue": 27, "Winnings": [{"value": 27, "description": "Cash"}], "UpdateStatus": {"lastUpdateTime": "2020-10-15T14:12:59.1952116+00:00"}}, "LastWinningMegaEntry": {"MegaDraftGroupId": 1, "MegaContestKey": "90456744", "MegaEntryKey": "2171905047", "UserName": "sansbacon", "UserKey": "725157", "UserMegaEntryCount": 0, "UserMegaEntryIndex": 0, "TimeRemainingOpponent": 0, "Rank": 1, "FantasyPoints": 1108.92, "FantasyPointsOpponent": 1009.28, "RankScore": 0, "RankScoreOpponent": 0, "UserNameOpponent": "drurymike", "WinningValue": 27, "Winnings": [{"value": 27, "description": "Cash"}], "UpdateStatus": {"lastUpdateTime": "2020-10-15T14:12:59.1952116+00:00"}}, "Leaderboard": [{"MegaDraftGroupId": 1, "MegaContestKey": "90456744", "MegaEntryKey": "2171905047", "UserName": "sansbacon", "UserKey": "725157", "UserMegaEntryCount": 0, "UserMegaEntryIndex": 0, "TimeRemainingOpponent": 0, "Rank": 1, "FantasyPoints": 1108.92, "FantasyPointsOpponent": 1009.28, "RankScore": 0, "RankScoreOpponent": 0, "UserNameOpponent": "drurymike", "WinningValue": 27, "Winnings": [{"value": 27, "description": "Cash"}], "UpdateStatus": {"lastUpdateTime": "2020-10-15T14:12:59.1952116+00:00"}}, {"MegaDraftGroupId": 1, "MegaContestKey": "90456744", "MegaEntryKey": "2171899830", "UserName": "drurymike", "UserKey": "414963", "UserMegaEntryCount": 0, "UserMegaEntryIndex": 0, "TimeRemainingOpponent": 0, "Rank": 2, "FantasyPoints": 1009.28, "FantasyPointsOpponent": 1108.92, "RankScore": 0, "RankScoreOpponent": 0, "UserNameOpponent": "sansbacon", "WinningValue": 0, "UpdateStatus": {"lastUpdateTime": "2020-10-15T14:12:59.1931212+00:00"}}, {"MegaDraftGroupId": 1, "MegaContestKey": "90456744", "MegaEntryKey": "2171908453", "UserName": "Rancej33", "UserKey": "492044", "UserMegaEntryCount": 0, "UserMegaEntryIndex": 0, "TimeRemainingOpponent": 0, "Rank": 3, "FantasyPoints": 930.7, "FantasyPointsOpponent": 1108.92, "RankScore": 0, "RankScoreOpponent": 0, "UserNameOpponent": "sansbacon", "WinningValue": 0, "UpdateStatus": {"lastUpdateTime": "2020-10-15T14:12:59.1948204+00:00"}}], "UpdateStatus": {"lastUpdateTime": "2020-10-15T14:12:59.1954590+00:00"}}