{"href": "/scores/v1/contests/90454031/", "contestKey": "90454031", "leader": {"draftGroupId": 37605, "contestKey": "90454031", "entryKey": "2171772897", "lineupId": 2572023868, "userName": "kganiel", "userKey": "10537320", "userEntryCount": 1, "userEntryIndex": 1, "timeRemaining": 60, "timeRemainingUnit": "PMR", "maxTimeRemaining": 1200, "timeRemainingOpponent": 102.24, "rank": 1, "fantasyPoints": 207.2, "fantasyPointsOpponent": 200.32, "userNameOpponent": "sansbacon", "winningValue": 0}, "leaderBoard": [{"draftGroupId": 37605, "contestKey": "90454031", "entryKey": "2171772897", "lineupId": 2572023868, "userName": "kganiel", "userKey": "10537320", "userEntryCount": 1, "userEntryIndex": 1, "timeRemaining": 60, "timeRemainingUnit": "PMR", "maxTimeRemaining": 1200, "timeRemainingOpponent": 102.24, "rank": 1, "fantasyPoints": 207.2, "fantasyPointsOpponent": 200.32, "userNameOpponent": "sansbacon", "winningValue": 0}, {"draftGroupId": 37605, "contestKey": "90454031", "entryKey": "2171749040", "lineupId": 2572023866, "userName": "sansbacon", "userKey": "725157", "userEntryCount": 1, "userEntryIndex": 1, "timeRemaining": 102.24, "timeRemainingUnit": "PMR", "maxTimeRemaining": 1200, "timeRemainingOpponent": 60, "rank": 2, "fantasyPoints": 200.32, "fantasyPointsOpponent": 207.2, "userNameOpponent": "kganiel", "winningValue": 0}, {"draftGroupId": 37605, "contestKey": "90454031", "entryKey": "2171761955", "lineupId": 2572023867, "userName": "adamsapp", "userKey": "4193491", "userEntryCount": 1, "userEntryIndex": 1, "timeRemaining": 141.12, "timeRemainingUnit": "PMR", "maxTimeRemaining": 1200, "timeRemainingOpponent": 60, "rank": 3, "fantasyPoints": 184.88, "fantasyPointsOpponent": 207.2, "userNameOpponent": "kganiel", "winningValue": 0}]}