{"href": "/scores/v1/contests/90455487/", "contestKey": "90455487", "leader": {"draftGroupId": 37605, "contestKey": "90455487", "entryKey": "2171796801", "lineupId": 2572055523, "userName": "sansbacon", "userKey": "725157", "userEntryCount": 1, "userEntryIndex": 1, "timeRemaining": 60, "timeRemainingUnit": "PMR", "maxTimeRemaining": 1200, "timeRemainingOpponent": 0, "rank": 1, "fantasyPoints": 225.8, "fantasyPointsOpponent": 203.58, "userNameOpponent": "croats", "winningValue": 0}, "leaderBoard": [{"draftGroupId": 37605, "contestKey": "90455487", "entryKey": "2171796801", "lineupId": 2572055523, "userName": "sansbacon", "userKey": "725157", "userEntryCount": 1, "userEntryIndex": 1, "timeRemaining": 60, "timeRemainingUnit": "PMR", "maxTimeRemaining": 1200, "timeRemainingOpponent": 0, "rank": 1, "fantasyPoints": 225.8, "fantasyPointsOpponent": 203.58, "userNameOpponent": "croats", "winningValue": 0}, {"draftGroupId": 37605, "contestKey": "90455487", "entryKey": "2171816884", "lineupId": 2572055525, "userName": "croats", "userKey": "6793966", "userEntryCount": 1, "userEntryIndex": 1, "timeRemaining": 0, "timeRemainingUnit": "PMR", "maxTimeRemaining": 1200, "timeRemainingOpponent": 60, "rank": 2, "fantasyPoints": 203.58, "fantasyPointsOpponent": 225.8, "userNameOpponent": "sansbacon", "winningValue": 0}, {"draftGroupId": 37605, "contestKey": "90455487", "entryKey": "2171796948", "lineupId": 2572055524, "userName": "sticky4745", "userKey": "8666167", "userEntryCount": 1, "userEntryIndex": 1, "timeRemaining": 204.48, "timeRemainingUnit": "PMR", "maxTimeRemaining": 1200, "timeRemainingOpponent": 60, "rank": 3, "fantasyPoints": 180.78, "fantasyPointsOpponent": 225.8, "userNameOpponent": "sansbacon", "winningValue": 0}]}