{"Leader": {"MegaDraftGroupId": 1, "MegaContestKey": "90455487", "MegaEntryKey": "2171796801", "UserName": "sansbacon", "UserKey": "725157", "UserMegaEntryCount": 0, "UserMegaEntryIndex": 0, "TimeRemainingOpponent": 0, "Rank": 1, "FantasyPoints": 1069.7, "FantasyPointsOpponent": 1029.26, "RankScore": 0, "RankScoreOpponent": 0, "UserNameOpponent": "sticky4745", "WinningValue": 27, "Winnings": [{"value": 27, "description": "Cash"}], "UpdateStatus": {"lastUpdateTime": "2020-10-15T14:12:59.1236336+00:00"}}, "LastWinningMegaEntry": {"MegaDraftGroupId": 1, "MegaContestKey": "90455487", "MegaEntryKey": "2171796801", "UserName": "sansbacon", "UserKey": "725157", "UserMegaEntryCount": 0, "UserMegaEntryIndex": 0, "TimeRemainingOpponent": 0, "Rank": 1, "FantasyPoints": 1069.7, "FantasyPointsOpponent": 1029.26, "RankScore": 0, "RankScoreOpponent": 0, "UserNameOpponent": "sticky4745", "WinningValue": 27, "Winnings": [{"value": 27, "description": "Cash"}], "UpdateStatus": {"lastUpdateTime": "2020-10-15T14:12:59.1236336+00:00"}}, "Leaderboard": [{"MegaDraftGroupId": 1, "MegaContestKey": "90455487", "MegaEntryKey": "2171796801", "UserName": "sansbacon", "UserKey": "725157", "UserMegaEntryCount": 0, "UserMegaEntryIndex": 0, "TimeRemainingOpponent": 0, "Rank": 1, "FantasyPoints": 1069.7, "FantasyPointsOpponent": 1029.26, "RankScore": 0, "RankScoreOpponent": 0, "UserNameOpponent": "sticky4745", "WinningValue": 27, "Winnings": [{"value": 27, "description": "Cash"}], "UpdateStatus": {"lastUpdateTime": "2020-10-15T14:12:59.1236336+00:00"}}, {"MegaDraftGroupId": 1, "MegaContestKey": "90455487", "MegaEntryKey": "2171796948", "UserName": "sticky4745", "UserKey": "8666167", "UserMegaEntryCount": 0, "UserMegaEntryIndex": 0, "TimeRemainingOpponent": 0, "Rank": 2, "FantasyPoints": 1029.26, "FantasyPointsOpponent": 1069.7, "RankScore": 0, "RankScoreOpponent": 0, "UserNameOpponent": "sansbacon", "WinningValue": 0, "UpdateStatus": {"lastUpdateTime": "2020-10-15T14:12:59.1253763+00:00"}}, {"MegaDraftGroupId": 1, "MegaContestKey": "90455487", "MegaEntryKey": "2171816884", "UserName": "croats", "UserKey": "6793966", "UserMegaEntryCount": 0, "UserMegaEntryIndex": 0, "TimeRemainingOpponent": 0, "Rank": 3, "FantasyPoints": 975.08, "FantasyPointsOpponent": 1069.7, "RankScore": 0, "RankScoreOpponent": 0, "UserNameOpponent": "sansbacon", "WinningValue": 0, "UpdateStatus": {"lastUpdateTime": "2020-10-15T14:12:59.1313132+00:00"}}], "UpdateStatus": {"lastUpdateTime": "2020-10-15T14:12:59.1346752+00:00"}}