{"Leader": {"MegaDraftGroupId": 1, "MegaContestKey": "90454031", "MegaEntryKey": "2171772897", "UserName": "kganiel", "UserKey": "10537320", "UserMegaEntryCount": 0, "UserMegaEntryIndex": 0, "TimeRemainingOpponent": 0, "Rank": 1, "FantasyPoints": 1077.36, "FantasyPointsOpponent": 1025.3, "RankScore": 0, "RankScoreOpponent": 0, "UserNameOpponent": "sansbacon", "WinningValue": 2.7, "Winnings": [{"value": 2.7, "description": "Cash"}], "UpdateStatus": {"lastUpdateTime": "2020-10-15T14:12:59.0764157+00:00"}}, "LastWinningMegaEntry": {"MegaDraftGroupId": 1, "MegaContestKey": "90454031", "MegaEntryKey": "2171772897", "UserName": "kganiel", "UserKey": "10537320", "UserMegaEntryCount": 0, "UserMegaEntryIndex": 0, "TimeRemainingOpponent": 0, "Rank": 1, "FantasyPoints": 1077.36, "FantasyPointsOpponent": 1025.3, "RankScore": 0, "RankScoreOpponent": 0, "UserNameOpponent": "sansbacon", "WinningValue": 2.7, "Winnings": [{"value": 2.7, "description": "Cash"}], "UpdateStatus": {"lastUpdateTime": "2020-10-15T14:12:59.0764157+00:00"}}, "Leaderboard": [{"MegaDraftGroupId": 1, "MegaContestKey": "90454031", "MegaEntryKey": "2171772897", "UserName": "kganiel", "UserKey": "10537320", "UserMegaEntryCount": 0, "UserMegaEntryIndex": 0, "TimeRemainingOpponent": 0, "Rank": 1, "FantasyPoints": 1077.36, "FantasyPointsOpponent": 1025.3, "RankScore": 0, "RankScoreOpponent": 0, "UserNameOpponent": "sansbacon", "WinningValue": 2.7, "Winnings": [{"value": 2.7, "description": "Cash"}], "UpdateStatus": {"lastUpdateTime": "2020-10-15T14:12:59.0764157+00:00"}}, {"MegaDraftGroupId": 1, "MegaContestKey": "90454031", "MegaEntryKey": "2171749040", "UserName": "sansbacon", "UserKey": "725157", "UserMegaEntryCount": 0, "UserMegaEntryIndex": 0, "TimeRemainingOpponent": 0, "Rank": 2, "FantasyPoints": 1025.3, "FantasyPointsOpponent": 1077.36, "RankScore": 0, "RankScoreOpponent": 0, "UserNameOpponent": "kganiel", "WinningValue": 0, "UpdateStatus": {"lastUpdateTime": "2020-10-15T14:12:59.0711148+00:00"}}, {"MegaDraftGroupId": 1, "MegaContestKey": "90454031", "MegaEntryKey": "2171761955", "UserName": "adamsapp", "UserKey": "4193491", "UserMegaEntryCount": 0, "UserMegaEntryIndex": 0, "TimeRemainingOpponent": 0, "Rank": 3, "FantasyPoints": 966, "FantasyPointsOpponent": 1077.36, "RankScore": 0, "RankScoreOpponent": 0, "UserNameOpponent": "kganiel", "WinningValue": 0, "UpdateStatus": {"lastUpdateTime": "2020-10-15T14:12:59.0712449+00:00"}}], "UpdateStatus": {"lastUpdateTime": "2020-10-15T14:12:59.0784420+00:00"}}