{"href": "/scores/v1/contests/90454930/", "contestKey": "90454930", "leader": {"draftGroupId": 37605, "contestKey": "90454930", "entryKey": "2171793135", "lineupId": 2572042847, "userName": "dakid456", "userKey": "467189", "userEntryCount": 1, "userEntryIndex": 1, "timeRemaining": 60, "timeRemainingUnit": "PMR", "maxTimeRemaining": 1200, "timeRemainingOpponent": 102.24, "rank": 1, "fantasyPoints": 225.98, "fantasyPointsOpponent": 210.9, "userNameOpponent": "sansbacon", "winningValue": 0}, "leaderBoard": [{"draftGroupId": 37605, "contestKey": "90454930", "entryKey": "2171793135", "lineupId": 2572042847, "userName": "dakid456", "userKey": "467189", "userEntryCount": 1, "userEntryIndex": 1, "timeRemaining": 60, "timeRemainingUnit": "PMR", "maxTimeRemaining": 1200, "timeRemainingOpponent": 102.24, "rank": 1, "fantasyPoints": 225.98, "fantasyPointsOpponent": 210.9, "userNameOpponent": "sansbacon", "winningValue": 0}, {"draftGroupId": 37605, "contestKey": "90454930", "entryKey": "2171790349", "lineupId": 2572042846, "userName": "sansbacon", "userKey": "725157", "userEntryCount": 1, "userEntryIndex": 1, "timeRemaining": 102.24, "timeRemainingUnit": "PMR", "maxTimeRemaining": 1200, "timeRemainingOpponent": 60, "rank": 2, "fantasyPoints": 210.9, "fantasyPointsOpponent": 225.98, "userNameOpponent": "dakid456", "winningValue": 0}, {"draftGroupId": 37605, "contestKey": "90454930", "entryKey": "2171793410", "lineupId": 2572042848, "userName": "Winforddj", "userKey": "1955490", "userEntryCount": 1, "userEntryIndex": 1, "timeRemaining": 81.12, "timeRemainingUnit": "PMR", "maxTimeRemaining": 1200, "timeRemainingOpponent": 60, "rank": 3, "fantasyPoints": 162.9, "fantasyPointsOpponent": 225.98, "userNameOpponent": "dakid456", "winningValue": 0}]}