{"Leader": {"MegaDraftGroupId": 1, "MegaContestKey": "90454930", "MegaEntryKey": "2171793135", "UserName": "dakid456", "UserKey": "467189", "UserMegaEntryCount": 0, "UserMegaEntryIndex": 0, "TimeRemainingOpponent": 0, "Rank": 1, "FantasyPoints": 1097.88, "FantasyPointsOpponent": 1037.18, "RankScore": 0, "RankScoreOpponent": 0, "UserNameOpponent": "sansbacon", "WinningValue": 27, "Winnings": [{"value": 27, "description": "Cash"}], "UpdateStatus": {"lastUpdateTime": "2020-10-15T14:12:59.1300139+00:00"}}, "LastWinningMegaEntry": {"MegaDraftGroupId": 1, "MegaContestKey": "90454930", "MegaEntryKey": "2171793135", "UserName": "dakid456", "UserKey": "467189", "UserMegaEntryCount": 0, "UserMegaEntryIndex": 0, "TimeRemainingOpponent": 0, "Rank": 1, "FantasyPoints": 1097.88, "FantasyPointsOpponent": 1037.18, "RankScore": 0, "RankScoreOpponent": 0, "UserNameOpponent": "sansbacon", "WinningValue": 27, "Winnings": [{"value": 27, "description": "Cash"}], "UpdateStatus": {"lastUpdateTime": "2020-10-15T14:12:59.1300139+00:00"}}, "Leaderboard": [{"MegaDraftGroupId": 1, "MegaContestKey": "90454930", "MegaEntryKey": "2171793135", "UserName": "dakid456", "UserKey": "467189", "UserMegaEntryCount": 0, "UserMegaEntryIndex": 0, "TimeRemainingOpponent": 0, "Rank": 1, "FantasyPoints": 1097.88, "FantasyPointsOpponent": 1037.18, "RankScore": 0, "RankScoreOpponent": 0, "UserNameOpponent": "sansbacon", "WinningValue": 27, "Winnings": [{"value": 27, "description": "Cash"}], "UpdateStatus": {"lastUpdateTime": "2020-10-15T14:12:59.1300139+00:00"}}, {"MegaDraftGroupId": 1, "MegaContestKey": "90454930", "MegaEntryKey": "2171790349", "UserName": "sansbacon", "UserKey": "725157", "UserMegaEntryCount": 0, "UserMegaEntryIndex": 0, "TimeRemainingOpponent": 0, "Rank": 2, "FantasyPoints": 1037.18, "FantasyPointsOpponent": 1097.88, "RankScore": 0, "RankScoreOpponent": 0, "UserNameOpponent": "dakid456", "WinningValue": 0, "UpdateStatus": {"lastUpdateTime": "2020-10-15T14:12:59.1308461+00:00"}}, {"MegaDraftGroupId": 1, "MegaContestKey": "90454930", "MegaEntryKey": "2171793410", "UserName": "Winforddj", "UserKey": "1955490", "UserMegaEntryCount": 0, "UserMegaEntryIndex": 0, "TimeRemainingOpponent": 0, "Rank": 3, "FantasyPoints": 894.18, "FantasyPointsOpponent": 1097.88, "RankScore": 0, "RankScoreOpponent": 0, "UserNameOpponent": "dakid456", "WinningValue": 0, "UpdateStatus": {"lastUpdateTime": "2020-10-15T14:12:59.1373082+00:00"}}], "UpdateStatus": {"lastUpdateTime": "2020-10-15T14:12:59.1531470+00:00"}}