{"href": "/scores/v1/contests/90453155/", "contestKey": "90453155", "leader": {"draftGroupId": 37605, "contestKey": "90453155", "entryKey": "2171735249", "lineupId": 2572013209, "userName": "sansbacon", "userKey": "725157", "userEntryCount": 1, "userEntryIndex": 1, "timeRemaining": 42.24, "timeRemainingUnit": "PMR", "maxTimeRemaining": 1200, "timeRemainingOpponent": 81.12, "rank": 1, "fantasyPoints": 210.02, "fantasyPointsOpponent": 199.9, "userNameOpponent": "liverpool424", "winningValue": 0}, "leaderBoard": [{"draftGroupId": 37605, "contestKey": "90453155", "entryKey": "2171735249", "lineupId": 2572013209, "userName": "sansbacon", "userKey": "725157", "userEntryCount": 1, "userEntryIndex": 1, "timeRemaining": 42.24, "timeRemainingUnit": "PMR", "maxTimeRemaining": 1200, "timeRemainingOpponent": 81.12, "rank": 1, "fantasyPoints": 210.02, "fantasyPointsOpponent": 199.9, "userNameOpponent": "liverpool424", "winningValue": 0}, {"draftGroupId": 37605, "contestKey": "90453155", "entryKey": "2171744982", "lineupId": 2572013211, "userName": "liverpool424", "userKey": "3541496", "userEntryCount": 1, "userEntryIndex": 1, "timeRemaining": 81.12, "timeRemainingUnit": "PMR", "maxTimeRemaining": 1200, "timeRemainingOpponent": 42.24, "rank": 2, "fantasyPoints": 199.9, "fantasyPointsOpponent": 210.02, "userNameOpponent": "sansbacon", "winningValue": 0}, {"draftGroupId": 37605, "contestKey": "90453155", "entryKey": "2171743815", "lineupId": 2572013210, "userName": "jeconklin", "userKey": "4653572", "userEntryCount": 1, "userEntryIndex": 1, "timeRemaining": 201.12, "timeRemainingUnit": "PMR", "maxTimeRemaining": 1200, "timeRemainingOpponent": 42.24, "rank": 3, "fantasyPoints": 173.88, "fantasyPointsOpponent": 210.02, "userNameOpponent": "sansbacon", "winningValue": 0}]}