{"Leader": {"MegaDraftGroupId": 1, "MegaContestKey": "90453155", "MegaEntryKey": "2171735249", "UserName": "sansbacon", "UserKey": "725157", "UserMegaEntryCount": 0, "UserMegaEntryIndex": 0, "TimeRemainingOpponent": 0, "Rank": 1, "FantasyPoints": 1078.4, "FantasyPointsOpponent": 993.26, "RankScore": 0, "RankScoreOpponent": 0, "UserNameOpponent": "liverpool424", "WinningValue": 2.7, "Winnings": [{"value": 2.7, "description": "Cash"}], "UpdateStatus": {"lastUpdateTime": "2020-10-15T14:12:59.0357616+00:00"}}, "LastWinningMegaEntry": {"MegaDraftGroupId": 1, "MegaContestKey": "90453155", "MegaEntryKey": "2171735249", "UserName": "sansbacon", "UserKey": "725157", "UserMegaEntryCount": 0, "UserMegaEntryIndex": 0, "TimeRemainingOpponent": 0, "Rank": 1, "FantasyPoints": 1078.4, "FantasyPointsOpponent": 993.26, "RankScore": 0, "RankScoreOpponent": 0, "UserNameOpponent": "liverpool424", "WinningValue": 2.7, "Winnings": [{"value": 2.7, "description": "Cash"}], "UpdateStatus": {"lastUpdateTime": "2020-10-15T14:12:59.0357616+00:00"}}, "Leaderboard": [{"MegaDraftGroupId": 1, "MegaContestKey": "90453155", "MegaEntryKey": "2171735249", "UserName": "sansbacon", "UserKey": "725157", "UserMegaEntryCount": 0, "UserMegaEntryIndex": 0, "TimeRemainingOpponent": 0, "Rank": 1, "FantasyPoints": 1078.4, "FantasyPointsOpponent": 993.26, "RankScore": 0, "RankScoreOpponent": 0, "UserNameOpponent": "liverpool424", "WinningValue": 2.7, "Winnings": [{"value": 2.7, "description": "Cash"}], "UpdateStatus": {"lastUpdateTime": "2020-10-15T14:12:59.0357616+00:00"}}, {"MegaDraftGroupId": 1, "MegaContestKey": "90453155", "MegaEntryKey": "2171744982", "UserName": "liverpool424", "UserKey": "3541496", "UserMegaEntryCount": 0, "UserMegaEntryIndex": 0, "TimeRemainingOpponent": 0, "Rank": 2, "FantasyPoints": 993.26, "FantasyPointsOpponent": 1078.4, "RankScore": 0, "RankScoreOpponent": 0, "UserNameOpponent": "sansbacon", "WinningValue": 0, "UpdateStatus": {"lastUpdateTime": "2020-10-15T14:12:59.0328246+00:00"}}, {"MegaDraftGroupId": 1, "MegaContestKey": "90453155", "MegaEntryKey": "2171743815", "UserName": "jeconklin", "UserKey": "4653572", "UserMegaEntryCount": 0, "UserMegaEntryIndex": 0, "TimeRemainingOpponent": 0, "Rank": 3, "FantasyPoints": 953.58, "FantasyPointsOpponent": 1078.4, "RankScore": 0, "RankScoreOpponent": 0, "UserNameOpponent": "sansbacon", "WinningValue": 0, "UpdateStatus": {"lastUpdateTime": "2020-10-15T14:12:59.0348912+00:00"}}], "UpdateStatus": {"lastUpdateTime": "2020-10-15T14:12:59.0365996+00:00"}}