{"href": "/scores/v1/contests/90456744/", "contestKey": "90456744", "leader": {"draftGroupId": 37605, "contestKey": "90456744", "entryKey": "2171899830", "lineupId": 2572106175, "userName": "drurymike", "userKey": "414963", "userEntryCount": 1, "userEntryIndex": 1, "timeRemaining": 141.12, "timeRemainingUnit": "PMR", "maxTimeRemaining": 1200, "timeRemainingOpponent": 42.24, "rank": 1, "fantasyPoints": 224.76, "fantasyPointsOpponent": 205.68, "userNameOpponent": "sansbacon", "winningValue": 0}, "leaderBoard": [{"draftGroupId": 37605, "contestKey": "90456744", "entryKey": "2171899830", "lineupId": 2572106175, "userName": "drurymike", "userKey": "414963", "userEntryCount": 1, "userEntryIndex": 1, "timeRemaining": 141.12, "timeRemainingUnit": "PMR", "maxTimeRemaining": 1200, "timeRemainingOpponent": 42.24, "rank": 1, "fantasyPoints": 224.76, "fantasyPointsOpponent": 205.68, "userNameOpponent": "sansbacon", "winningValue": 0}, {"draftGroupId": 37605, "contestKey": "90456744", "entryKey": "2171905047", "lineupId": 2572106176, "userName": "sansbacon", "userKey": "725157", "userEntryCount": 1, "userEntryIndex": 1, "timeRemaining": 42.24, "timeRemainingUnit": "PMR", "maxTimeRemaining": 1200, "timeRemainingOpponent": 141.12, "rank": 2, "fantasyPoints": 205.68, "fantasyPointsOpponent": 224.76, "userNameOpponent": "drurymike", "winningValue": 0}, {"draftGroupId": 37605, "contestKey": "90456744", "entryKey": "2171908453", "lineupId": 2572106177, "userName": "Rancej33", "userKey": "492044", "userEntryCount": 1, "userEntryIndex": 1, "timeRemaining": 201.12, "timeRemainingUnit": "PMR", "maxTimeRemaining": 1200, "timeRemainingOpponent": 141.12, "rank": 3, "fantasyPoints": 184.5, "fantasyPointsOpponent": 224.76, "userNameOpponent": "drurymike", "winningValue": 0}]}