{"href": "/scores/v1/contests/90469740/", "contestKey": "90469740", "leader": {"draftGroupId": 37605, "contestKey": "90469740", "entryKey": "2172344474", "lineupId": 2572442178, "userName": "sansbacon", "userKey": "725157", "userEntryCount": 1, "userEntryIndex": 1, "timeRemaining": 81.63, "timeRemainingUnit": "PMR", "maxTimeRemaining": 1200, "timeRemainingOpponent": 81.63, "rank": 1, "fantasyPoints": 218.98, "fantasyPointsOpponent": 199.7, "userNameOpponent": "Ryno6616", "winningValue": 0}, "leaderBoard": [{"draftGroupId": 37605, "contestKey": "90469740", "entryKey": "2172344474", "lineupId": 2572442178, "userName": "sansbacon", "userKey": "725157", "userEntryCount": 1, "userEntryIndex": 1, "timeRemaining": 81.63, "timeRemainingUnit": "PMR", "maxTimeRemaining": 1200, "timeRemainingOpponent": 81.63, "rank": 1, "fantasyPoints": 218.98, "fantasyPointsOpponent": 199.7, "userNameOpponent": "Ryno6616", "winningValue": 0}, {"draftGroupId": 37605, "contestKey": "90469740", "entryKey": "2172360992", "lineupId": 2572442179, "userName": "Ryno6616", "userKey": "2545794", "userEntryCount": 1, "userEntryIndex": 1, "timeRemaining": 81.63, "timeRemainingUnit": "PMR", "maxTimeRemaining": 1200, "timeRemainingOpponent": 81.63, "rank": 2, "fantasyPoints": 199.7, "fantasyPointsOpponent": 218.98, "userNameOpponent": "sansbacon", "winningValue": 0}, {"draftGroupId": 37605, "contestKey": "90469740", "entryKey": "2172391398", "lineupId": 2572442180, "userName": "mosioatunya", "userKey": "10569527", "userEntryCount": 1, "userEntryIndex": 1, "timeRemaining": 103.26, "timeRemainingUnit": "PMR", "maxTimeRemaining": 1200, "timeRemainingOpponent": 81.63, "rank": 3, "fantasyPoints": 178.1, "fantasyPointsOpponent": 218.98, "userNameOpponent": "sansbacon", "winningValue": 0}]}