{"href": "/scores/v1/contests/90469246/", "contestKey": "90469246", "leader": {"draftGroupId": 37605, "contestKey": "90469246", "entryKey": "2172335491", "lineupId": 2572391192, "userName": "sansbacon", "userKey": "725157", "userEntryCount": 1, "userEntryIndex": 1, "timeRemaining": 43.26, "timeRemainingUnit": "PMR", "maxTimeRemaining": 1200, "timeRemainingOpponent": 180, "rank": 1, "fantasyPoints": 223.38, "fantasyPointsOpponent": 207.08, "userNameOpponent": "skinnyjim4", "winningValue": 0}, "leaderBoard": [{"draftGroupId": 37605, "contestKey": "90469246", "entryKey": "2172335491", "lineupId": 2572391192, "userName": "sansbacon", "userKey": "725157", "userEntryCount": 1, "userEntryIndex": 1, "timeRemaining": 43.26, "timeRemainingUnit": "PMR", "maxTimeRemaining": 1200, "timeRemainingOpponent": 180, "rank": 1, "fantasyPoints": 223.38, "fantasyPointsOpponent": 207.08, "userNameOpponent": "skinnyjim4", "winningValue": 0}, {"draftGroupId": 37605, "contestKey": "90469246", "entryKey": "2172316615", "lineupId": 2572391191, "userName": "skinnyjim4", "userKey": "6458157", "userEntryCount": 1, "userEntryIndex": 1, "timeRemaining": 180, "timeRemainingUnit": "PMR", "maxTimeRemaining": 1200, "timeRemainingOpponent": 43.26, "rank": 2, "fantasyPoints": 207.08, "fantasyPointsOpponent": 223.38, "userNameOpponent": "sansbacon", "winningValue": 0}, {"draftGroupId": 37605, "contestKey": "90469246", "entryKey": "2172343316", "lineupId": 2572391193, "userName": "BusterB13", "userKey": "10831426", "userEntryCount": 1, "userEntryIndex": 1, "timeRemaining": 103.26, "timeRemainingUnit": "PMR", "maxTimeRemaining": 1200, "timeRemainingOpponent": 43.26, "rank": 3, "fantasyPoints": 167.1, "fantasyPointsOpponent": 223.38, "userNameOpponent": "sansbacon", "winningValue": 0}]}