{"Leader": {"MegaDraftGroupId": 1, "MegaContestKey": "90469740", "MegaEntryKey": "2172344474", "UserName": "sansbacon", "UserKey": "725157", "UserMegaEntryCount": 0, "UserMegaEntryIndex": 0, "TimeRemainingOpponent": 0, "Rank": 1, "FantasyPoints": 1125.4, "FantasyPointsOpponent": 969.76, "RankScore": 0, "RankScoreOpponent": 0, "UserNameOpponent": "Ryno6616", "WinningValue": 27, "Winnings": [{"value": 27, "description": "Cash"}], "UpdateStatus": {"lastUpdateTime": "2020-10-15T14:12:59.7941606+00:00"}}, "LastWinningMegaEntry": {"MegaDraftGroupId": 1, "MegaContestKey": "90469740", "MegaEntryKey": "2172344474", "UserName": "sansbacon", "UserKey": "725157", "UserMegaEntryCount": 0, "UserMegaEntryIndex": 0, "TimeRemainingOpponent": 0, "Rank": 1, "FantasyPoints": 1125.4, "FantasyPointsOpponent": 969.76, "RankScore": 0, "RankScoreOpponent": 0, "UserNameOpponent": "Ryno6616", "WinningValue": 27, "Winnings": [{"value": 27, "description": "Cash"}], "UpdateStatus": {"lastUpdateTime": "2020-10-15T14:12:59.7941606+00:00"}}, "Leaderboard": [{"MegaDraftGroupId": 1, "MegaContestKey": "90469740", "MegaEntryKey": "2172344474", "UserName": "sansbacon", "UserKey": "725157", "UserMegaEntryCount": 0, "UserMegaEntryIndex": 0, "TimeRemainingOpponent": 0, "Rank": 1, "FantasyPoints": 1125.4, "FantasyPointsOpponent": 969.76, "RankScore": 0, "RankScoreOpponent": 0, "UserNameOpponent": "Ryno6616", "WinningValue": 27, "Winnings": [{"value": 27, "description": "Cash"}], "UpdateStatus": {"lastUpdateTime": "2020-10-15T14:12:59.7941606+00:00"}}, {"MegaDraftGroupId": 1, "MegaContestKey": "90469740", "MegaEntryKey": "2172360992", "UserName": "Ryno6616", "UserKey": "2545794", "UserMegaEntryCount": 0, "UserMegaEntryIndex": 0, "TimeRemainingOpponent": 0, "Rank": 2, "FantasyPoints": 969.76, "FantasyPointsOpponent": 1125.4, "RankScore": 0, "RankScoreOpponent": 0, "UserNameOpponent": "sansbacon", "WinningValue": 0, "UpdateStatus": {"lastUpdateTime": "2020-10-15T14:12:59.7943316+00:00"}}, {"MegaDraftGroupId": 1, "MegaContestKey": "90469740", "MegaEntryKey": "2172391398", "UserName": "mosioatunya", "UserKey": "10569527", "UserMegaEntryCount": 0, "UserMegaEntryIndex": 0, "TimeRemainingOpponent": 0, "Rank": 3, "FantasyPoints": 880.64, "FantasyPointsOpponent": 1125.4, "RankScore": 0, "RankScoreOpponent": 0, "UserNameOpponent": "sansbacon", "WinningValue": 0, "UpdateStatus": {"lastUpdateTime": "2020-10-15T14:12:59.7944669+00:00"}}], "UpdateStatus": {"lastUpdateTime": "2020-10-15T14:12:59.7976326+00:00"}}