{"Leader": {"MegaDraftGroupId": 1, "MegaContestKey": "90462537", "MegaEntryKey": "2172160053", "UserName": "sansbacon", "UserKey": "725157", "UserMegaEntryCount": 0, "UserMegaEntryIndex": 0, "TimeRemainingOpponent": 0, "Rank": 1, "FantasyPoints": 1041.12, "FantasyPointsOpponent": 969.72, "RankScore": 0, "RankScoreOpponent": 0, "UserNameOpponent": "juzrock", "WinningValue": 27, "Winnings": [{"value": 27, "description": "Cash"}], "UpdateStatus": {"lastUpdateTime": "2020-10-15T14:12:59.5090254+00:00"}}, "LastWinningMegaEntry": {"MegaDraftGroupId": 1, "MegaContestKey": "90462537", "MegaEntryKey": "2172160053", "UserName": "sansbacon", "UserKey": "725157", "UserMegaEntryCount": 0, "UserMegaEntryIndex": 0, "TimeRemainingOpponent": 0, "Rank": 1, "FantasyPoints": 1041.12, "FantasyPointsOpponent": 969.72, "RankScore": 0, "RankScoreOpponent": 0, "UserNameOpponent": "juzrock", "WinningValue": 27, "Winnings": [{"value": 27, "description": "Cash"}], "UpdateStatus": {"lastUpdateTime": "2020-10-15T14:12:59.5090254+00:00"}}, "Leaderboard": [{"MegaDraftGroupId": 1, "MegaContestKey": "90462537", "MegaEntryKey": "2172160053", "UserName": "sansbacon", "UserKey": "725157", "UserMegaEntryCount": 0, "UserMegaEntryIndex": 0, "TimeRemainingOpponent": 0, "Rank": 1, "FantasyPoints": 1041.12, "FantasyPointsOpponent": 969.72, "RankScore": 0, "RankScoreOpponent": 0, "UserNameOpponent": "juzrock", "WinningValue": 27, "Winnings": [{"value": 27, "description": "Cash"}], "UpdateStatus": {"lastUpdateTime": "2020-10-15T14:12:59.5090254+00:00"}}, {"MegaDraftGroupId": 1, "MegaContestKey": "90462537", "MegaEntryKey": "2172197548", "UserName": "juzrock", "UserKey": "858323", "UserMegaEntryCount": 0, "UserMegaEntryIndex": 0, "TimeRemainingOpponent": 0, "Rank": 2, "FantasyPoints": 969.72, "FantasyPointsOpponent": 1041.12, "RankScore": 0, "RankScoreOpponent": 0, "UserNameOpponent": "sansbacon", "WinningValue": 0, "UpdateStatus": {"lastUpdateTime": "2020-10-15T14:12:59.5071144+00:00"}}, {"MegaDraftGroupId": 1, "MegaContestKey": "90462537", "MegaEntryKey": "2172214945", "UserName": "mrichefvikings", "UserKey": "5687743", "UserMegaEntryCount": 0, "UserMegaEntryIndex": 0, "TimeRemainingOpponent": 0, "Rank": 3, "FantasyPoints": 960.64, "FantasyPointsOpponent": 1041.12, "RankScore": 0, "RankScoreOpponent": 0, "UserNameOpponent": "sansbacon", "WinningValue": 0, "UpdateStatus": {"lastUpdateTime": "2020-10-15T14:12:59.5082199+00:00"}}], "UpdateStatus": {"lastUpdateTime": "2020-10-15T14:12:59.5168696+00:00"}}