{"href": "/scores/v1/contests/90462537/", "contestKey": "90462537", "leader": {"draftGroupId": 37605, "contestKey": "90462537", "entryKey": "2172160053", "lineupId": 2572297971, "userName": "sansbacon", "userKey": "725157", "userEntryCount": 1, "userEntryIndex": 1, "timeRemaining": 42.24, "timeRemainingUnit": "PMR", "maxTimeRemaining": 1200, "timeRemainingOpponent": 102.24, "rank": 1, "fantasyPoints": 232.18, "fantasyPointsOpponent": 191.38, "userNameOpponent": "juzrock", "winningValue": 0}, "leaderBoard": [{"draftGroupId": 37605, "contestKey": "90462537", "entryKey": "2172160053", "lineupId": 2572297971, "userName": "sansbacon", "userKey": "725157", "userEntryCount": 1, "userEntryIndex": 1, "timeRemaining": 42.24, "timeRemainingUnit": "PMR", "maxTimeRemaining": 1200, "timeRemainingOpponent": 102.24, "rank": 1, "fantasyPoints": 232.18, "fantasyPointsOpponent": 191.38, "userNameOpponent": "juzrock", "winningValue": 0}, {"draftGroupId": 37605, "contestKey": "90462537", "entryKey": "2172197548", "lineupId": 2572297972, "userName": "juzrock", "userKey": "858323", "userEntryCount": 1, "userEntryIndex": 1, "timeRemaining": 102.24, "timeRemainingUnit": "PMR", "maxTimeRemaining": 1200, "timeRemainingOpponent": 42.24, "rank": 2, "fantasyPoints": 191.38, "fantasyPointsOpponent": 232.18, "userNameOpponent": "sansbacon", "winningValue": 0}, {"draftGroupId": 37605, "contestKey": "90462537", "entryKey": "2172214945", "lineupId": 2572297973, "userName": "mrichefvikings", "userKey": "5687743", "userEntryCount": 1, "userEntryIndex": 1, "timeRemaining": 120, "timeRemainingUnit": "PMR", "maxTimeRemaining": 1200, "timeRemainingOpponent": 42.24, "rank": 3, "fantasyPoints": 173.4, "fantasyPointsOpponent": 232.18, "userNameOpponent": "sansbacon", "winningValue": 0}]}