{"Leader": {"MegaDraftGroupId": 1, "MegaContestKey": "90469246", "MegaEntryKey": "2172335491", "UserName": "sansbacon", "UserKey": "725157", "UserMegaEntryCount": 0, "UserMegaEntryIndex": 0, "TimeRemainingOpponent": 0, "Rank": 1, "FantasyPoints": 1054.66, "FantasyPointsOpponent": 1035.46, "RankScore": 0, "RankScoreOpponent": 0, "UserNameOpponent": "BusterB13", "WinningValue": 2.7, "Winnings": [{"value": 2.7, "description": "Cash"}], "UpdateStatus": {"lastUpdateTime": "2020-10-15T14:12:59.7006670+00:00"}}, "LastWinningMegaEntry": {"MegaDraftGroupId": 1, "MegaContestKey": "90469246", "MegaEntryKey": "2172335491", "UserName": "sansbacon", "UserKey": "725157", "UserMegaEntryCount": 0, "UserMegaEntryIndex": 0, "TimeRemainingOpponent": 0, "Rank": 1, "FantasyPoints": 1054.66, "FantasyPointsOpponent": 1035.46, "RankScore": 0, "RankScoreOpponent": 0, "UserNameOpponent": "BusterB13", "WinningValue": 2.7, "Winnings": [{"value": 2.7, "description": "Cash"}], "UpdateStatus": {"lastUpdateTime": "2020-10-15T14:12:59.7006670+00:00"}}, "Leaderboard": [{"MegaDraftGroupId": 1, "MegaContestKey": "90469246", "MegaEntryKey": "2172335491", "UserName": "sansbacon", "UserKey": "725157", "UserMegaEntryCount": 0, "UserMegaEntryIndex": 0, "TimeRemainingOpponent": 0, "Rank": 1, "FantasyPoints": 1054.66, "FantasyPointsOpponent": 1035.46, "RankScore": 0, "RankScoreOpponent": 0, "UserNameOpponent": "BusterB13", "WinningValue": 2.7, "Winnings": [{"value": 2.7, "description": "Cash"}], "UpdateStatus": {"lastUpdateTime": "2020-10-15T14:12:59.7006670+00:00"}}, {"MegaDraftGroupId": 1, "MegaContestKey": "90469246", "MegaEntryKey": "2172343316", "UserName": "BusterB13", "UserKey": "10831426", "UserMegaEntryCount": 0, "UserMegaEntryIndex": 0, "TimeRemainingOpponent": 0, "Rank": 2, "FantasyPoints": 1035.46, "FantasyPointsOpponent": 1054.66, "RankScore": 0, "RankScoreOpponent": 0, "UserNameOpponent": "sansbacon", "WinningValue": 0, "UpdateStatus": {"lastUpdateTime": "2020-10-15T14:12:59.7005047+00:00"}}, {"MegaDraftGroupId": 1, "MegaContestKey": "90469246", "MegaEntryKey": "2172316615", "UserName": "skinnyjim4", "UserKey": "6458157", "UserMegaEntryCount": 0, "UserMegaEntryIndex": 0, "TimeRemainingOpponent": 0, "Rank": 3, "FantasyPoints": 943.88, "FantasyPointsOpponent": 1054.66, "RankScore": 0, "RankScoreOpponent": 0, "UserNameOpponent": "sansbacon", "WinningValue": 0, "UpdateStatus": {"lastUpdateTime": "2020-10-15T14:12:59.6999490+00:00"}}], "UpdateStatus": {"lastUpdateTime": "2020-10-15T14:12:59.7027764+00:00"}}