{"Leader": {"MegaDraftGroupId": 1, "MegaContestKey": "90472485", "MegaEntryKey": "2172471392", "UserName": "andrewralston13", "UserKey": "12817778", "UserMegaEntryCount": 0, "UserMegaEntryIndex": 0, "TimeRemainingOpponent": 0, "Rank": 1, "FantasyPoints": 947.46, "FantasyPointsOpponent": 914.26, "RankScore": 0, "RankScoreOpponent": 0, "UserNameOpponent": "eshulenb", "WinningValue": 3.8, "Winnings": [{"value": 3.8, "description": "Cash"}], "UpdateStatus": {"lastUpdateTime": "2020-10-15T14:12:59.9095086+00:00"}}, "LastWinningMegaEntry": {"MegaDraftGroupId": 1, "MegaContestKey": "90472485", "MegaEntryKey": "2172495252", "UserName": "eshulenb", "UserKey": "12792348", "UserMegaEntryCount": 0, "UserMegaEntryIndex": 0, "TimeRemainingOpponent": 0, "Rank": 2, "FantasyPoints": 914.26, "FantasyPointsOpponent": 947.46, "RankScore": 0, "RankScoreOpponent": 0, "UserNameOpponent": "andrewralston13", "WinningValue": 1.6, "Winnings": [{"value": 1.6, "description": "Cash"}], "UpdateStatus": {"lastUpdateTime": "2020-10-15T14:12:59.9091741+00:00"}}, "Leaderboard": [{"MegaDraftGroupId": 1, "MegaContestKey": "90472485", "MegaEntryKey": "2172471392", "UserName": "andrewralston13", "UserKey": "12817778", "UserMegaEntryCount": 0, "UserMegaEntryIndex": 0, "TimeRemainingOpponent": 0, "Rank": 1, "FantasyPoints": 947.46, "FantasyPointsOpponent": 914.26, "RankScore": 0, "RankScoreOpponent": 0, "UserNameOpponent": "eshulenb", "WinningValue": 3.8, "Winnings": [{"value": 3.8, "description": "Cash"}], "UpdateStatus": {"lastUpdateTime": "2020-10-15T14:12:59.9095086+00:00"}}, {"MegaDraftGroupId": 1, "MegaContestKey": "90472485", "MegaEntryKey": "2172495252", "UserName": "eshulenb", "UserKey": "12792348", "UserMegaEntryCount": 0, "UserMegaEntryIndex": 0, "TimeRemainingOpponent": 0, "Rank": 2, "FantasyPoints": 914.26, "FantasyPointsOpponent": 947.46, "RankScore": 0, "RankScoreOpponent": 0, "UserNameOpponent": "andrewralston13", "WinningValue": 1.6, "Winnings": [{"value": 1.6, "description": "Cash"}], "UpdateStatus": {"lastUpdateTime": "2020-10-15T14:12:59.9091741+00:00"}}, {"MegaDraftGroupId": 1, "MegaContestKey": "90472485", "MegaEntryKey": "2172502282", "UserName": "jbecks81", "UserKey": "9036305", "UserMegaEntryCount": 0, "UserMegaEntryIndex": 0, "TimeRemainingOpponent": 0, "Rank": 3, "FantasyPoints": 880.44, "FantasyPointsOpponent": 947.46, "RankScore": 0, "RankScoreOpponent": 0, "UserNameOpponent": "andrewralston13", "WinningValue": 0, "UpdateStatus": {"lastUpdateTime": "2020-10-15T14:12:59.9071451+00:00"}}, {"MegaDraftGroupId": 1, "MegaContestKey": "90472485", "MegaEntryKey": "2172503540", "UserName": "Uncleviscous", "UserKey": "358920", "UserMegaEntryCount": 0, "UserMegaEntryIndex": 0, "TimeRemainingOpponent": 0, "Rank": 4, "FantasyPoints": 875.92, "FantasyPointsOpponent": 947.46, "RankScore": 0, "RankScoreOpponent": 0, "UserNameOpponent": "andrewralston13", "WinningValue": 0, "UpdateStatus": {"lastUpdateTime": "2020-10-15T14:12:59.9085584+00:00"}}, {"MegaDraftGroupId": 1, "MegaContestKey": "90472485", "MegaEntryKey": "2172502683", "UserName": "sansbacon", "UserKey": "725157", "UserMegaEntryCount": 0, "UserMegaEntryIndex": 0, "TimeRemainingOpponent": 0, "Rank": 5, "FantasyPoints": 854.22, "FantasyPointsOpponent": 947.46, "RankScore": 0, "RankScoreOpponent": 0, "UserNameOpponent": "andrewralston13", "WinningValue": 0, "UpdateStatus": {"lastUpdateTime": "2020-10-15T14:12:59.9090458+00:00"}}, {"MegaDraftGroupId": 1, "MegaContestKey": "90472485", "MegaEntryKey": "2172438669", "UserName": "whitmir6", "UserKey": "195420", "UserMegaEntryCount": 0, "UserMegaEntryIndex": 0, "TimeRemainingOpponent": 0, "Rank": 6, "FantasyPoints": 818.2, "FantasyPointsOpponent": 947.46, "RankScore": 0, "RankScoreOpponent": 0, "UserNameOpponent": "andrewralston13", "WinningValue": 0, "UpdateStatus": {"lastUpdateTime": "2020-10-15T14:12:59.9082433+00:00"}}], "UpdateStatus": {"lastUpdateTime": "2020-10-15T14:12:59.9121871+00:00"}}