{"href": "/scores/v1/contests/90472821/", "contestKey": "90472821", "leader": {"draftGroupId": 37605, "contestKey": "90472821", "entryKey": "2172727464", "lineupId": 2572848289, "userName": "griffalicious24", "userKey": "1649680", "userEntryCount": 1, "userEntryIndex": 1, "timeRemaining": 81.63, "timeRemainingUnit": "PMR", "maxTimeRemaining": 1200, "timeRemainingOpponent": 124.89, "rank": 1, "fantasyPoints": 211.18, "fantasyPointsOpponent": 197.8, "userNameOpponent": "sansbacon", "winningValue": 0}, "leaderBoard": [{"draftGroupId": 37605, "contestKey": "90472821", "entryKey": "2172727464", "lineupId": 2572848289, "userName": "griffalicious24", "userKey": "1649680", "userEntryCount": 1, "userEntryIndex": 1, "timeRemaining": 81.63, "timeRemainingUnit": "PMR", "maxTimeRemaining": 1200, "timeRemainingOpponent": 124.89, "rank": 1, "fantasyPoints": 211.18, "fantasyPointsOpponent": 197.8, "userNameOpponent": "sansbacon", "winningValue": 0}, {"draftGroupId": 37605, "contestKey": "90472821", "entryKey": "2172712551", "lineupId": 2572848288, "userName": "sansbacon", "userKey": "725157", "userEntryCount": 1, "userEntryIndex": 1, "timeRemaining": 124.89, "timeRemainingUnit": "PMR", "maxTimeRemaining": 1200, "timeRemainingOpponent": 81.63, "rank": 2, "fantasyPoints": 197.8, "fantasyPointsOpponent": 211.18, "userNameOpponent": "griffalicious24", "winningValue": 0}, {"draftGroupId": 37605, "contestKey": "90472821", "entryKey": "2172736817", "lineupId": 2572848290, "userName": "hodaman", "userKey": "854741", "userEntryCount": 1, "userEntryIndex": 1, "timeRemaining": 120, "timeRemainingUnit": "PMR", "maxTimeRemaining": 1200, "timeRemainingOpponent": 81.63, "rank": 3, "fantasyPoints": 190.98, "fantasyPointsOpponent": 211.18, "userNameOpponent": "griffalicious24", "winningValue": 0}]}