{"Leader": {"MegaDraftGroupId": 1, "MegaContestKey": "90472821", "MegaEntryKey": "2172712551", "UserName": "sansbacon", "UserKey": "725157", "UserMegaEntryCount": 0, "UserMegaEntryIndex": 0, "TimeRemainingOpponent": 0, "Rank": 1, "FantasyPoints": 1058.94, "FantasyPointsOpponent": 1002.44, "RankScore": 0, "RankScoreOpponent": 0, "UserNameOpponent": "griffalicious24", "WinningValue": 27, "Winnings": [{"value": 27, "description": "Cash"}], "UpdateStatus": {"lastUpdateTime": "2020-10-15T14:12:59.4824804+00:00"}}, "LastWinningMegaEntry": {"MegaDraftGroupId": 1, "MegaContestKey": "90472821", "MegaEntryKey": "2172712551", "UserName": "sansbacon", "UserKey": "725157", "UserMegaEntryCount": 0, "UserMegaEntryIndex": 0, "TimeRemainingOpponent": 0, "Rank": 1, "FantasyPoints": 1058.94, "FantasyPointsOpponent": 1002.44, "RankScore": 0, "RankScoreOpponent": 0, "UserNameOpponent": "griffalicious24", "WinningValue": 27, "Winnings": [{"value": 27, "description": "Cash"}], "UpdateStatus": {"lastUpdateTime": "2020-10-15T14:12:59.4824804+00:00"}}, "Leaderboard": [{"MegaDraftGroupId": 1, "MegaContestKey": "90472821", "MegaEntryKey": "2172712551", "UserName": "sansbacon", "UserKey": "725157", "UserMegaEntryCount": 0, "UserMegaEntryIndex": 0, "TimeRemainingOpponent": 0, "Rank": 1, "FantasyPoints": 1058.94, "FantasyPointsOpponent": 1002.44, "RankScore": 0, "RankScoreOpponent": 0, "UserNameOpponent": "griffalicious24", "WinningValue": 27, "Winnings": [{"value": 27, "description": "Cash"}], "UpdateStatus": {"lastUpdateTime": "2020-10-15T14:12:59.4824804+00:00"}}, {"MegaDraftGroupId": 1, "MegaContestKey": "90472821", "MegaEntryKey": "2172727464", "UserName": "griffalicious24", "UserKey": "1649680", "UserMegaEntryCount": 0, "UserMegaEntryIndex": 0, "TimeRemainingOpponent": 0, "Rank": 2, "FantasyPoints": 1002.44, "FantasyPointsOpponent": 1058.94, "RankScore": 0, "RankScoreOpponent": 0, "UserNameOpponent": "sansbacon", "WinningValue": 0, "UpdateStatus": {"lastUpdateTime": "2020-10-15T14:12:59.4827582+00:00"}}, {"MegaDraftGroupId": 1, "MegaContestKey": "90472821", "MegaEntryKey": "2172736817", "UserName": "hodaman", "UserKey": "854741", "UserMegaEntryCount": 0, "UserMegaEntryIndex": 0, "TimeRemainingOpponent": 0, "Rank": 3, "FantasyPoints": 945.66, "FantasyPointsOpponent": 1058.94, "RankScore": 0, "RankScoreOpponent": 0, "UserNameOpponent": "sansbacon", "WinningValue": 0, "UpdateStatus": {"lastUpdateTime": "2020-10-15T14:12:59.4822275+00:00"}}], "UpdateStatus": {"lastUpdateTime": "2020-10-15T14:12:59.4851279+00:00"}}