{"href": "/scores/v1/contests/90499057/", "contestKey": "90499057", "leader": {"draftGroupId": 37605, "contestKey": "90499057", "entryKey": "2173164165", "lineupId": 2573498836, "userName": "sjkaplan", "userKey": "4022771", "userEntryCount": 1, "userEntryIndex": 1, "timeRemaining": 223.26, "timeRemainingUnit": "PMR", "maxTimeRemaining": 1200, "timeRemainingOpponent": 0, "rank": 1, "fantasyPoints": 213.9, "fantasyPointsOpponent": 212.58, "userNameOpponent": "sansbacon", "winningValue": 0}, "leaderBoard": [{"draftGroupId": 37605, "contestKey": "90499057", "entryKey": "2173164165", "lineupId": 2573498836, "userName": "sjkaplan", "userKey": "4022771", "userEntryCount": 1, "userEntryIndex": 1, "timeRemaining": 223.26, "timeRemainingUnit": "PMR", "maxTimeRemaining": 1200, "timeRemainingOpponent": 0, "rank": 1, "fantasyPoints": 213.9, "fantasyPointsOpponent": 212.58, "userNameOpponent": "sansbacon", "winningValue": 0}, {"draftGroupId": 37605, "contestKey": "90499057", "entryKey": "2173157724", "lineupId": 2573498835, "userName": "sansbacon", "userKey": "725157", "userEntryCount": 1, "userEntryIndex": 1, "timeRemaining": 0, "timeRemainingUnit": "PMR", "maxTimeRemaining": 1200, "timeRemainingOpponent": 223.26, "rank": 2, "fantasyPoints": 212.58, "fantasyPointsOpponent": 213.9, "userNameOpponent": "sjkaplan", "winningValue": 0}, {"draftGroupId": 37605, "contestKey": "90499057", "entryKey": "2173172751", "lineupId": 2573498837, "userName": "raygo", "userKey": "100294", "userEntryCount": 1, "userEntryIndex": 1, "timeRemaining": 43.26, "timeRemainingUnit": "PMR", "maxTimeRemaining": 1200, "timeRemainingOpponent": 223.26, "rank": 3, "fantasyPoints": 178.68, "fantasyPointsOpponent": 213.9, "userNameOpponent": "sjkaplan", "winningValue": 0}]}