{"href": "/scores/v1/contests/90497568/", "contestKey": "90497568", "leader": {"draftGroupId": 37605, "contestKey": "90497568", "entryKey": "2173139742", "lineupId": 2573487239, "userName": "sansbacon", "userKey": "725157", "userEntryCount": 1, "userEntryIndex": 1, "timeRemaining": 43.26, "timeRemainingUnit": "PMR", "maxTimeRemaining": 1200, "timeRemainingOpponent": 180, "rank": 1, "fantasyPoints": 247.38, "fantasyPointsOpponent": 187.7, "userNameOpponent": "shadybutcher", "winningValue": 0}, "leaderBoard": [{"draftGroupId": 37605, "contestKey": "90497568", "entryKey": "2173139742", "lineupId": 2573487239, "userName": "sansbacon", "userKey": "725157", "userEntryCount": 1, "userEntryIndex": 1, "timeRemaining": 43.26, "timeRemainingUnit": "PMR", "maxTimeRemaining": 1200, "timeRemainingOpponent": 180, "rank": 1, "fantasyPoints": 247.38, "fantasyPointsOpponent": 187.7, "userNameOpponent": "shadybutcher", "winningValue": 0}, {"draftGroupId": 37605, "contestKey": "90497568", "entryKey": "2173154301", "lineupId": 2573487240, "userName": "shadybutcher", "userKey": "5678264", "userEntryCount": 1, "userEntryIndex": 1, "timeRemaining": 180, "timeRemainingUnit": "PMR", "maxTimeRemaining": 1200, "timeRemainingOpponent": 43.26, "rank": 2, "fantasyPoints": 187.7, "fantasyPointsOpponent": 247.38, "userNameOpponent": "sansbacon", "winningValue": 0}, {"draftGroupId": 37605, "contestKey": "90497568", "entryKey": "2173154538", "lineupId": 2573487242, "userName": "rboyes22", "userKey": "3751467", "userEntryCount": 1, "userEntryIndex": 1, "timeRemaining": 141.63, "timeRemainingUnit": "PMR", "maxTimeRemaining": 1200, "timeRemainingOpponent": 43.26, "rank": 3, "fantasyPoints": 166.4, "fantasyPointsOpponent": 247.38, "userNameOpponent": "sansbacon", "winningValue": 0}]}