{"href": "/scores/v1/contests/90529218/", "contestKey": "90529218", "leader": {"draftGroupId": 37605, "contestKey": "90529218", "entryKey": "2174255283", "lineupId": 2574221496, "userName": "HuskyMusky", "userKey": "713929", "userEntryCount": 1, "userEntryIndex": 1, "timeRemaining": 180, "timeRemainingUnit": "PMR", "maxTimeRemaining": 1200, "timeRemainingOpponent": 86.52, "rank": 1, "fantasyPoints": 214.7, "fantasyPointsOpponent": 191.6, "userNameOpponent": "sansbacon", "winningValue": 0}, "leaderBoard": [{"draftGroupId": 37605, "contestKey": "90529218", "entryKey": "2174255283", "lineupId": 2574221496, "userName": "HuskyMusky", "userKey": "713929", "userEntryCount": 1, "userEntryIndex": 1, "timeRemaining": 180, "timeRemainingUnit": "PMR", "maxTimeRemaining": 1200, "timeRemainingOpponent": 86.52, "rank": 1, "fantasyPoints": 214.7, "fantasyPointsOpponent": 191.6, "userNameOpponent": "sansbacon", "winningValue": 0}, {"draftGroupId": 37605, "contestKey": "90529218", "entryKey": "2174231860", "lineupId": 2574221494, "userName": "sansbacon", "userKey": "725157", "userEntryCount": 1, "userEntryIndex": 1, "timeRemaining": 86.52, "timeRemainingUnit": "PMR", "maxTimeRemaining": 1200, "timeRemainingOpponent": 180, "rank": 2, "fantasyPoints": 191.6, "fantasyPointsOpponent": 214.7, "userNameOpponent": "HuskyMusky", "winningValue": 0}, {"draftGroupId": 37605, "contestKey": "90529218", "entryKey": "2174255201", "lineupId": 2574221495, "userName": "buffaloe", "userKey": "1057336", "userEntryCount": 1, "userEntryIndex": 1, "timeRemaining": 120, "timeRemainingUnit": "PMR", "maxTimeRemaining": 1200, "timeRemainingOpponent": 180, "rank": 3, "fantasyPoints": 186.68, "fantasyPointsOpponent": 214.7, "userNameOpponent": "HuskyMusky", "winningValue": 0}]}