{"href": "/scores/v1/contests/90530008/", "contestKey": "90530008", "leader": {"draftGroupId": 37605, "contestKey": "90530008", "entryKey": "2174251906", "lineupId": 2574241988, "userName": "sansbacon", "userKey": "725157", "userEntryCount": 1, "userEntryIndex": 1, "timeRemaining": 103.26, "timeRemainingUnit": "PMR", "maxTimeRemaining": 1200, "timeRemainingOpponent": 81.63, "rank": 1, "fantasyPoints": 217.32, "fantasyPointsOpponent": 203.08, "userNameOpponent": "mrl176", "winningValue": 0}, "leaderBoard": [{"draftGroupId": 37605, "contestKey": "90530008", "entryKey": "2174251906", "lineupId": 2574241988, "userName": "sansbacon", "userKey": "725157", "userEntryCount": 1, "userEntryIndex": 1, "timeRemaining": 103.26, "timeRemainingUnit": "PMR", "maxTimeRemaining": 1200, "timeRemainingOpponent": 81.63, "rank": 1, "fantasyPoints": 217.32, "fantasyPointsOpponent": 203.08, "userNameOpponent": "mrl176", "winningValue": 0}, {"draftGroupId": 37605, "contestKey": "90530008", "entryKey": "2174241758", "lineupId": 2574241987, "userName": "mrl176", "userKey": "5987750", "userEntryCount": 1, "userEntryIndex": 1, "timeRemaining": 81.63, "timeRemainingUnit": "PMR", "maxTimeRemaining": 1200, "timeRemainingOpponent": 103.26, "rank": 2, "fantasyPoints": 203.08, "fantasyPointsOpponent": 217.32, "userNameOpponent": "sansbacon", "winningValue": 0}, {"draftGroupId": 37605, "contestKey": "90530008", "entryKey": "2174258939", "lineupId": 2574241989, "userName": "train1", "userKey": "3382234", "userEntryCount": 1, "userEntryIndex": 1, "timeRemaining": 141.63, "timeRemainingUnit": "PMR", "maxTimeRemaining": 1200, "timeRemainingOpponent": 103.26, "rank": 3, "fantasyPoints": 175.6, "fantasyPointsOpponent": 217.32, "userNameOpponent": "sansbacon", "winningValue": 0}]}