{"href": "/scores/v1/contests/90552652/", "contestKey": "90552652", "leader": {"draftGroupId": 37605, "contestKey": "90552652", "entryKey": "2174964522", "lineupId": 2575482655, "userName": "rcabrera4", "userKey": "10756929", "userEntryCount": 1, "userEntryIndex": 1, "timeRemaining": 81.63, "timeRemainingUnit": "PMR", "maxTimeRemaining": 1200, "timeRemainingOpponent": 86.52, "rank": 1, "fantasyPoints": 219.1, "fantasyPointsOpponent": 199.88, "userNameOpponent": "raygo", "winningValue": 0}, "leaderBoard": [{"draftGroupId": 37605, "contestKey": "90552652", "entryKey": "2174964522", "lineupId": 2575482655, "userName": "rcabrera4", "userKey": "10756929", "userEntryCount": 1, "userEntryIndex": 1, "timeRemaining": 81.63, "timeRemainingUnit": "PMR", "maxTimeRemaining": 1200, "timeRemainingOpponent": 86.52, "rank": 1, "fantasyPoints": 219.1, "fantasyPointsOpponent": 199.88, "userNameOpponent": "raygo", "winningValue": 0}, {"draftGroupId": 37605, "contestKey": "90552652", "entryKey": "2174955814", "lineupId": 2575482654, "userName": "raygo", "userKey": "100294", "userEntryCount": 1, "userEntryIndex": 1, "timeRemaining": 86.52, "timeRemainingUnit": "PMR", "maxTimeRemaining": 1200, "timeRemainingOpponent": 81.63, "rank": 2, "fantasyPoints": 199.88, "fantasyPointsOpponent": 219.1, "userNameOpponent": "rcabrera4", "winningValue": 0}, {"draftGroupId": 37605, "contestKey": "90552652", "entryKey": "2174949191", "lineupId": 2575482653, "userName": "sansbacon", "userKey": "725157", "userEntryCount": 1, "userEntryIndex": 1, "timeRemaining": 120, "timeRemainingUnit": "PMR", "maxTimeRemaining": 1200, "timeRemainingOpponent": 81.63, "rank": 3, "fantasyPoints": 192.8, "fantasyPointsOpponent": 219.1, "userNameOpponent": "rcabrera4", "winningValue": 0}]}