{"href": "/scores/v1/contests/90553395/", "contestKey": "90553395", "leader": {"draftGroupId": 37605, "contestKey": "90553395", "entryKey": "2174981017", "lineupId": 2575512765, "userName": "veetsnoats", "userKey": "4972991", "userEntryCount": 1, "userEntryIndex": 1, "timeRemaining": 0, "timeRemainingUnit": "PMR", "maxTimeRemaining": 1200, "timeRemainingOpponent": 180, "rank": 1, "fantasyPoints": 224.5, "fantasyPointsOpponent": 191.58, "userNameOpponent": "ajknollmaier", "winningValue": 0}, "leaderBoard": [{"draftGroupId": 37605, "contestKey": "90553395", "entryKey": "2174981017", "lineupId": 2575512765, "userName": "veetsnoats", "userKey": "4972991", "userEntryCount": 1, "userEntryIndex": 1, "timeRemaining": 0, "timeRemainingUnit": "PMR", "maxTimeRemaining": 1200, "timeRemainingOpponent": 180, "rank": 1, "fantasyPoints": 224.5, "fantasyPointsOpponent": 191.58, "userNameOpponent": "ajknollmaier", "winningValue": 0}, {"draftGroupId": 37605, "contestKey": "90553395", "entryKey": "2174962055", "lineupId": 2575512763, "userName": "ajknollmaier", "userKey": "9249178", "userEntryCount": 1, "userEntryIndex": 1, "timeRemaining": 180, "timeRemainingUnit": "PMR", "maxTimeRemaining": 1200, "timeRemainingOpponent": 0, "rank": 2, "fantasyPoints": 191.58, "fantasyPointsOpponent": 224.5, "userNameOpponent": "veetsnoats", "winningValue": 0}, {"draftGroupId": 37605, "contestKey": "90553395", "entryKey": "2174968093", "lineupId": 2575512764, "userName": "sansbacon", "userKey": "725157", "userEntryCount": 1, "userEntryIndex": 1, "timeRemaining": 64.89, "timeRemainingUnit": "PMR", "maxTimeRemaining": 1200, "timeRemainingOpponent": 0, "rank": 3, "fantasyPoints": 176.38, "fantasyPointsOpponent": 224.5, "userNameOpponent": "veetsnoats", "winningValue": 0}]}