{"href": "/scores/v1/contests/90554662/", "contestKey": "90554662", "leader": {"draftGroupId": 37605, "contestKey": "90554662", "entryKey": "2174991017", "lineupId": 2575533112, "userName": "sansbacon", "userKey": "725157", "userEntryCount": 1, "userEntryIndex": 1, "timeRemaining": 43.26, "timeRemainingUnit": "PMR", "maxTimeRemaining": 1200, "timeRemainingOpponent": 141.63, "rank": 1, "fantasyPoints": 252.18, "fantasyPointsOpponent": 182.5, "userNameOpponent": "akniuksta", "winningValue": 0}, "leaderBoard": [{"draftGroupId": 37605, "contestKey": "90554662", "entryKey": "2174991017", "lineupId": 2575533112, "userName": "sansbacon", "userKey": "725157", "userEntryCount": 1, "userEntryIndex": 1, "timeRemaining": 43.26, "timeRemainingUnit": "PMR", "maxTimeRemaining": 1200, "timeRemainingOpponent": 141.63, "rank": 1, "fantasyPoints": 252.18, "fantasyPointsOpponent": 182.5, "userNameOpponent": "akniuksta", "winningValue": 0}, {"draftGroupId": 37605, "contestKey": "90554662", "entryKey": "2174991188", "lineupId": 2575533113, "userName": "akniuksta", "userKey": "12735771", "userEntryCount": 1, "userEntryIndex": 1, "timeRemaining": 141.63, "timeRemainingUnit": "PMR", "maxTimeRemaining": 1200, "timeRemainingOpponent": 43.26, "rank": 2, "fantasyPoints": 182.5, "fantasyPointsOpponent": 252.18, "userNameOpponent": "sansbacon", "winningValue": 0}, {"draftGroupId": 37605, "contestKey": "90554662", "entryKey": "2175016795", "lineupId": 2575533114, "userName": "cvarnell", "userKey": "6210231", "userEntryCount": 1, "userEntryIndex": 1, "timeRemaining": 81.63, "timeRemainingUnit": "PMR", "maxTimeRemaining": 1200, "timeRemainingOpponent": 43.26, "rank": 3, "fantasyPoints": 161.4, "fantasyPointsOpponent": 252.18, "userNameOpponent": "sansbacon", "winningValue": 0}]}