{"href": "/scores/v1/contests/90574057/", "contestKey": "90574057", "leader": {"draftGroupId": 37605, "contestKey": "90574057", "entryKey": "2175702141", "lineupId": 2576171201, "userName": "cdp3904", "userKey": "12778254", "userEntryCount": 1, "userEntryIndex": 1, "timeRemaining": 81.63, "timeRemainingUnit": "PMR", "maxTimeRemaining": 1200, "timeRemainingOpponent": 43.26, "rank": 1, "fantasyPoints": 239.2, "fantasyPointsOpponent": 194.66, "userNameOpponent": "sansbacon", "winningValue": 0}, "leaderBoard": [{"draftGroupId": 37605, "contestKey": "90574057", "entryKey": "2175702141", "lineupId": 2576171201, "userName": "cdp3904", "userKey": "12778254", "userEntryCount": 1, "userEntryIndex": 1, "timeRemaining": 81.63, "timeRemainingUnit": "PMR", "maxTimeRemaining": 1200, "timeRemainingOpponent": 43.26, "rank": 1, "fantasyPoints": 239.2, "fantasyPointsOpponent": 194.66, "userNameOpponent": "sansbacon", "winningValue": 0}, {"draftGroupId": 37605, "contestKey": "90574057", "entryKey": "2175681578", "lineupId": 2576171200, "userName": "sansbacon", "userKey": "725157", "userEntryCount": 1, "userEntryIndex": 1, "timeRemaining": 43.26, "timeRemainingUnit": "PMR", "maxTimeRemaining": 1200, "timeRemainingOpponent": 81.63, "rank": 2, "fantasyPoints": 194.66, "fantasyPointsOpponent": 239.2, "userNameOpponent": "cdp3904", "winningValue": 0}, {"draftGroupId": 37605, "contestKey": "90574057", "entryKey": "2175702629", "lineupId": 2576171202, "userName": "Haas2984", "userKey": "4161825", "userEntryCount": 1, "userEntryIndex": 1, "timeRemaining": 201.63, "timeRemainingUnit": "PMR", "maxTimeRemaining": 1200, "timeRemainingOpponent": 81.63, "rank": 3, "fantasyPoints": 151.58, "fantasyPointsOpponent": 239.2, "userNameOpponent": "cdp3904", "winningValue": 0}]}