{"href": "/scores/v1/contests/90579791/", "contestKey": "90579791", "leader": {"draftGroupId": 37605, "contestKey": "90579791", "entryKey": "2175866844", "lineupId": 2576342627, "userName": "sansbacon", "userKey": "725157", "userEntryCount": 1, "userEntryIndex": 1, "timeRemaining": 81.63, "timeRemainingUnit": "PMR", "maxTimeRemaining": 1200, "timeRemainingOpponent": 120, "rank": 1, "fantasyPoints": 224.1, "fantasyPointsOpponent": 208.6, "userNameOpponent": "Jerycho", "winningValue": 0}, "leaderBoard": [{"draftGroupId": 37605, "contestKey": "90579791", "entryKey": "2175866844", "lineupId": 2576342627, "userName": "sansbacon", "userKey": "725157", "userEntryCount": 1, "userEntryIndex": 1, "timeRemaining": 81.63, "timeRemainingUnit": "PMR", "maxTimeRemaining": 1200, "timeRemainingOpponent": 120, "rank": 1, "fantasyPoints": 224.1, "fantasyPointsOpponent": 208.6, "userNameOpponent": "Jerycho", "winningValue": 0}, {"draftGroupId": 37605, "contestKey": "90579791", "entryKey": "2175875946", "lineupId": 2576342628, "userName": "Jerycho", "userKey": "1027511", "userEntryCount": 1, "userEntryIndex": 1, "timeRemaining": 120, "timeRemainingUnit": "PMR", "maxTimeRemaining": 1200, "timeRemainingOpponent": 81.63, "rank": 2, "fantasyPoints": 208.6, "fantasyPointsOpponent": 224.1, "userNameOpponent": "sansbacon", "winningValue": 0}, {"draftGroupId": 37605, "contestKey": "90579791", "entryKey": "2175885448", "lineupId": 2576342629, "userName": "rjb5440", "userKey": "889098", "userEntryCount": 1, "userEntryIndex": 1, "timeRemaining": 64.89, "timeRemainingUnit": "PMR", "maxTimeRemaining": 1200, "timeRemainingOpponent": 81.63, "rank": 3, "fantasyPoints": 172.98, "fantasyPointsOpponent": 224.1, "userNameOpponent": "sansbacon", "winningValue": 0}]}