{"href": "/scores/v1/contests/90572871/", "contestKey": "90572871", "leader": {"draftGroupId": 37605, "contestKey": "90572871", "entryKey": "2175695169", "lineupId": 2576152248, "userName": "sansbacon", "userKey": "725157", "userEntryCount": 1, "userEntryIndex": 1, "timeRemaining": 81.63, "timeRemainingUnit": "PMR", "maxTimeRemaining": 1200, "timeRemainingOpponent": 60, "rank": 1, "fantasyPoints": 246.28, "fantasyPointsOpponent": 195.9, "userNameOpponent": "jklvy", "winningValue": 0}, "leaderBoard": [{"draftGroupId": 37605, "contestKey": "90572871", "entryKey": "2175695169", "lineupId": 2576152248, "userName": "sansbacon", "userKey": "725157", "userEntryCount": 1, "userEntryIndex": 1, "timeRemaining": 81.63, "timeRemainingUnit": "PMR", "maxTimeRemaining": 1200, "timeRemainingOpponent": 60, "rank": 1, "fantasyPoints": 246.28, "fantasyPointsOpponent": 195.9, "userNameOpponent": "jklvy", "winningValue": 0}, {"draftGroupId": 37605, "contestKey": "90572871", "entryKey": "2175668918", "lineupId": 2576152246, "userName": "jklvy", "userKey": "3796439", "userEntryCount": 1, "userEntryIndex": 1, "timeRemaining": 60, "timeRemainingUnit": "PMR", "maxTimeRemaining": 1200, "timeRemainingOpponent": 81.63, "rank": 2, "fantasyPoints": 195.9, "fantasyPointsOpponent": 246.28, "userNameOpponent": "sansbacon", "winningValue": 0}, {"draftGroupId": 37605, "contestKey": "90572871", "entryKey": "2175685159", "lineupId": 2576152247, "userName": "tiptop13", "userKey": "8982517", "userEntryCount": 1, "userEntryIndex": 1, "timeRemaining": 124.89, "timeRemainingUnit": "PMR", "maxTimeRemaining": 1200, "timeRemainingOpponent": 81.63, "rank": 3, "fantasyPoints": 159.2, "fantasyPointsOpponent": 246.28, "userNameOpponent": "sansbacon", "winningValue": 0}]}