{"href": "/scores/v1/contests/90580830/", "contestKey": "90580830", "leader": {"draftGroupId": 37605, "contestKey": "90580830", "entryKey": "2175914004", "lineupId": 2576366446, "userName": "MRG4E", "userKey": "8380357", "userEntryCount": 1, "userEntryIndex": 1, "timeRemaining": 180, "timeRemainingUnit": "PMR", "maxTimeRemaining": 1200, "timeRemainingOpponent": 43.26, "rank": 1, "fantasyPoints": 257.28, "fantasyPointsOpponent": 194.58, "userNameOpponent": "sansbacon", "winningValue": 0}, "leaderBoard": [{"draftGroupId": 37605, "contestKey": "90580830", "entryKey": "2175914004", "lineupId": 2576366446, "userName": "MRG4E", "userKey": "8380357", "userEntryCount": 1, "userEntryIndex": 1, "timeRemaining": 180, "timeRemainingUnit": "PMR", "maxTimeRemaining": 1200, "timeRemainingOpponent": 43.26, "rank": 1, "fantasyPoints": 257.28, "fantasyPointsOpponent": 194.58, "userNameOpponent": "sansbacon", "winningValue": 0}, {"draftGroupId": 37605, "contestKey": "90580830", "entryKey": "2175882787", "lineupId": 2576366444, "userName": "sansbacon", "userKey": "725157", "userEntryCount": 1, "userEntryIndex": 1, "timeRemaining": 43.26, "timeRemainingUnit": "PMR", "maxTimeRemaining": 1200, "timeRemainingOpponent": 180, "rank": 2, "fantasyPoints": 194.58, "fantasyPointsOpponent": 257.28, "userNameOpponent": "MRG4E", "winningValue": 0}, {"draftGroupId": 37605, "contestKey": "90580830", "entryKey": "2175902083", "lineupId": 2576366445, "userName": "jkronz79", "userKey": "7919173", "userEntryCount": 1, "userEntryIndex": 1, "timeRemaining": 81.63, "timeRemainingUnit": "PMR", "maxTimeRemaining": 1200, "timeRemainingOpponent": 180, "rank": 3, "fantasyPoints": 167.6, "fantasyPointsOpponent": 257.28, "userNameOpponent": "MRG4E", "winningValue": 0}]}