{"href": "/scores/v1/contests/90589368/", "contestKey": "90589368", "leader": {"draftGroupId": 37605, "contestKey": "90589368", "entryKey": "2176051561", "lineupId": 2576477417, "userName": "btos419", "userKey": "932896", "userEntryCount": 1, "userEntryIndex": 1, "timeRemaining": 0, "timeRemainingUnit": "PMR", "maxTimeRemaining": 1200, "timeRemainingOpponent": 103.26, "rank": 1, "fantasyPoints": 224.58, "fantasyPointsOpponent": 180.3, "userNameOpponent": "sansbacon", "winningValue": 0}, "leaderBoard": [{"draftGroupId": 37605, "contestKey": "90589368", "entryKey": "2176051561", "lineupId": 2576477417, "userName": "btos419", "userKey": "932896", "userEntryCount": 1, "userEntryIndex": 1, "timeRemaining": 0, "timeRemainingUnit": "PMR", "maxTimeRemaining": 1200, "timeRemainingOpponent": 103.26, "rank": 1, "fantasyPoints": 224.58, "fantasyPointsOpponent": 180.3, "userNameOpponent": "sansbacon", "winningValue": 0}, {"draftGroupId": 37605, "contestKey": "90589368", "entryKey": "2176060917", "lineupId": 2576477418, "userName": "sansbacon", "userKey": "725157", "userEntryCount": 1, "userEntryIndex": 1, "timeRemaining": 103.26, "timeRemainingUnit": "PMR", "maxTimeRemaining": 1200, "timeRemainingOpponent": 0, "rank": 2, "fantasyPoints": 180.3, "fantasyPointsOpponent": 224.58, "userNameOpponent": "btos419", "winningValue": 0}, {"draftGroupId": 37605, "contestKey": "90589368", "entryKey": "2176041436", "lineupId": -1, "userName": "IndigoSkyStud3", "userKey": "3513644", "userEntryCount": 1, "userEntryIndex": 1, "timeRemaining": 0, "timeRemainingUnit": "PMR", "maxTimeRemaining": 1200, "timeRemainingOpponent": 0, "rank": 3, "fantasyPoints": 0, "fantasyPointsOpponent": 224.58, "userNameOpponent": "btos419", "winningValue": 0}]}