{"href": "/scores/v1/contests/90580158/", "contestKey": "90580158", "leader": {"draftGroupId": 37605, "contestKey": "90580158", "entryKey": "2175877928", "lineupId": 2576357530, "userName": "sansbacon", "userKey": "725157", "userEntryCount": 1, "userEntryIndex": 1, "timeRemaining": 163.26, "timeRemainingUnit": "PMR", "maxTimeRemaining": 1200, "timeRemainingOpponent": 81.63, "rank": 1, "fantasyPoints": 245.48, "fantasyPointsOpponent": 198.5, "userNameOpponent": "lanky6", "winningValue": 0}, "leaderBoard": [{"draftGroupId": 37605, "contestKey": "90580158", "entryKey": "2175877928", "lineupId": 2576357530, "userName": "sansbacon", "userKey": "725157", "userEntryCount": 1, "userEntryIndex": 1, "timeRemaining": 163.26, "timeRemainingUnit": "PMR", "maxTimeRemaining": 1200, "timeRemainingOpponent": 81.63, "rank": 1, "fantasyPoints": 245.48, "fantasyPointsOpponent": 198.5, "userNameOpponent": "lanky6", "winningValue": 0}, {"draftGroupId": 37605, "contestKey": "90580158", "entryKey": "2175889847", "lineupId": 2576357532, "userName": "lanky6", "userKey": "6498882", "userEntryCount": 1, "userEntryIndex": 1, "timeRemaining": 81.63, "timeRemainingUnit": "PMR", "maxTimeRemaining": 1200, "timeRemainingOpponent": 163.26, "rank": 2, "fantasyPoints": 198.5, "fantasyPointsOpponent": 245.48, "userNameOpponent": "sansbacon", "winningValue": 0}, {"draftGroupId": 37605, "contestKey": "90580158", "entryKey": "2175879923", "lineupId": 2576357531, "userName": "chris622", "userKey": "6229243", "userEntryCount": 1, "userEntryIndex": 1, "timeRemaining": 0, "timeRemainingUnit": "PMR", "maxTimeRemaining": 1200, "timeRemainingOpponent": 163.26, "rank": 3, "fantasyPoints": 175.68, "fantasyPointsOpponent": 245.48, "userNameOpponent": "sansbacon", "winningValue": 0}]}