{"href": "/scores/v1/contests/90589894/", "contestKey": "90589894", "leader": {"draftGroupId": 37605, "contestKey": "90589894", "entryKey": "2176062151", "lineupId": 2576485336, "userName": "sansbacon", "userKey": "725157", "userEntryCount": 1, "userEntryIndex": 1, "timeRemaining": 0, "timeRemainingUnit": "PMR", "maxTimeRemaining": 1200, "timeRemainingOpponent": 103.26, "rank": 1, "fantasyPoints": 231.3, "fantasyPointsOpponent": 196.7, "userNameOpponent": "balyons13", "winningValue": 0}, "leaderBoard": [{"draftGroupId": 37605, "contestKey": "90589894", "entryKey": "2176062151", "lineupId": 2576485336, "userName": "sansbacon", "userKey": "725157", "userEntryCount": 1, "userEntryIndex": 1, "timeRemaining": 0, "timeRemainingUnit": "PMR", "maxTimeRemaining": 1200, "timeRemainingOpponent": 103.26, "rank": 1, "fantasyPoints": 231.3, "fantasyPointsOpponent": 196.7, "userNameOpponent": "balyons13", "winningValue": 0}, {"draftGroupId": 37605, "contestKey": "90589894", "entryKey": "2176062626", "lineupId": 2576485337, "userName": "balyons13", "userKey": "3848181", "userEntryCount": 1, "userEntryIndex": 1, "timeRemaining": 103.26, "timeRemainingUnit": "PMR", "maxTimeRemaining": 1200, "timeRemainingOpponent": 0, "rank": 2, "fantasyPoints": 196.7, "fantasyPointsOpponent": 231.3, "userNameOpponent": "sansbacon", "winningValue": 0}, {"draftGroupId": 37605, "contestKey": "90589894", "entryKey": "2176074168", "lineupId": 2576485338, "userName": "jaketaylor600", "userKey": "9174125", "userEntryCount": 1, "userEntryIndex": 1, "timeRemaining": 163.26, "timeRemainingUnit": "PMR", "maxTimeRemaining": 1200, "timeRemainingOpponent": 0, "rank": 3, "fantasyPoints": 159.08, "fantasyPointsOpponent": 231.3, "userNameOpponent": "sansbacon", "winningValue": 0}]}