{"href": "/scores/v1/contests/90593569/", "contestKey": "90593569", "leader": {"draftGroupId": 37605, "contestKey": "90593569", "entryKey": "2176215947", "lineupId": 2576598012, "userName": "THernandez__52", "userKey": "12777610", "userEntryCount": 1, "userEntryIndex": 1, "timeRemaining": 81.63, "timeRemainingUnit": "PMR", "maxTimeRemaining": 1200, "timeRemainingOpponent": 60, "rank": 1, "fantasyPoints": 220.78, "fantasyPointsOpponent": 201.9, "userNameOpponent": "LawrenceDot", "winningValue": 0}, "leaderBoard": [{"draftGroupId": 37605, "contestKey": "90593569", "entryKey": "2176215947", "lineupId": 2576598012, "userName": "THernandez__52", "userKey": "12777610", "userEntryCount": 1, "userEntryIndex": 1, "timeRemaining": 81.63, "timeRemainingUnit": "PMR", "maxTimeRemaining": 1200, "timeRemainingOpponent": 60, "rank": 1, "fantasyPoints": 220.78, "fantasyPointsOpponent": 201.9, "userNameOpponent": "LawrenceDot", "winningValue": 0}, {"draftGroupId": 37605, "contestKey": "90593569", "entryKey": "2176190131", "lineupId": 2576598010, "userName": "LawrenceDot", "userKey": "5705302", "userEntryCount": 1, "userEntryIndex": 1, "timeRemaining": 60, "timeRemainingUnit": "PMR", "maxTimeRemaining": 1200, "timeRemainingOpponent": 81.63, "rank": 2, "fantasyPoints": 201.9, "fantasyPointsOpponent": 220.78, "userNameOpponent": "THernandez__52", "winningValue": 0}, {"draftGroupId": 37605, "contestKey": "90593569", "entryKey": "2176214765", "lineupId": 2576598011, "userName": "sansbacon", "userKey": "725157", "userEntryCount": 1, "userEntryIndex": 1, "timeRemaining": 124.89, "timeRemainingUnit": "PMR", "maxTimeRemaining": 1200, "timeRemainingOpponent": 81.63, "rank": 3, "fantasyPoints": 192.48, "fantasyPointsOpponent": 220.78, "userNameOpponent": "THernandez__52", "winningValue": 0}]}