{"href": "/scores/v1/contests/90594863/", "contestKey": "90594863", "leader": {"draftGroupId": 37605, "contestKey": "90594863", "entryKey": "2176188662", "lineupId": 2576587831, "userName": "sansbacon", "userKey": "725157", "userEntryCount": 1, "userEntryIndex": 1, "timeRemaining": 141.63, "timeRemainingUnit": "PMR", "maxTimeRemaining": 1200, "timeRemainingOpponent": 43.26, "rank": 1, "fantasyPoints": 239.18, "fantasyPointsOpponent": 199.08, "userNameOpponent": "mattyatty007", "winningValue": 0}, "leaderBoard": [{"draftGroupId": 37605, "contestKey": "90594863", "entryKey": "2176188662", "lineupId": 2576587831, "userName": "sansbacon", "userKey": "725157", "userEntryCount": 1, "userEntryIndex": 1, "timeRemaining": 141.63, "timeRemainingUnit": "PMR", "maxTimeRemaining": 1200, "timeRemainingOpponent": 43.26, "rank": 1, "fantasyPoints": 239.18, "fantasyPointsOpponent": 199.08, "userNameOpponent": "mattyatty007", "winningValue": 0}, {"draftGroupId": 37605, "contestKey": "90594863", "entryKey": "2176173942", "lineupId": 2576587830, "userName": "mattyatty007", "userKey": "12743648", "userEntryCount": 1, "userEntryIndex": 1, "timeRemaining": 43.26, "timeRemainingUnit": "PMR", "maxTimeRemaining": 1200, "timeRemainingOpponent": 141.63, "rank": 2, "fantasyPoints": 199.08, "fantasyPointsOpponent": 239.18, "userNameOpponent": "sansbacon", "winningValue": 0}, {"draftGroupId": 37605, "contestKey": "90594863", "entryKey": "2176204783", "lineupId": 2576587832, "userName": "jap33", "userKey": "3717049", "userEntryCount": 1, "userEntryIndex": 1, "timeRemaining": 81.63, "timeRemainingUnit": "PMR", "maxTimeRemaining": 1200, "timeRemainingOpponent": 141.63, "rank": 3, "fantasyPoints": 161.3, "fantasyPointsOpponent": 239.18, "userNameOpponent": "sansbacon", "winningValue": 0}]}