{"href": "/scores/v1/contests/90595221/", "contestKey": "90595221", "leader": {"draftGroupId": 37605, "contestKey": "90595221", "entryKey": "2176237150", "lineupId": 2576636002, "userName": "sansbacon", "userKey": "725157", "userEntryCount": 1, "userEntryIndex": 1, "timeRemaining": 43.26, "timeRemainingUnit": "PMR", "maxTimeRemaining": 1200, "timeRemainingOpponent": 21.63, "rank": 1, "fantasyPoints": 213.08, "fantasyPointsOpponent": 211.6, "userNameOpponent": "ragepaladin", "winningValue": 0}, "leaderBoard": [{"draftGroupId": 37605, "contestKey": "90595221", "entryKey": "2176237150", "lineupId": 2576636002, "userName": "sansbacon", "userKey": "725157", "userEntryCount": 1, "userEntryIndex": 1, "timeRemaining": 43.26, "timeRemainingUnit": "PMR", "maxTimeRemaining": 1200, "timeRemainingOpponent": 21.63, "rank": 1, "fantasyPoints": 213.08, "fantasyPointsOpponent": 211.6, "userNameOpponent": "ragepaladin", "winningValue": 0}, {"draftGroupId": 37605, "contestKey": "90595221", "entryKey": "2176239142", "lineupId": 2576636003, "userName": "ragepaladin", "userKey": "5709356", "userEntryCount": 1, "userEntryIndex": 1, "timeRemaining": 21.63, "timeRemainingUnit": "PMR", "maxTimeRemaining": 1200, "timeRemainingOpponent": 43.26, "rank": 2, "fantasyPoints": 211.6, "fantasyPointsOpponent": 213.08, "userNameOpponent": "sansbacon", "winningValue": 0}, {"draftGroupId": 37605, "contestKey": "90595221", "entryKey": "2176258059", "lineupId": 2576636004, "userName": "flawsopher", "userKey": "2794456", "userEntryCount": 1, "userEntryIndex": 1, "timeRemaining": 201.63, "timeRemainingUnit": "PMR", "maxTimeRemaining": 1200, "timeRemainingOpponent": 43.26, "rank": 3, "fantasyPoints": 186.48, "fantasyPointsOpponent": 213.08, "userNameOpponent": "sansbacon", "winningValue": 0}]}