{"href": "/scores/v1/contests/90601166/", "contestKey": "90601166", "leader": {"draftGroupId": 37605, "contestKey": "90601166", "entryKey": "2176361808", "lineupId": 2576724712, "userName": "sansbacon", "userKey": "725157", "userEntryCount": 1, "userEntryIndex": 1, "timeRemaining": 184.89, "timeRemainingUnit": "PMR", "maxTimeRemaining": 1200, "timeRemainingOpponent": 60, "rank": 1, "fantasyPoints": 234.5, "fantasyPointsOpponent": 190.78, "userNameOpponent": "mwcollins24", "winningValue": 0}, "leaderBoard": [{"draftGroupId": 37605, "contestKey": "90601166", "entryKey": "2176361808", "lineupId": 2576724712, "userName": "sansbacon", "userKey": "725157", "userEntryCount": 1, "userEntryIndex": 1, "timeRemaining": 184.89, "timeRemainingUnit": "PMR", "maxTimeRemaining": 1200, "timeRemainingOpponent": 60, "rank": 1, "fantasyPoints": 234.5, "fantasyPointsOpponent": 190.78, "userNameOpponent": "mwcollins24", "winningValue": 0}, {"draftGroupId": 37605, "contestKey": "90601166", "entryKey": "2176353994", "lineupId": 2576724711, "userName": "mwcollins24", "userKey": "8582300", "userEntryCount": 1, "userEntryIndex": 1, "timeRemaining": 60, "timeRemainingUnit": "PMR", "maxTimeRemaining": 1200, "timeRemainingOpponent": 184.89, "rank": 2, "fantasyPoints": 190.78, "fantasyPointsOpponent": 234.5, "userNameOpponent": "sansbacon", "winningValue": 0}, {"draftGroupId": 37605, "contestKey": "90601166", "entryKey": "2176378978", "lineupId": 2576724713, "userName": "santorum", "userKey": "889229", "userEntryCount": 1, "userEntryIndex": 1, "timeRemaining": 0, "timeRemainingUnit": "PMR", "maxTimeRemaining": 1200, "timeRemainingOpponent": 184.89, "rank": 3, "fantasyPoints": 186.16, "fantasyPointsOpponent": 234.5, "userNameOpponent": "sansbacon", "winningValue": 0}]}