{"href": "/scores/v1/contests/90616447/", "contestKey": "90616447", "leader": {"draftGroupId": 37605, "contestKey": "90616447", "entryKey": "2176701767", "lineupId": 2576926966, "userName": "mattvw31", "userKey": "6035828", "userEntryCount": 1, "userEntryIndex": 1, "timeRemaining": 81.63, "timeRemainingUnit": "PMR", "maxTimeRemaining": 1200, "timeRemainingOpponent": 81.63, "rank": 1, "fantasyPoints": 216.88, "fantasyPointsOpponent": 206.12, "userNameOpponent": "sansbacon", "winningValue": 0}, "leaderBoard": [{"draftGroupId": 37605, "contestKey": "90616447", "entryKey": "2176701767", "lineupId": 2576926966, "userName": "mattvw31", "userKey": "6035828", "userEntryCount": 1, "userEntryIndex": 1, "timeRemaining": 81.63, "timeRemainingUnit": "PMR", "maxTimeRemaining": 1200, "timeRemainingOpponent": 81.63, "rank": 1, "fantasyPoints": 216.88, "fantasyPointsOpponent": 206.12, "userNameOpponent": "sansbacon", "winningValue": 0}, {"draftGroupId": 37605, "contestKey": "90616447", "entryKey": "2176681939", "lineupId": 2576926965, "userName": "sansbacon", "userKey": "725157", "userEntryCount": 1, "userEntryIndex": 1, "timeRemaining": 81.63, "timeRemainingUnit": "PMR", "maxTimeRemaining": 1200, "timeRemainingOpponent": 81.63, "rank": 2, "fantasyPoints": 206.12, "fantasyPointsOpponent": 216.88, "userNameOpponent": "mattvw31", "winningValue": 0}, {"draftGroupId": 37605, "contestKey": "90616447", "entryKey": "2176705138", "lineupId": 2576926967, "userName": "guzzola", "userKey": "523325", "userEntryCount": 1, "userEntryIndex": 1, "timeRemaining": 103.26, "timeRemainingUnit": "PMR", "maxTimeRemaining": 1200, "timeRemainingOpponent": 81.63, "rank": 3, "fantasyPoints": 165.1, "fantasyPointsOpponent": 216.88, "userNameOpponent": "mattvw31", "winningValue": 0}]}