{"href": "/scores/v1/contests/90623761/", "contestKey": "90623761", "leader": {"draftGroupId": 37605, "contestKey": "90623761", "entryKey": "2176883318", "lineupId": 2577143599, "userName": "ksanches", "userKey": "12656710", "userEntryCount": 1, "userEntryIndex": 1, "timeRemaining": 163.26, "timeRemainingUnit": "PMR", "maxTimeRemaining": 1200, "timeRemainingOpponent": 81.63, "rank": 1, "fantasyPoints": 230.78, "fantasyPointsOpponent": 181.6, "userNameOpponent": "assassins05", "winningValue": 0}, "leaderBoard": [{"draftGroupId": 37605, "contestKey": "90623761", "entryKey": "2176883318", "lineupId": 2577143599, "userName": "ksanches", "userKey": "12656710", "userEntryCount": 1, "userEntryIndex": 1, "timeRemaining": 163.26, "timeRemainingUnit": "PMR", "maxTimeRemaining": 1200, "timeRemainingOpponent": 81.63, "rank": 1, "fantasyPoints": 230.78, "fantasyPointsOpponent": 181.6, "userNameOpponent": "assassins05", "winningValue": 0}, {"draftGroupId": 37605, "contestKey": "90623761", "entryKey": "2176873727", "lineupId": 2577143597, "userName": "assassins05", "userKey": "6781913", "userEntryCount": 1, "userEntryIndex": 1, "timeRemaining": 81.63, "timeRemainingUnit": "PMR", "maxTimeRemaining": 1200, "timeRemainingOpponent": 163.26, "rank": 2, "fantasyPoints": 181.6, "fantasyPointsOpponent": 230.78, "userNameOpponent": "ksanches", "winningValue": 0}, {"draftGroupId": 37605, "contestKey": "90623761", "entryKey": "2176883293", "lineupId": 2577143598, "userName": "sansbacon", "userKey": "725157", "userEntryCount": 1, "userEntryIndex": 1, "timeRemaining": 21.63, "timeRemainingUnit": "PMR", "maxTimeRemaining": 1200, "timeRemainingOpponent": 163.26, "rank": 3, "fantasyPoints": 181.42, "fantasyPointsOpponent": 230.78, "userNameOpponent": "ksanches", "winningValue": 0}]}