{"href": "/scores/v1/contests/90627821/", "contestKey": "90627821", "leader": {"draftGroupId": 37605, "contestKey": "90627821", "entryKey": "2176952759", "lineupId": 2577286464, "userName": "sansbacon", "userKey": "725157", "userEntryCount": 1, "userEntryIndex": 1, "timeRemaining": 103.26, "timeRemainingUnit": "PMR", "maxTimeRemaining": 1200, "timeRemainingOpponent": 81.63, "rank": 1, "fantasyPoints": 219.68, "fantasyPointsOpponent": 195.08, "userNameOpponent": "nsindt92", "winningValue": 0}, "leaderBoard": [{"draftGroupId": 37605, "contestKey": "90627821", "entryKey": "2176952759", "lineupId": 2577286464, "userName": "sansbacon", "userKey": "725157", "userEntryCount": 1, "userEntryIndex": 1, "timeRemaining": 103.26, "timeRemainingUnit": "PMR", "maxTimeRemaining": 1200, "timeRemainingOpponent": 81.63, "rank": 1, "fantasyPoints": 219.68, "fantasyPointsOpponent": 195.08, "userNameOpponent": "nsindt92", "winningValue": 0}, {"draftGroupId": 37605, "contestKey": "90627821", "entryKey": "2176970933", "lineupId": 2577286466, "userName": "nsindt92", "userKey": "11706857", "userEntryCount": 1, "userEntryIndex": 1, "timeRemaining": 81.63, "timeRemainingUnit": "PMR", "maxTimeRemaining": 1200, "timeRemainingOpponent": 103.26, "rank": 2, "fantasyPoints": 195.08, "fantasyPointsOpponent": 219.68, "userNameOpponent": "sansbacon", "winningValue": 0}, {"draftGroupId": 37605, "contestKey": "90627821", "entryKey": "2176962151", "lineupId": 2577286465, "userName": "racrabtree", "userKey": "8310305", "userEntryCount": 1, "userEntryIndex": 1, "timeRemaining": 81.63, "timeRemainingUnit": "PMR", "maxTimeRemaining": 1200, "timeRemainingOpponent": 103.26, "rank": 3, "fantasyPoints": 193.2, "fantasyPointsOpponent": 219.68, "userNameOpponent": "sansbacon", "winningValue": 0}]}