{"href": "/scores/v1/contests/90624505/", "contestKey": "90624505", "leader": {"draftGroupId": 37605, "contestKey": "90624505", "entryKey": "2176935762", "lineupId": 2577183222, "userName": "sansbacon", "userKey": "725157", "userEntryCount": 1, "userEntryIndex": 1, "timeRemaining": 120, "timeRemainingUnit": "PMR", "maxTimeRemaining": 1200, "timeRemainingOpponent": 43.26, "rank": 1, "fantasyPoints": 225.3, "fantasyPointsOpponent": 218.08, "userNameOpponent": "tsad23", "winningValue": 0}, "leaderBoard": [{"draftGroupId": 37605, "contestKey": "90624505", "entryKey": "2176935762", "lineupId": 2577183222, "userName": "sansbacon", "userKey": "725157", "userEntryCount": 1, "userEntryIndex": 1, "timeRemaining": 120, "timeRemainingUnit": "PMR", "maxTimeRemaining": 1200, "timeRemainingOpponent": 43.26, "rank": 1, "fantasyPoints": 225.3, "fantasyPointsOpponent": 218.08, "userNameOpponent": "tsad23", "winningValue": 0}, {"draftGroupId": 37605, "contestKey": "90624505", "entryKey": "2176926622", "lineupId": 2577183221, "userName": "tsad23", "userKey": "1608488", "userEntryCount": 1, "userEntryIndex": 1, "timeRemaining": 43.26, "timeRemainingUnit": "PMR", "maxTimeRemaining": 1200, "timeRemainingOpponent": 120, "rank": 2, "fantasyPoints": 218.08, "fantasyPointsOpponent": 225.3, "userNameOpponent": "sansbacon", "winningValue": 0}, {"draftGroupId": 37605, "contestKey": "90624505", "entryKey": "2176917680", "lineupId": 2577183220, "userName": "miketorr9", "userKey": "659063", "userEntryCount": 1, "userEntryIndex": 1, "timeRemaining": 103.26, "timeRemainingUnit": "PMR", "maxTimeRemaining": 1200, "timeRemainingOpponent": 120, "rank": 3, "fantasyPoints": 155.48, "fantasyPointsOpponent": 225.3, "userNameOpponent": "sansbacon", "winningValue": 0}]}