{"href": "/scores/v1/contests/90649894/", "contestKey": "90649894", "leader": {"draftGroupId": 37605, "contestKey": "90649894", "entryKey": "2177601849", "lineupId": 2577733070, "userName": "sansbacon", "userKey": "725157", "userEntryCount": 1, "userEntryIndex": 1, "timeRemaining": 81.63, "timeRemainingUnit": "PMR", "maxTimeRemaining": 1200, "timeRemainingOpponent": 21.63, "rank": 1, "fantasyPoints": 234.1, "fantasyPointsOpponent": 199.4, "userNameOpponent": "hl1976", "winningValue": 0}, "leaderBoard": [{"draftGroupId": 37605, "contestKey": "90649894", "entryKey": "2177601849", "lineupId": 2577733070, "userName": "sansbacon", "userKey": "725157", "userEntryCount": 1, "userEntryIndex": 1, "timeRemaining": 81.63, "timeRemainingUnit": "PMR", "maxTimeRemaining": 1200, "timeRemainingOpponent": 21.63, "rank": 1, "fantasyPoints": 234.1, "fantasyPointsOpponent": 199.4, "userNameOpponent": "hl1976", "winningValue": 0}, {"draftGroupId": 37605, "contestKey": "90649894", "entryKey": "2177612964", "lineupId": 2577733071, "userName": "hl1976", "userKey": "3797629", "userEntryCount": 1, "userEntryIndex": 1, "timeRemaining": 21.63, "timeRemainingUnit": "PMR", "maxTimeRemaining": 1200, "timeRemainingOpponent": 81.63, "rank": 2, "fantasyPoints": 199.4, "fantasyPointsOpponent": 234.1, "userNameOpponent": "sansbacon", "winningValue": 0}, {"draftGroupId": 37605, "contestKey": "90649894", "entryKey": "2177601446", "lineupId": 2577733069, "userName": "warose", "userKey": "7125202", "userEntryCount": 1, "userEntryIndex": 1, "timeRemaining": 163.26, "timeRemainingUnit": "PMR", "maxTimeRemaining": 1200, "timeRemainingOpponent": 81.63, "rank": 3, "fantasyPoints": 174.58, "fantasyPointsOpponent": 234.1, "userNameOpponent": "sansbacon", "winningValue": 0}]}