{"href": "/scores/v1/contests/90641394/", "contestKey": "90641394", "leader": {"draftGroupId": 37605, "contestKey": "90641394", "entryKey": "2177254133", "lineupId": 2577511257, "userName": "sansbacon", "userKey": "725157", "userEntryCount": 1, "userEntryIndex": 1, "timeRemaining": 141.63, "timeRemainingUnit": "PMR", "maxTimeRemaining": 1200, "timeRemainingOpponent": 60, "rank": 1, "fantasyPoints": 229.4, "fantasyPointsOpponent": 196.3, "userNameOpponent": "st2424522", "winningValue": 0}, "leaderBoard": [{"draftGroupId": 37605, "contestKey": "90641394", "entryKey": "2177254133", "lineupId": 2577511257, "userName": "sansbacon", "userKey": "725157", "userEntryCount": 1, "userEntryIndex": 1, "timeRemaining": 141.63, "timeRemainingUnit": "PMR", "maxTimeRemaining": 1200, "timeRemainingOpponent": 60, "rank": 1, "fantasyPoints": 229.4, "fantasyPointsOpponent": 196.3, "userNameOpponent": "st2424522", "winningValue": 0}, {"draftGroupId": 37605, "contestKey": "90641394", "entryKey": "2177274826", "lineupId": 2577511258, "userName": "st2424522", "userKey": "550827", "userEntryCount": 1, "userEntryIndex": 1, "timeRemaining": 60, "timeRemainingUnit": "PMR", "maxTimeRemaining": 1200, "timeRemainingOpponent": 141.63, "rank": 2, "fantasyPoints": 196.3, "fantasyPointsOpponent": 229.4, "userNameOpponent": "sansbacon", "winningValue": 0}, {"draftGroupId": 37605, "contestKey": "90641394", "entryKey": "2177253614", "lineupId": 2577511256, "userName": "ragepaladin", "userKey": "5709356", "userEntryCount": 1, "userEntryIndex": 1, "timeRemaining": 103.26, "timeRemainingUnit": "PMR", "maxTimeRemaining": 1200, "timeRemainingOpponent": 141.63, "rank": 3, "fantasyPoints": 176.78, "fantasyPointsOpponent": 229.4, "userNameOpponent": "sansbacon", "winningValue": 0}]}