{"href": "/scores/v1/contests/90651498/", "contestKey": "90651498", "leader": {"draftGroupId": 37605, "contestKey": "90651498", "entryKey": "2177553739", "lineupId": 2577702151, "userName": "sansbacon", "userKey": "725157", "userEntryCount": 1, "userEntryIndex": 1, "timeRemaining": 103.26, "timeRemainingUnit": "PMR", "maxTimeRemaining": 1200, "timeRemainingOpponent": 103.26, "rank": 1, "fantasyPoints": 223.38, "fantasyPointsOpponent": 198.7, "userNameOpponent": "jkelner", "winningValue": 0}, "leaderBoard": [{"draftGroupId": 37605, "contestKey": "90651498", "entryKey": "2177553739", "lineupId": 2577702151, "userName": "sansbacon", "userKey": "725157", "userEntryCount": 1, "userEntryIndex": 1, "timeRemaining": 103.26, "timeRemainingUnit": "PMR", "maxTimeRemaining": 1200, "timeRemainingOpponent": 103.26, "rank": 1, "fantasyPoints": 223.38, "fantasyPointsOpponent": 198.7, "userNameOpponent": "jkelner", "winningValue": 0}, {"draftGroupId": 37605, "contestKey": "90651498", "entryKey": "2177561299", "lineupId": 2577702152, "userName": "jkelner", "userKey": "1755812", "userEntryCount": 1, "userEntryIndex": 1, "timeRemaining": 103.26, "timeRemainingUnit": "PMR", "maxTimeRemaining": 1200, "timeRemainingOpponent": 103.26, "rank": 2, "fantasyPoints": 198.7, "fantasyPointsOpponent": 223.38, "userNameOpponent": "sansbacon", "winningValue": 0}, {"draftGroupId": 37605, "contestKey": "90651498", "entryKey": "2177572514", "lineupId": 2577702153, "userName": "PureExplosion", "userKey": "7137201", "userEntryCount": 1, "userEntryIndex": 1, "timeRemaining": 0, "timeRemainingUnit": "PMR", "maxTimeRemaining": 1200, "timeRemainingOpponent": 103.26, "rank": 3, "fantasyPoints": 183.9, "fantasyPointsOpponent": 223.38, "userNameOpponent": "sansbacon", "winningValue": 0}]}