{"href": "/scores/v1/contests/90667945/", "contestKey": "90667945", "leader": {"draftGroupId": 37605, "contestKey": "90667945", "entryKey": "2178161782", "lineupId": 2578132546, "userName": "sansbacon", "userKey": "725157", "userEntryCount": 1, "userEntryIndex": 1, "timeRemaining": 21.63, "timeRemainingUnit": "PMR", "maxTimeRemaining": 1200, "timeRemainingOpponent": 64.89, "rank": 1, "fantasyPoints": 223.88, "fantasyPointsOpponent": 208.7, "userNameOpponent": "jjcote", "winningValue": 0}, "leaderBoard": [{"draftGroupId": 37605, "contestKey": "90667945", "entryKey": "2178161782", "lineupId": 2578132546, "userName": "sansbacon", "userKey": "725157", "userEntryCount": 1, "userEntryIndex": 1, "timeRemaining": 21.63, "timeRemainingUnit": "PMR", "maxTimeRemaining": 1200, "timeRemainingOpponent": 64.89, "rank": 1, "fantasyPoints": 223.88, "fantasyPointsOpponent": 208.7, "userNameOpponent": "jjcote", "winningValue": 0}, {"draftGroupId": 37605, "contestKey": "90667945", "entryKey": "2178170137", "lineupId": 2578132549, "userName": "jjcote", "userKey": "2688604", "userEntryCount": 1, "userEntryIndex": 1, "timeRemaining": 64.89, "timeRemainingUnit": "PMR", "maxTimeRemaining": 1200, "timeRemainingOpponent": 21.63, "rank": 2, "fantasyPoints": 208.7, "fantasyPointsOpponent": 223.88, "userNameOpponent": "sansbacon", "winningValue": 0}, {"draftGroupId": 37605, "contestKey": "90667945", "entryKey": "2178170044", "lineupId": 2578132547, "userName": "MiracleOGnurse", "userKey": "9311435", "userEntryCount": 1, "userEntryIndex": 1, "timeRemaining": 120, "timeRemainingUnit": "PMR", "maxTimeRemaining": 1200, "timeRemainingOpponent": 21.63, "rank": 3, "fantasyPoints": 158.38, "fantasyPointsOpponent": 223.88, "userNameOpponent": "sansbacon", "winningValue": 0}]}