{"href": "/scores/v1/contests/90697542/", "contestKey": "90697542", "leader": {"draftGroupId": 37605, "contestKey": "90697542", "entryKey": "2179000875", "lineupId": 2579286029, "userName": "sansbacon", "userKey": "725157", "userEntryCount": 1, "userEntryIndex": 1, "timeRemaining": 43.26, "timeRemainingUnit": "PMR", "maxTimeRemaining": 1200, "timeRemainingOpponent": 0, "rank": 1, "fantasyPoints": 215.88, "fantasyPointsOpponent": 205.48, "userNameOpponent": "mrl176", "winningValue": 0}, "leaderBoard": [{"draftGroupId": 37605, "contestKey": "90697542", "entryKey": "2179000875", "lineupId": 2579286029, "userName": "sansbacon", "userKey": "725157", "userEntryCount": 1, "userEntryIndex": 1, "timeRemaining": 43.26, "timeRemainingUnit": "PMR", "maxTimeRemaining": 1200, "timeRemainingOpponent": 0, "rank": 1, "fantasyPoints": 215.88, "fantasyPointsOpponent": 205.48, "userNameOpponent": "mrl176", "winningValue": 0}, {"draftGroupId": 37605, "contestKey": "90697542", "entryKey": "2179000598", "lineupId": 2579286028, "userName": "mrl176", "userKey": "5987750", "userEntryCount": 1, "userEntryIndex": 1, "timeRemaining": 0, "timeRemainingUnit": "PMR", "maxTimeRemaining": 1200, "timeRemainingOpponent": 43.26, "rank": 2, "fantasyPoints": 205.48, "fantasyPointsOpponent": 215.88, "userNameOpponent": "sansbacon", "winningValue": 0}, {"draftGroupId": 37605, "contestKey": "90697542", "entryKey": "2179010068", "lineupId": 2579286030, "userName": "ndevaney17", "userKey": "12682174", "userEntryCount": 1, "userEntryIndex": 1, "timeRemaining": 223.26, "timeRemainingUnit": "PMR", "maxTimeRemaining": 1200, "timeRemainingOpponent": 43.26, "rank": 3, "fantasyPoints": 165.7, "fantasyPointsOpponent": 215.88, "userNameOpponent": "sansbacon", "winningValue": 0}]}