{"href": "/scores/v1/contests/90699318/", "contestKey": "90699318", "leader": {"draftGroupId": 37605, "contestKey": "90699318", "entryKey": "2179022624", "lineupId": 2579329064, "userName": "Winforddj", "userKey": "1955490", "userEntryCount": 1, "userEntryIndex": 1, "timeRemaining": 163.26, "timeRemainingUnit": "PMR", "maxTimeRemaining": 1200, "timeRemainingOpponent": 103.26, "rank": 1, "fantasyPoints": 238.18, "fantasyPointsOpponent": 206.26, "userNameOpponent": "sansbacon", "winningValue": 0}, "leaderBoard": [{"draftGroupId": 37605, "contestKey": "90699318", "entryKey": "2179022624", "lineupId": 2579329064, "userName": "Winforddj", "userKey": "1955490", "userEntryCount": 1, "userEntryIndex": 1, "timeRemaining": 163.26, "timeRemainingUnit": "PMR", "maxTimeRemaining": 1200, "timeRemainingOpponent": 103.26, "rank": 1, "fantasyPoints": 238.18, "fantasyPointsOpponent": 206.26, "userNameOpponent": "sansbacon", "winningValue": 0}, {"draftGroupId": 37605, "contestKey": "90699318", "entryKey": "2179047770", "lineupId": 2579329067, "userName": "sansbacon", "userKey": "725157", "userEntryCount": 1, "userEntryIndex": 1, "timeRemaining": 103.26, "timeRemainingUnit": "PMR", "maxTimeRemaining": 1200, "timeRemainingOpponent": 163.26, "rank": 2, "fantasyPoints": 206.26, "fantasyPointsOpponent": 238.18, "userNameOpponent": "Winforddj", "winningValue": 0}, {"draftGroupId": 37605, "contestKey": "90699318", "entryKey": "2179021493", "lineupId": 2579329061, "userName": "raymondmorales1", "userKey": "12736595", "userEntryCount": 1, "userEntryIndex": 1, "timeRemaining": 60, "timeRemainingUnit": "PMR", "maxTimeRemaining": 1200, "timeRemainingOpponent": 163.26, "rank": 3, "fantasyPoints": 152.3, "fantasyPointsOpponent": 238.18, "userNameOpponent": "Winforddj", "winningValue": 0}]}