{"href": "/scores/v1/contests/90704281/", "contestKey": "90704281", "leader": {"draftGroupId": 37605, "contestKey": "90704281", "entryKey": "2179151368", "lineupId": 2579438838, "userName": "cody.frasier", "userKey": "10193206", "userEntryCount": 1, "userEntryIndex": 1, "timeRemaining": 65.49, "timeRemainingUnit": "PMR", "maxTimeRemaining": 1200, "timeRemainingOpponent": 21.83, "rank": 1, "fantasyPoints": 223.88, "fantasyPointsOpponent": 198.46, "userNameOpponent": "sansbacon", "winningValue": 0}, "leaderBoard": [{"draftGroupId": 37605, "contestKey": "90704281", "entryKey": "2179151368", "lineupId": 2579438838, "userName": "cody.frasier", "userKey": "10193206", "userEntryCount": 1, "userEntryIndex": 1, "timeRemaining": 65.49, "timeRemainingUnit": "PMR", "maxTimeRemaining": 1200, "timeRemainingOpponent": 21.83, "rank": 1, "fantasyPoints": 223.88, "fantasyPointsOpponent": 198.46, "userNameOpponent": "sansbacon", "winningValue": 0}, {"draftGroupId": 37605, "contestKey": "90704281", "entryKey": "2179168748", "lineupId": 2579438839, "userName": "sansbacon", "userKey": "725157", "userEntryCount": 1, "userEntryIndex": 1, "timeRemaining": 21.83, "timeRemainingUnit": "PMR", "maxTimeRemaining": 1200, "timeRemainingOpponent": 65.49, "rank": 2, "fantasyPoints": 198.46, "fantasyPointsOpponent": 223.88, "userNameOpponent": "cody.frasier", "winningValue": 0}, {"draftGroupId": 37605, "contestKey": "90704281", "entryKey": "2179167743", "lineupId": -1, "userName": "RBTleague", "userKey": "2711131", "userEntryCount": 1, "userEntryIndex": 1, "timeRemaining": 0, "timeRemainingUnit": "PMR", "maxTimeRemaining": 1200, "timeRemainingOpponent": 65.49, "rank": 3, "fantasyPoints": 0, "fantasyPointsOpponent": 223.88, "userNameOpponent": "cody.frasier", "winningValue": 0}]}