{"href": "/scores/v1/contests/90704794/", "contestKey": "90704794", "leader": {"draftGroupId": 37605, "contestKey": "90704794", "entryKey": "2179148865", "lineupId": 2579431459, "userName": "tcoccari", "userKey": "10048418", "userEntryCount": 1, "userEntryIndex": 1, "timeRemaining": 223.26, "timeRemainingUnit": "PMR", "maxTimeRemaining": 1200, "timeRemainingOpponent": 0, "rank": 1, "fantasyPoints": 208.3, "fantasyPointsOpponent": 206.5, "userNameOpponent": "sansbacon", "winningValue": 0}, "leaderBoard": [{"draftGroupId": 37605, "contestKey": "90704794", "entryKey": "2179148865", "lineupId": 2579431459, "userName": "tcoccari", "userKey": "10048418", "userEntryCount": 1, "userEntryIndex": 1, "timeRemaining": 223.26, "timeRemainingUnit": "PMR", "maxTimeRemaining": 1200, "timeRemainingOpponent": 0, "rank": 1, "fantasyPoints": 208.3, "fantasyPointsOpponent": 206.5, "userNameOpponent": "sansbacon", "winningValue": 0}, {"draftGroupId": 37605, "contestKey": "90704794", "entryKey": "2179142386", "lineupId": 2579431457, "userName": "sansbacon", "userKey": "725157", "userEntryCount": 1, "userEntryIndex": 1, "timeRemaining": 0, "timeRemainingUnit": "PMR", "maxTimeRemaining": 1200, "timeRemainingOpponent": 223.26, "rank": 2, "fantasyPoints": 206.5, "fantasyPointsOpponent": 208.3, "userNameOpponent": "tcoccari", "winningValue": 0}, {"draftGroupId": 37605, "contestKey": "90704794", "entryKey": "2179148436", "lineupId": 2579431458, "userName": "kelton94", "userKey": "2455052", "userEntryCount": 1, "userEntryIndex": 1, "timeRemaining": 43.26, "timeRemainingUnit": "PMR", "maxTimeRemaining": 1200, "timeRemainingOpponent": 223.26, "rank": 3, "fantasyPoints": 194.68, "fantasyPointsOpponent": 208.3, "userNameOpponent": "tcoccari", "winningValue": 0}]}