{"href": "/scores/v1/contests/90714377/", "contestKey": "90714377", "leader": {"draftGroupId": 37605, "contestKey": "90714377", "entryKey": "2179578597", "lineupId": 2579727615, "userName": "Ekoubsky", "userKey": "4449254", "userEntryCount": 1, "userEntryIndex": 1, "timeRemaining": 163.66, "timeRemainingUnit": "PMR", "maxTimeRemaining": 1200, "timeRemainingOpponent": 103.66, "rank": 1, "fantasyPoints": 225.78, "fantasyPointsOpponent": 215.82, "userNameOpponent": "sansbacon", "winningValue": 0}, "leaderBoard": [{"draftGroupId": 37605, "contestKey": "90714377", "entryKey": "2179578597", "lineupId": 2579727615, "userName": "Ekoubsky", "userKey": "4449254", "userEntryCount": 1, "userEntryIndex": 1, "timeRemaining": 163.66, "timeRemainingUnit": "PMR", "maxTimeRemaining": 1200, "timeRemainingOpponent": 103.66, "rank": 1, "fantasyPoints": 225.78, "fantasyPointsOpponent": 215.82, "userNameOpponent": "sansbacon", "winningValue": 0}, {"draftGroupId": 37605, "contestKey": "90714377", "entryKey": "2179637149", "lineupId": 2579727617, "userName": "sansbacon", "userKey": "725157", "userEntryCount": 1, "userEntryIndex": 1, "timeRemaining": 103.66, "timeRemainingUnit": "PMR", "maxTimeRemaining": 1200, "timeRemainingOpponent": 163.66, "rank": 2, "fantasyPoints": 215.82, "fantasyPointsOpponent": 225.78, "userNameOpponent": "Ekoubsky", "winningValue": 0}, {"draftGroupId": 37605, "contestKey": "90714377", "entryKey": "2179630757", "lineupId": 2579727616, "userName": "jrueb", "userKey": "715426", "userEntryCount": 1, "userEntryIndex": 1, "timeRemaining": 0, "timeRemainingUnit": "PMR", "maxTimeRemaining": 1200, "timeRemainingOpponent": 163.66, "rank": 3, "fantasyPoints": 151.1, "fantasyPointsOpponent": 225.78, "userNameOpponent": "Ekoubsky", "winningValue": 0}]}