{"Leader": {"MegaDraftGroupId": 1, "MegaContestKey": "90745527", "MegaEntryKey": "2180477476", "UserName": "TagLineDK", "UserKey": "2141987", "UserMegaEntryCount": 0, "UserMegaEntryIndex": 0, "TimeRemainingOpponent": 0, "Rank": 1, "FantasyPoints": 847.36, "FantasyPointsOpponent": 801.38, "RankScore": 0, "RankScoreOpponent": 0, "UserNameOpponent": "1eighty2", "WinningValue": 56, "Winnings": [{"value": 56, "description": "Cash"}], "UpdateStatus": {"lastUpdateTime": "2020-10-15T14:13:04.3555417+00:00"}}, "LastWinningMegaEntry": {"MegaDraftGroupId": 1, "MegaContestKey": "90745527", "MegaEntryKey": "2180455433", "UserName": "Jdaws25", "UserKey": "260972", "UserMegaEntryCount": 0, "UserMegaEntryIndex": 0, "TimeRemainingOpponent": 0, "Rank": 3, "FantasyPoints": 790.5, "FantasyPointsOpponent": 847.36, "RankScore": 0, "RankScoreOpponent": 0, "UserNameOpponent": "TagLineDK", "WinningValue": 18, "Winnings": [{"value": 18, "description": "Cash"}], "UpdateStatus": {"lastUpdateTime": "2020-10-15T14:13:04.3641803+00:00"}}, "Leaderboard": [{"MegaDraftGroupId": 1, "MegaContestKey": "90745527", "MegaEntryKey": "2180477476", "UserName": "TagLineDK", "UserKey": "2141987", "UserMegaEntryCount": 0, "UserMegaEntryIndex": 0, "TimeRemainingOpponent": 0, "Rank": 1, "FantasyPoints": 847.36, "FantasyPointsOpponent": 801.38, "RankScore": 0, "RankScoreOpponent": 0, "UserNameOpponent": "1eighty2", "WinningValue": 56, "Winnings": [{"value": 56, "description": "Cash"}], "UpdateStatus": {"lastUpdateTime": "2020-10-15T14:13:04.3555417+00:00"}}, {"MegaDraftGroupId": 1, "MegaContestKey": "90745527", "MegaEntryKey": "2180459633", "UserName": "1eighty2", "UserKey": "7422408", "UserMegaEntryCount": 0, "UserMegaEntryIndex": 0, "TimeRemainingOpponent": 0, "Rank": 2, "FantasyPoints": 801.38, "FantasyPointsOpponent": 847.36, "RankScore": 0, "RankScoreOpponent": 0, "UserNameOpponent": "TagLineDK", "WinningValue": 34, "Winnings": [{"value": 34, "description": "Cash"}], "UpdateStatus": {"lastUpdateTime": "2020-10-15T14:13:04.3624036+00:00"}}, {"MegaDraftGroupId": 1, "MegaContestKey": "90745527", "MegaEntryKey": "2180455433", "UserName": "Jdaws25", "UserKey": "260972", "UserMegaEntryCount": 0, "UserMegaEntryIndex": 0, "TimeRemainingOpponent": 0, "Rank": 3, "FantasyPoints": 790.5, "FantasyPointsOpponent": 847.36, "RankScore": 0, "RankScoreOpponent": 0, "UserNameOpponent": "TagLineDK", "WinningValue": 18, "Winnings": [{"value": 18, "description": "Cash"}], "UpdateStatus": {"lastUpdateTime": "2020-10-15T14:13:04.3641803+00:00"}}, {"MegaDraftGroupId": 1, "MegaContestKey": "90745527", "MegaEntryKey": "2180455459", "UserName": "navyhmcm", "UserKey": "110867", "UserMegaEntryCount": 0, "UserMegaEntryIndex": 0, "TimeRemainingOpponent": 0, "Rank": 4, "FantasyPoints": 740.3, "FantasyPointsOpponent": 847.36, "RankScore": 0, "RankScoreOpponent": 0, "UserNameOpponent": "TagLineDK", "WinningValue": 0, "UpdateStatus": {"lastUpdateTime": "2020-10-15T14:13:04.3551950+00:00"}}, {"MegaDraftGroupId": 1, "MegaContestKey": "90745527", "MegaEntryKey": "2180445779", "UserName": "jayroparm", "UserKey": "619096", "UserMegaEntryCount": 0, "UserMegaEntryIndex": 0, "TimeRemainingOpponent": 0, "Rank": 5, "FantasyPoints": 712.18, "FantasyPointsOpponent": 847.36, "RankScore": 0, "RankScoreOpponent": 0, "UserNameOpponent": "TagLineDK", "WinningValue": 0, "UpdateStatus": {"lastUpdateTime": "2020-10-15T14:13:04.3556847+00:00"}}, {"MegaDraftGroupId": 1, "MegaContestKey": "90745527", "MegaEntryKey": "2180455490", "UserName": "Scsc4", "UserKey": "6277688", "UserMegaEntryCount": 0, "UserMegaEntryIndex": 0, "TimeRemainingOpponent": 0, "Rank": 6, "FantasyPoints": 709.64, "FantasyPointsOpponent": 847.36, "RankScore": 0, "RankScoreOpponent": 0, "UserNameOpponent": "TagLineDK", "WinningValue": 0, "UpdateStatus": {"lastUpdateTime": "2020-10-15T14:13:04.3626957+00:00"}}, {"MegaDraftGroupId": 1, "MegaContestKey": "90745527", "MegaEntryKey": "2180462429", "UserName": "curr0066", "UserKey": "325255", "UserMegaEntryCount": 0, "UserMegaEntryIndex": 0, "TimeRemainingOpponent": 0, "Rank": 7, "FantasyPoints": 708.1, "FantasyPointsOpponent": 847.36, "RankScore": 0, "RankScoreOpponent": 0, "UserNameOpponent": "TagLineDK", "WinningValue": 0, "UpdateStatus": {"lastUpdateTime": "2020-10-15T14:13:04.3553296+00:00"}}, {"MegaDraftGroupId": 1, "MegaContestKey": "90745527", "MegaEntryKey": "2180470274", "UserName": "rosem0697", "UserKey": "8989405", "UserMegaEntryCount": 0, "UserMegaEntryIndex": 0, "TimeRemainingOpponent": 0, "Rank": 8, "FantasyPoints": 707.16, "FantasyPointsOpponent": 847.36, "RankScore": 0, "RankScoreOpponent": 0, "UserNameOpponent": "TagLineDK", "WinningValue": 0, "UpdateStatus": {"lastUpdateTime": "2020-10-15T14:13:04.3618800+00:00"}}, {"MegaDraftGroupId": 1, "MegaContestKey": "90745527", "MegaEntryKey": "2180455625", "UserName": "sansbacon", "UserKey": "725157", "UserMegaEntryCount": 0, "UserMegaEntryIndex": 0, "TimeRemainingOpponent": 0, "Rank": 9, "FantasyPoints": 698.42, "FantasyPointsOpponent": 847.36, "RankScore": 0, "RankScoreOpponent": 0, "UserNameOpponent": "TagLineDK", "WinningValue": 0, "UpdateStatus": {"lastUpdateTime": "2020-10-15T14:13:04.3620161+00:00"}}, {"MegaDraftGroupId": 1, "MegaContestKey": "90745527", "MegaEntryKey": "2180470356", "UserName": "ezelipper", "UserKey": "5521967", "UserMegaEntryCount": 0, "UserMegaEntryIndex": 0, "TimeRemainingOpponent": 0, "Rank": 10, "FantasyPoints": 684.34, "FantasyPointsOpponent": 847.36, "RankScore": 0, "RankScoreOpponent": 0, "UserNameOpponent": "TagLineDK", "WinningValue": 0, "UpdateStatus": {"lastUpdateTime": "2020-10-15T14:13:04.3625597+00:00"}}, {"MegaDraftGroupId": 1, "MegaContestKey": "90745527", "MegaEntryKey": "2180446037", "UserName": "mattcicc", "UserKey": "2940158", "UserMegaEntryCount": 0, "UserMegaEntryIndex": 0, "TimeRemainingOpponent": 0, "Rank": 11, "FantasyPoints": 683.56, "FantasyPointsOpponent": 847.36, "RankScore": 0, "RankScoreOpponent": 0, "UserNameOpponent": "TagLineDK", "WinningValue": 0, "UpdateStatus": {"lastUpdateTime": "2020-10-15T14:13:04.3593746+00:00"}}, {"MegaDraftGroupId": 1, "MegaContestKey": "90745527", "MegaEntryKey": "2180454393", "UserName": "heinengregory", "UserKey": "4127165", "UserMegaEntryCount": 0, "UserMegaEntryIndex": 0, "TimeRemainingOpponent": 0, "Rank": 12, "FantasyPoints": 574.82, "FantasyPointsOpponent": 847.36, "RankScore": 0, "RankScoreOpponent": 0, "UserNameOpponent": "TagLineDK", "WinningValue": 0, "UpdateStatus": {"lastUpdateTime": "2020-10-15T14:13:04.3547267+00:00"}}], "UpdateStatus": {"lastUpdateTime": "2020-10-15T14:13:04.3693562+00:00"}}