{"href": "/scores/v1/contests/90761447/", "contestKey": "90761447", "leader": {"draftGroupId": 37605, "contestKey": "90761447", "entryKey": "2180815478", "lineupId": 2581002618, "userName": "sansbacon", "userKey": "725157", "userEntryCount": 1, "userEntryIndex": 1, "timeRemaining": 120, "timeRemainingUnit": "PMR", "maxTimeRemaining": 1200, "timeRemainingOpponent": 43.66, "rank": 1, "fantasyPoints": 220.1, "fantasyPointsOpponent": 189.58, "userNameOpponent": "bobafeta17", "winningValue": 0}, "leaderBoard": [{"draftGroupId": 37605, "contestKey": "90761447", "entryKey": "2180815478", "lineupId": 2581002618, "userName": "sansbacon", "userKey": "725157", "userEntryCount": 1, "userEntryIndex": 1, "timeRemaining": 120, "timeRemainingUnit": "PMR", "maxTimeRemaining": 1200, "timeRemainingOpponent": 43.66, "rank": 1, "fantasyPoints": 220.1, "fantasyPointsOpponent": 189.58, "userNameOpponent": "bobafeta17", "winningValue": 0}, {"draftGroupId": 37605, "contestKey": "90761447", "entryKey": "2180815767", "lineupId": 2581002619, "userName": "bobafeta17", "userKey": "6955477", "userEntryCount": 1, "userEntryIndex": 1, "timeRemaining": 43.66, "timeRemainingUnit": "PMR", "maxTimeRemaining": 1200, "timeRemainingOpponent": 120, "rank": 2, "fantasyPoints": 189.58, "fantasyPointsOpponent": 220.1, "userNameOpponent": "sansbacon", "winningValue": 0}, {"draftGroupId": 37605, "contestKey": "90761447", "entryKey": "2180831095", "lineupId": 2581002620, "userName": "383B", "userKey": "670188", "userEntryCount": 1, "userEntryIndex": 1, "timeRemaining": 141.83, "timeRemainingUnit": "PMR", "maxTimeRemaining": 1200, "timeRemainingOpponent": 120, "rank": 3, "fantasyPoints": 186.18, "fantasyPointsOpponent": 220.1, "userNameOpponent": "sansbacon", "winningValue": 0}]}