{"href": "/scores/v1/contests/90779456/", "contestKey": "90779456", "leader": {"draftGroupId": 37605, "contestKey": "90779456", "entryKey": "2181407316", "lineupId": 2581380920, "userName": "Live2win2play", "userKey": "9042457", "userEntryCount": 1, "userEntryIndex": 1, "timeRemaining": 141.63, "timeRemainingUnit": "PMR", "maxTimeRemaining": 1200, "timeRemainingOpponent": 103.26, "rank": 1, "fantasyPoints": 218.88, "fantasyPointsOpponent": 207.3, "userNameOpponent": "nhw72179", "winningValue": 0}, "leaderBoard": [{"draftGroupId": 37605, "contestKey": "90779456", "entryKey": "2181407316", "lineupId": 2581380920, "userName": "Live2win2play", "userKey": "9042457", "userEntryCount": 1, "userEntryIndex": 1, "timeRemaining": 141.63, "timeRemainingUnit": "PMR", "maxTimeRemaining": 1200, "timeRemainingOpponent": 103.26, "rank": 1, "fantasyPoints": 218.88, "fantasyPointsOpponent": 207.3, "userNameOpponent": "nhw72179", "winningValue": 0}, {"draftGroupId": 37605, "contestKey": "90779456", "entryKey": "2181432495", "lineupId": 2581380921, "userName": "nhw72179", "userKey": "2106592", "userEntryCount": 1, "userEntryIndex": 1, "timeRemaining": 103.26, "timeRemainingUnit": "PMR", "maxTimeRemaining": 1200, "timeRemainingOpponent": 141.63, "rank": 2, "fantasyPoints": 207.3, "fantasyPointsOpponent": 218.88, "userNameOpponent": "Live2win2play", "winningValue": 0}, {"draftGroupId": 37605, "contestKey": "90779456", "entryKey": "2181449929", "lineupId": 2581380922, "userName": "sansbacon", "userKey": "725157", "userEntryCount": 1, "userEntryIndex": 1, "timeRemaining": 21.63, "timeRemainingUnit": "PMR", "maxTimeRemaining": 1200, "timeRemainingOpponent": 141.63, "rank": 3, "fantasyPoints": 185.8, "fantasyPointsOpponent": 218.88, "userNameOpponent": "Live2win2play", "winningValue": 0}]}