{"href": "/scores/v1/contests/90780935/", "contestKey": "90780935", "leader": {"draftGroupId": 37605, "contestKey": "90780935", "entryKey": "2181464370", "lineupId": 2581401745, "userName": "sansbacon", "userKey": "725157", "userEntryCount": 1, "userEntryIndex": 1, "timeRemaining": 125.49, "timeRemainingUnit": "PMR", "maxTimeRemaining": 1200, "timeRemainingOpponent": 81.83, "rank": 1, "fantasyPoints": 204, "fantasyPointsOpponent": 202.58, "userNameOpponent": "alwayswrong", "winningValue": 0}, "leaderBoard": [{"draftGroupId": 37605, "contestKey": "90780935", "entryKey": "2181464370", "lineupId": 2581401745, "userName": "sansbacon", "userKey": "725157", "userEntryCount": 1, "userEntryIndex": 1, "timeRemaining": 125.49, "timeRemainingUnit": "PMR", "maxTimeRemaining": 1200, "timeRemainingOpponent": 81.83, "rank": 1, "fantasyPoints": 204, "fantasyPointsOpponent": 202.58, "userNameOpponent": "alwayswrong", "winningValue": 0}, {"draftGroupId": 37605, "contestKey": "90780935", "entryKey": "2181456896", "lineupId": 2581401744, "userName": "alwayswrong", "userKey": "1129358", "userEntryCount": 1, "userEntryIndex": 1, "timeRemaining": 81.83, "timeRemainingUnit": "PMR", "maxTimeRemaining": 1200, "timeRemainingOpponent": 125.49, "rank": 2, "fantasyPoints": 202.58, "fantasyPointsOpponent": 204, "userNameOpponent": "sansbacon", "winningValue": 0}, {"draftGroupId": 37605, "contestKey": "90780935", "entryKey": "2181455941", "lineupId": 2581401743, "userName": "MarleyMoose", "userKey": "12355674", "userEntryCount": 1, "userEntryIndex": 1, "timeRemaining": 0, "timeRemainingUnit": "PMR", "maxTimeRemaining": 1200, "timeRemainingOpponent": 125.49, "rank": 3, "fantasyPoints": 197.58, "fantasyPointsOpponent": 204, "userNameOpponent": "sansbacon", "winningValue": 0}]}