{"href": "/scores/v1/contests/90785375/", "contestKey": "90785375", "leader": {"draftGroupId": 37605, "contestKey": "90785375", "entryKey": "2181556740", "lineupId": 2581489168, "userName": "mccprime", "userKey": "3974129", "userEntryCount": 1, "userEntryIndex": 1, "timeRemaining": 141.83, "timeRemainingUnit": "PMR", "maxTimeRemaining": 1200, "timeRemainingOpponent": 43.66, "rank": 1, "fantasyPoints": 232.4, "fantasyPointsOpponent": 187.98, "userNameOpponent": "sansbacon", "winningValue": 0}, "leaderBoard": [{"draftGroupId": 37605, "contestKey": "90785375", "entryKey": "2181556740", "lineupId": 2581489168, "userName": "mccprime", "userKey": "3974129", "userEntryCount": 1, "userEntryIndex": 1, "timeRemaining": 141.83, "timeRemainingUnit": "PMR", "maxTimeRemaining": 1200, "timeRemainingOpponent": 43.66, "rank": 1, "fantasyPoints": 232.4, "fantasyPointsOpponent": 187.98, "userNameOpponent": "sansbacon", "winningValue": 0}, {"draftGroupId": 37605, "contestKey": "90785375", "entryKey": "2181573765", "lineupId": 2581489169, "userName": "sansbacon", "userKey": "725157", "userEntryCount": 1, "userEntryIndex": 1, "timeRemaining": 43.66, "timeRemainingUnit": "PMR", "maxTimeRemaining": 1200, "timeRemainingOpponent": 141.83, "rank": 2, "fantasyPoints": 187.98, "fantasyPointsOpponent": 232.4, "userNameOpponent": "mccprime", "winningValue": 0}, {"draftGroupId": 37605, "contestKey": "90785375", "entryKey": "2181574207", "lineupId": 2581489170, "userName": "tlionelli", "userKey": "1657712", "userEntryCount": 1, "userEntryIndex": 1, "timeRemaining": 81.83, "timeRemainingUnit": "PMR", "maxTimeRemaining": 1200, "timeRemainingOpponent": 141.83, "rank": 3, "fantasyPoints": 170.4, "fantasyPointsOpponent": 232.4, "userNameOpponent": "mccprime", "winningValue": 0}]}