{"href": "/scores/v1/contests/90781671/", "contestKey": "90781671", "leader": {"draftGroupId": 37605, "contestKey": "90781671", "entryKey": "2181482907", "lineupId": 2581422599, "userName": "Potter20", "userKey": "12713202", "userEntryCount": 1, "userEntryIndex": 1, "timeRemaining": 60, "timeRemainingUnit": "PMR", "maxTimeRemaining": 1200, "timeRemainingOpponent": 87.32, "rank": 1, "fantasyPoints": 216, "fantasyPointsOpponent": 211.08, "userNameOpponent": "sansbacon", "winningValue": 0}, "leaderBoard": [{"draftGroupId": 37605, "contestKey": "90781671", "entryKey": "2181482907", "lineupId": 2581422599, "userName": "Potter20", "userKey": "12713202", "userEntryCount": 1, "userEntryIndex": 1, "timeRemaining": 60, "timeRemainingUnit": "PMR", "maxTimeRemaining": 1200, "timeRemainingOpponent": 87.32, "rank": 1, "fantasyPoints": 216, "fantasyPointsOpponent": 211.08, "userNameOpponent": "sansbacon", "winningValue": 0}, {"draftGroupId": 37605, "contestKey": "90781671", "entryKey": "2181475741", "lineupId": 2581422597, "userName": "sansbacon", "userKey": "725157", "userEntryCount": 1, "userEntryIndex": 1, "timeRemaining": 87.32, "timeRemainingUnit": "PMR", "maxTimeRemaining": 1200, "timeRemainingOpponent": 60, "rank": 2, "fantasyPoints": 211.08, "fantasyPointsOpponent": 216, "userNameOpponent": "Potter20", "winningValue": 0}, {"draftGroupId": 37605, "contestKey": "90781671", "entryKey": "2181476101", "lineupId": 2581422598, "userName": "CritterRidder", "userKey": "4072088", "userEntryCount": 1, "userEntryIndex": 1, "timeRemaining": 120, "timeRemainingUnit": "PMR", "maxTimeRemaining": 1200, "timeRemainingOpponent": 60, "rank": 3, "fantasyPoints": 194.58, "fantasyPointsOpponent": 216, "userNameOpponent": "Potter20", "winningValue": 0}]}