{"href": "/scores/v1/contests/90802122/", "contestKey": "90802122", "leader": {"draftGroupId": 37605, "contestKey": "90802122", "entryKey": "2182194425", "lineupId": 2582211079, "userName": "sansbacon", "userKey": "725157", "userEntryCount": 1, "userEntryIndex": 1, "timeRemaining": 21.83, "timeRemainingUnit": "PMR", "maxTimeRemaining": 1200, "timeRemainingOpponent": 81.83, "rank": 1, "fantasyPoints": 227.4, "fantasyPointsOpponent": 204.3, "userNameOpponent": "Mox3355", "winningValue": 0}, "leaderBoard": [{"draftGroupId": 37605, "contestKey": "90802122", "entryKey": "2182194425", "lineupId": 2582211079, "userName": "sansbacon", "userKey": "725157", "userEntryCount": 1, "userEntryIndex": 1, "timeRemaining": 21.83, "timeRemainingUnit": "PMR", "maxTimeRemaining": 1200, "timeRemainingOpponent": 81.83, "rank": 1, "fantasyPoints": 227.4, "fantasyPointsOpponent": 204.3, "userNameOpponent": "Mox3355", "winningValue": 0}, {"draftGroupId": 37605, "contestKey": "90802122", "entryKey": "2182212539", "lineupId": 2582211081, "userName": "Mox3355", "userKey": "10194452", "userEntryCount": 1, "userEntryIndex": 1, "timeRemaining": 81.83, "timeRemainingUnit": "PMR", "maxTimeRemaining": 1200, "timeRemainingOpponent": 21.83, "rank": 2, "fantasyPoints": 204.3, "fantasyPointsOpponent": 227.4, "userNameOpponent": "sansbacon", "winningValue": 0}, {"draftGroupId": 37605, "contestKey": "90802122", "entryKey": "2182194649", "lineupId": 2582211080, "userName": "robodunc", "userKey": "12846532", "userEntryCount": 1, "userEntryIndex": 1, "timeRemaining": 163.66, "timeRemainingUnit": "PMR", "maxTimeRemaining": 1200, "timeRemainingOpponent": 21.83, "rank": 3, "fantasyPoints": 150.28, "fantasyPointsOpponent": 227.4, "userNameOpponent": "sansbacon", "winningValue": 0}]}