{"href": "/scores/v1/contests/90815542/", "contestKey": "90815542", "leader": {"draftGroupId": 37605, "contestKey": "90815542", "entryKey": "2182435888", "lineupId": 2582532004, "userName": "chase223322", "userKey": "5070070", "userEntryCount": 1, "userEntryIndex": 1, "timeRemaining": 43.66, "timeRemainingUnit": "PMR", "maxTimeRemaining": 1200, "timeRemainingOpponent": 81.83, "rank": 1, "fantasyPoints": 203.24, "fantasyPointsOpponent": 202.68, "userNameOpponent": "sansbacon", "winningValue": 0}, "leaderBoard": [{"draftGroupId": 37605, "contestKey": "90815542", "entryKey": "2182435888", "lineupId": 2582532004, "userName": "chase223322", "userKey": "5070070", "userEntryCount": 1, "userEntryIndex": 1, "timeRemaining": 43.66, "timeRemainingUnit": "PMR", "maxTimeRemaining": 1200, "timeRemainingOpponent": 81.83, "rank": 1, "fantasyPoints": 203.24, "fantasyPointsOpponent": 202.68, "userNameOpponent": "sansbacon", "winningValue": 0}, {"draftGroupId": 37605, "contestKey": "90815542", "entryKey": "2182461565", "lineupId": 2582532005, "userName": "sansbacon", "userKey": "725157", "userEntryCount": 1, "userEntryIndex": 1, "timeRemaining": 81.83, "timeRemainingUnit": "PMR", "maxTimeRemaining": 1200, "timeRemainingOpponent": 43.66, "rank": 2, "fantasyPoints": 202.68, "fantasyPointsOpponent": 203.24, "userNameOpponent": "chase223322", "winningValue": 0}, {"draftGroupId": 37605, "contestKey": "90815542", "entryKey": "2182462118", "lineupId": 2582532006, "userName": "SlickRick777", "userKey": "4774523", "userEntryCount": 1, "userEntryIndex": 1, "timeRemaining": 141.83, "timeRemainingUnit": "PMR", "maxTimeRemaining": 1200, "timeRemainingOpponent": 43.66, "rank": 3, "fantasyPoints": 197.1, "fantasyPointsOpponent": 203.24, "userNameOpponent": "chase223322", "winningValue": 0}]}