{"href": "/scores/v1/contests/90838442/", "contestKey": "90838442", "leader": {"draftGroupId": 37605, "contestKey": "90838442", "entryKey": "2182924984", "lineupId": 2582823990, "userName": "sansbacon", "userKey": "725157", "userEntryCount": 1, "userEntryIndex": 1, "timeRemaining": 81.83, "timeRemainingUnit": "PMR", "maxTimeRemaining": 1200, "timeRemainingOpponent": 120, "rank": 1, "fantasyPoints": 206.38, "fantasyPointsOpponent": 204.78, "userNameOpponent": "benjammin82", "winningValue": 0}, "leaderBoard": [{"draftGroupId": 37605, "contestKey": "90838442", "entryKey": "2182924984", "lineupId": 2582823990, "userName": "sansbacon", "userKey": "725157", "userEntryCount": 1, "userEntryIndex": 1, "timeRemaining": 81.83, "timeRemainingUnit": "PMR", "maxTimeRemaining": 1200, "timeRemainingOpponent": 120, "rank": 1, "fantasyPoints": 206.38, "fantasyPointsOpponent": 204.78, "userNameOpponent": "benjammin82", "winningValue": 0}, {"draftGroupId": 37605, "contestKey": "90838442", "entryKey": "2182916722", "lineupId": 2582823988, "userName": "benjammin82", "userKey": "2372025", "userEntryCount": 1, "userEntryIndex": 1, "timeRemaining": 120, "timeRemainingUnit": "PMR", "maxTimeRemaining": 1200, "timeRemainingOpponent": 81.83, "rank": 2, "fantasyPoints": 204.78, "fantasyPointsOpponent": 206.38, "userNameOpponent": "sansbacon", "winningValue": 0}, {"draftGroupId": 37605, "contestKey": "90838442", "entryKey": "2182932049", "lineupId": 2582823991, "userName": "pythons122", "userKey": "311576", "userEntryCount": 1, "userEntryIndex": 1, "timeRemaining": 65.49, "timeRemainingUnit": "PMR", "maxTimeRemaining": 1200, "timeRemainingOpponent": 81.83, "rank": 3, "fantasyPoints": 198.3, "fantasyPointsOpponent": 206.38, "userNameOpponent": "sansbacon", "winningValue": 0}]}