{"href": "/scores/v1/contests/90837943/", "contestKey": "90837943", "leader": {"draftGroupId": 37605, "contestKey": "90837943", "entryKey": "2182898397", "lineupId": 2582813992, "userName": "sansbacon", "userKey": "725157", "userEntryCount": 1, "userEntryIndex": 1, "timeRemaining": 60, "timeRemainingUnit": "PMR", "maxTimeRemaining": 1200, "timeRemainingOpponent": 81.83, "rank": 1, "fantasyPoints": 233.4, "fantasyPointsOpponent": 203.48, "userNameOpponent": "pythons122", "winningValue": 0}, "leaderBoard": [{"draftGroupId": 37605, "contestKey": "90837943", "entryKey": "2182898397", "lineupId": 2582813992, "userName": "sansbacon", "userKey": "725157", "userEntryCount": 1, "userEntryIndex": 1, "timeRemaining": 60, "timeRemainingUnit": "PMR", "maxTimeRemaining": 1200, "timeRemainingOpponent": 81.83, "rank": 1, "fantasyPoints": 233.4, "fantasyPointsOpponent": 203.48, "userNameOpponent": "pythons122", "winningValue": 0}, {"draftGroupId": 37605, "contestKey": "90837943", "entryKey": "2182913320", "lineupId": 2582813993, "userName": "pythons122", "userKey": "311576", "userEntryCount": 1, "userEntryIndex": 1, "timeRemaining": 81.83, "timeRemainingUnit": "PMR", "maxTimeRemaining": 1200, "timeRemainingOpponent": 60, "rank": 2, "fantasyPoints": 203.48, "fantasyPointsOpponent": 233.4, "userNameOpponent": "sansbacon", "winningValue": 0}, {"draftGroupId": 37605, "contestKey": "90837943", "entryKey": "2182922149", "lineupId": 2582813995, "userName": "jdbjamesb", "userKey": "1235658", "userEntryCount": 1, "userEntryIndex": 1, "timeRemaining": 169.15, "timeRemainingUnit": "PMR", "maxTimeRemaining": 1200, "timeRemainingOpponent": 60, "rank": 3, "fantasyPoints": 173.6, "fantasyPointsOpponent": 233.4, "userNameOpponent": "sansbacon", "winningValue": 0}]}