{"href": "/scores/v1/contests/90837840/", "contestKey": "90837840", "leader": {"draftGroupId": 37605, "contestKey": "90837840", "entryKey": "2182894833", "lineupId": 2582807290, "userName": "jjcote", "userKey": "2688604", "userEntryCount": 1, "userEntryIndex": 1, "timeRemaining": 81.83, "timeRemainingUnit": "PMR", "maxTimeRemaining": 1200, "timeRemainingOpponent": 163.66, "rank": 1, "fantasyPoints": 208.4, "fantasyPointsOpponent": 201, "userNameOpponent": "sansbacon", "winningValue": 0}, "leaderBoard": [{"draftGroupId": 37605, "contestKey": "90837840", "entryKey": "2182894833", "lineupId": 2582807290, "userName": "jjcote", "userKey": "2688604", "userEntryCount": 1, "userEntryIndex": 1, "timeRemaining": 81.83, "timeRemainingUnit": "PMR", "maxTimeRemaining": 1200, "timeRemainingOpponent": 163.66, "rank": 1, "fantasyPoints": 208.4, "fantasyPointsOpponent": 201, "userNameOpponent": "sansbacon", "winningValue": 0}, {"draftGroupId": 37605, "contestKey": "90837840", "entryKey": "2182888546", "lineupId": 2582807289, "userName": "sansbacon", "userKey": "725157", "userEntryCount": 1, "userEntryIndex": 1, "timeRemaining": 163.66, "timeRemainingUnit": "PMR", "maxTimeRemaining": 1200, "timeRemainingOpponent": 81.83, "rank": 2, "fantasyPoints": 201, "fantasyPointsOpponent": 208.4, "userNameOpponent": "jjcote", "winningValue": 0}, {"draftGroupId": 37605, "contestKey": "90837840", "entryKey": "2182900247", "lineupId": 2582807291, "userName": "dherron21", "userKey": "1158898", "userEntryCount": 1, "userEntryIndex": 1, "timeRemaining": 21.83, "timeRemainingUnit": "PMR", "maxTimeRemaining": 1200, "timeRemainingOpponent": 81.83, "rank": 3, "fantasyPoints": 196.38, "fantasyPointsOpponent": 208.4, "userNameOpponent": "jjcote", "winningValue": 0}]}