{"href": "/scores/v1/contests/90848473/", "contestKey": "90848473", "leader": {"draftGroupId": 37605, "contestKey": "90848473", "entryKey": "2183271172", "lineupId": 2583052002, "userName": "pmix", "userKey": "11706386", "userEntryCount": 1, "userEntryIndex": 1, "timeRemaining": 21.83, "timeRemainingUnit": "PMR", "maxTimeRemaining": 1200, "timeRemainingOpponent": 125.49, "rank": 1, "fantasyPoints": 255.7, "fantasyPointsOpponent": 187.48, "userNameOpponent": "sansbacon", "winningValue": 0}, "leaderBoard": [{"draftGroupId": 37605, "contestKey": "90848473", "entryKey": "2183271172", "lineupId": 2583052002, "userName": "pmix", "userKey": "11706386", "userEntryCount": 1, "userEntryIndex": 1, "timeRemaining": 21.83, "timeRemainingUnit": "PMR", "maxTimeRemaining": 1200, "timeRemainingOpponent": 125.49, "rank": 1, "fantasyPoints": 255.7, "fantasyPointsOpponent": 187.48, "userNameOpponent": "sansbacon", "winningValue": 0}, {"draftGroupId": 37605, "contestKey": "90848473", "entryKey": "2183271348", "lineupId": 2583052003, "userName": "sansbacon", "userKey": "725157", "userEntryCount": 1, "userEntryIndex": 1, "timeRemaining": 125.49, "timeRemainingUnit": "PMR", "maxTimeRemaining": 1200, "timeRemainingOpponent": 21.83, "rank": 2, "fantasyPoints": 187.48, "fantasyPointsOpponent": 255.7, "userNameOpponent": "pmix", "winningValue": 0}, {"draftGroupId": 37605, "contestKey": "90848473", "entryKey": "2183279528", "lineupId": 2583052005, "userName": "ikejake98", "userKey": "7271126", "userEntryCount": 1, "userEntryIndex": 1, "timeRemaining": 60, "timeRemainingUnit": "PMR", "maxTimeRemaining": 1200, "timeRemainingOpponent": 21.83, "rank": 3, "fantasyPoints": 178.88, "fantasyPointsOpponent": 255.7, "userNameOpponent": "pmix", "winningValue": 0}]}