{"href": "/scores/v1/contests/90844572/", "contestKey": "90844572", "leader": {"draftGroupId": 37605, "contestKey": "90844572", "entryKey": "2183116754", "lineupId": 2582956617, "userName": "Amickb", "userKey": "12152034", "userEntryCount": 1, "userEntryIndex": 1, "timeRemaining": 43.66, "timeRemainingUnit": "PMR", "maxTimeRemaining": 1200, "timeRemainingOpponent": 163.66, "rank": 1, "fantasyPoints": 208.98, "fantasyPointsOpponent": 207.7, "userNameOpponent": "Dolfan72", "winningValue": 0}, "leaderBoard": [{"draftGroupId": 37605, "contestKey": "90844572", "entryKey": "2183116754", "lineupId": 2582956617, "userName": "Amickb", "userKey": "12152034", "userEntryCount": 1, "userEntryIndex": 1, "timeRemaining": 43.66, "timeRemainingUnit": "PMR", "maxTimeRemaining": 1200, "timeRemainingOpponent": 163.66, "rank": 1, "fantasyPoints": 208.98, "fantasyPointsOpponent": 207.7, "userNameOpponent": "Dolfan72", "winningValue": 0}, {"draftGroupId": 37605, "contestKey": "90844572", "entryKey": "2183127266", "lineupId": 2582956618, "userName": "Dolfan72", "userKey": "130759", "userEntryCount": 1, "userEntryIndex": 1, "timeRemaining": 163.66, "timeRemainingUnit": "PMR", "maxTimeRemaining": 1200, "timeRemainingOpponent": 43.66, "rank": 2, "fantasyPoints": 207.7, "fantasyPointsOpponent": 208.98, "userNameOpponent": "Amickb", "winningValue": 0}, {"draftGroupId": 37605, "contestKey": "90844572", "entryKey": "2183133508", "lineupId": 2582956619, "userName": "sansbacon", "userKey": "725157", "userEntryCount": 1, "userEntryIndex": 1, "timeRemaining": 120, "timeRemainingUnit": "PMR", "maxTimeRemaining": 1200, "timeRemainingOpponent": 43.66, "rank": 3, "fantasyPoints": 200.98, "fantasyPointsOpponent": 208.98, "userNameOpponent": "Amickb", "winningValue": 0}]}