{"href": "/scores/v1/contests/90883938/", "contestKey": "90883938", "leader": {"draftGroupId": 37605, "contestKey": "90883938", "entryKey": "2184186015", "lineupId": 2584159621, "userName": "raygo", "userKey": "100294", "userEntryCount": 1, "userEntryIndex": 1, "timeRemaining": 65.49, "timeRemainingUnit": "PMR", "maxTimeRemaining": 1200, "timeRemainingOpponent": 141.83, "rank": 1, "fantasyPoints": 226.68, "fantasyPointsOpponent": 217.68, "userNameOpponent": "sansbacon", "winningValue": 0}, "leaderBoard": [{"draftGroupId": 37605, "contestKey": "90883938", "entryKey": "2184186015", "lineupId": 2584159621, "userName": "raygo", "userKey": "100294", "userEntryCount": 1, "userEntryIndex": 1, "timeRemaining": 65.49, "timeRemainingUnit": "PMR", "maxTimeRemaining": 1200, "timeRemainingOpponent": 141.83, "rank": 1, "fantasyPoints": 226.68, "fantasyPointsOpponent": 217.68, "userNameOpponent": "sansbacon", "winningValue": 0}, {"draftGroupId": 37605, "contestKey": "90883938", "entryKey": "2184169455", "lineupId": 2584159620, "userName": "sansbacon", "userKey": "725157", "userEntryCount": 1, "userEntryIndex": 1, "timeRemaining": 141.83, "timeRemainingUnit": "PMR", "maxTimeRemaining": 1200, "timeRemainingOpponent": 65.49, "rank": 2, "fantasyPoints": 217.68, "fantasyPointsOpponent": 226.68, "userNameOpponent": "raygo", "winningValue": 0}, {"draftGroupId": 37605, "contestKey": "90883938", "entryKey": "2184191755", "lineupId": 2584159622, "userName": "cmt2208", "userKey": "1788690", "userEntryCount": 1, "userEntryIndex": 1, "timeRemaining": 60, "timeRemainingUnit": "PMR", "maxTimeRemaining": 1200, "timeRemainingOpponent": 65.49, "rank": 3, "fantasyPoints": 178.3, "fantasyPointsOpponent": 226.68, "userNameOpponent": "raygo", "winningValue": 0}]}