{"href": "/scores/v1/contests/90894317/", "contestKey": "90894317", "leader": {"draftGroupId": 37605, "contestKey": "90894317", "entryKey": "2184527142", "lineupId": 2584361052, "userName": "sansbacon", "userKey": "725157", "userEntryCount": 1, "userEntryIndex": 1, "timeRemaining": 103.66, "timeRemainingUnit": "PMR", "maxTimeRemaining": 1200, "timeRemainingOpponent": 81.83, "rank": 1, "fantasyPoints": 227.1, "fantasyPointsOpponent": 193.58, "userNameOpponent": "brosidon", "winningValue": 0}, "leaderBoard": [{"draftGroupId": 37605, "contestKey": "90894317", "entryKey": "2184527142", "lineupId": 2584361052, "userName": "sansbacon", "userKey": "725157", "userEntryCount": 1, "userEntryIndex": 1, "timeRemaining": 103.66, "timeRemainingUnit": "PMR", "maxTimeRemaining": 1200, "timeRemainingOpponent": 81.83, "rank": 1, "fantasyPoints": 227.1, "fantasyPointsOpponent": 193.58, "userNameOpponent": "brosidon", "winningValue": 0}, {"draftGroupId": 37605, "contestKey": "90894317", "entryKey": "2184528496", "lineupId": 2584361054, "userName": "brosidon", "userKey": "8870894", "userEntryCount": 1, "userEntryIndex": 1, "timeRemaining": 81.83, "timeRemainingUnit": "PMR", "maxTimeRemaining": 1200, "timeRemainingOpponent": 103.66, "rank": 2, "fantasyPoints": 193.58, "fantasyPointsOpponent": 227.1, "userNameOpponent": "sansbacon", "winningValue": 0}, {"draftGroupId": 37605, "contestKey": "90894317", "entryKey": "2184527238", "lineupId": 2584361053, "userName": "ddestino", "userKey": "1842864", "userEntryCount": 1, "userEntryIndex": 1, "timeRemaining": 81.83, "timeRemainingUnit": "PMR", "maxTimeRemaining": 1200, "timeRemainingOpponent": 103.66, "rank": 3, "fantasyPoints": 182.68, "fantasyPointsOpponent": 227.1, "userNameOpponent": "sansbacon", "winningValue": 0}]}