{"href": "/scores/v1/contests/90899244/", "contestKey": "90899244", "leader": {"draftGroupId": 37605, "contestKey": "90899244", "entryKey": "2184694627", "lineupId": 2584456306, "userName": "sansbacon", "userKey": "725157", "userEntryCount": 1, "userEntryIndex": 1, "timeRemaining": 43.66, "timeRemainingUnit": "PMR", "maxTimeRemaining": 1200, "timeRemainingOpponent": 43.66, "rank": 1, "fantasyPoints": 212.4, "fantasyPointsOpponent": 162, "userNameOpponent": "DTURCHIRN", "winningValue": 0}, "leaderBoard": [{"draftGroupId": 37605, "contestKey": "90899244", "entryKey": "2184694627", "lineupId": 2584456306, "userName": "sansbacon", "userKey": "725157", "userEntryCount": 1, "userEntryIndex": 1, "timeRemaining": 43.66, "timeRemainingUnit": "PMR", "maxTimeRemaining": 1200, "timeRemainingOpponent": 43.66, "rank": 1, "fantasyPoints": 212.4, "fantasyPointsOpponent": 162, "userNameOpponent": "DTURCHIRN", "winningValue": 0}, {"draftGroupId": 37605, "contestKey": "90899244", "entryKey": "2184696419", "lineupId": 2584456307, "userName": "DTURCHIRN", "userKey": "141294", "userEntryCount": 1, "userEntryIndex": 1, "timeRemaining": 43.66, "timeRemainingUnit": "PMR", "maxTimeRemaining": 1200, "timeRemainingOpponent": 43.66, "rank": 2, "fantasyPoints": 162, "fantasyPointsOpponent": 212.4, "userNameOpponent": "sansbacon", "winningValue": 0}, {"draftGroupId": 37605, "contestKey": "90899244", "entryKey": "2184703565", "lineupId": -1, "userName": "swartzy93", "userKey": "5824265", "userEntryCount": 1, "userEntryIndex": 1, "timeRemaining": 0, "timeRemainingUnit": "PMR", "maxTimeRemaining": 1200, "timeRemainingOpponent": 43.66, "rank": 3, "fantasyPoints": 0, "fantasyPointsOpponent": 212.4, "userNameOpponent": "sansbacon", "winningValue": 0}]}