{"href": "/scores/v1/contests/90942811/", "contestKey": "90942811", "leader": {"draftGroupId": 37605, "contestKey": "90942811", "entryKey": "2185912716", "lineupId": 2585748433, "userName": "bdurkes", "userKey": "410446", "userEntryCount": 1, "userEntryIndex": 1, "timeRemaining": 21.83, "timeRemainingUnit": "PMR", "maxTimeRemaining": 1200, "timeRemainingOpponent": 21.83, "rank": 1, "fantasyPoints": 211.1, "fantasyPointsOpponent": 202.18, "userNameOpponent": "sansbacon", "winningValue": 0}, "leaderBoard": [{"draftGroupId": 37605, "contestKey": "90942811", "entryKey": "2185912716", "lineupId": 2585748433, "userName": "bdurkes", "userKey": "410446", "userEntryCount": 1, "userEntryIndex": 1, "timeRemaining": 21.83, "timeRemainingUnit": "PMR", "maxTimeRemaining": 1200, "timeRemainingOpponent": 21.83, "rank": 1, "fantasyPoints": 211.1, "fantasyPointsOpponent": 202.18, "userNameOpponent": "sansbacon", "winningValue": 0}, {"draftGroupId": 37605, "contestKey": "90942811", "entryKey": "2185907016", "lineupId": 2585748430, "userName": "sansbacon", "userKey": "725157", "userEntryCount": 1, "userEntryIndex": 1, "timeRemaining": 21.83, "timeRemainingUnit": "PMR", "maxTimeRemaining": 1200, "timeRemainingOpponent": 21.83, "rank": 2, "fantasyPoints": 202.18, "fantasyPointsOpponent": 211.1, "userNameOpponent": "bdurkes", "winningValue": 0}, {"draftGroupId": 37605, "contestKey": "90942811", "entryKey": "2185912604", "lineupId": 2585748431, "userName": "steelpr", "userKey": "7275842", "userEntryCount": 1, "userEntryIndex": 1, "timeRemaining": 141.83, "timeRemainingUnit": "PMR", "maxTimeRemaining": 1200, "timeRemainingOpponent": 21.83, "rank": 3, "fantasyPoints": 191.18, "fantasyPointsOpponent": 211.1, "userNameOpponent": "bdurkes", "winningValue": 0}]}