{"href": "/scores/v1/contests/91043335/", "contestKey": "91043335", "leader": {"draftGroupId": 37605, "contestKey": "91043335", "entryKey": "2188774249", "lineupId": 2588273802, "userName": "bill0621", "userKey": "5378127", "userEntryCount": 1, "userEntryIndex": 1, "timeRemaining": 60, "timeRemainingUnit": "PMR", "maxTimeRemaining": 1200, "timeRemainingOpponent": 81.83, "rank": 1, "fantasyPoints": 241.38, "fantasyPointsOpponent": 195.96, "userNameOpponent": "sansbacon", "winningValue": 0}, "leaderBoard": [{"draftGroupId": 37605, "contestKey": "91043335", "entryKey": "2188774249", "lineupId": 2588273802, "userName": "bill0621", "userKey": "5378127", "userEntryCount": 1, "userEntryIndex": 1, "timeRemaining": 60, "timeRemainingUnit": "PMR", "maxTimeRemaining": 1200, "timeRemainingOpponent": 81.83, "rank": 1, "fantasyPoints": 241.38, "fantasyPointsOpponent": 195.96, "userNameOpponent": "sansbacon", "winningValue": 0}, {"draftGroupId": 37605, "contestKey": "91043335", "entryKey": "2188770124", "lineupId": 2588273801, "userName": "sansbacon", "userKey": "725157", "userEntryCount": 1, "userEntryIndex": 1, "timeRemaining": 81.83, "timeRemainingUnit": "PMR", "maxTimeRemaining": 1200, "timeRemainingOpponent": 60, "rank": 2, "fantasyPoints": 195.96, "fantasyPointsOpponent": 241.38, "userNameOpponent": "bill0621", "winningValue": 0}, {"draftGroupId": 37605, "contestKey": "91043335", "entryKey": "2188775896", "lineupId": 2588273803, "userName": "Bowflexin", "userKey": "9836051", "userEntryCount": 1, "userEntryIndex": 1, "timeRemaining": 103.66, "timeRemainingUnit": "PMR", "maxTimeRemaining": 1200, "timeRemainingOpponent": 60, "rank": 3, "fantasyPoints": 161.38, "fantasyPointsOpponent": 241.38, "userNameOpponent": "bill0621", "winningValue": 0}]}