{"href": "/scores/v1/contests/91140037/", "contestKey": "91140037", "leader": {"draftGroupId": 37605, "contestKey": "91140037", "entryKey": "2191308979", "lineupId": 2590903160, "userName": "sansbacon", "userKey": "725157", "userEntryCount": 1, "userEntryIndex": 1, "timeRemaining": 120, "timeRemainingUnit": "PMR", "maxTimeRemaining": 1200, "timeRemainingOpponent": 0, "rank": 1, "fantasyPoints": 219.78, "fantasyPointsOpponent": 203.78, "userNameOpponent": "raygo", "winningValue": 0}, "leaderBoard": [{"draftGroupId": 37605, "contestKey": "91140037", "entryKey": "2191308979", "lineupId": 2590903160, "userName": "sansbacon", "userKey": "725157", "userEntryCount": 1, "userEntryIndex": 1, "timeRemaining": 120, "timeRemainingUnit": "PMR", "maxTimeRemaining": 1200, "timeRemainingOpponent": 0, "rank": 1, "fantasyPoints": 219.78, "fantasyPointsOpponent": 203.78, "userNameOpponent": "raygo", "winningValue": 0}, {"draftGroupId": 37605, "contestKey": "91140037", "entryKey": "2191309411", "lineupId": 2590903161, "userName": "raygo", "userKey": "100294", "userEntryCount": 1, "userEntryIndex": 1, "timeRemaining": 0, "timeRemainingUnit": "PMR", "maxTimeRemaining": 1200, "timeRemainingOpponent": 120, "rank": 2, "fantasyPoints": 203.78, "fantasyPointsOpponent": 219.78, "userNameOpponent": "sansbacon", "winningValue": 0}, {"draftGroupId": 37605, "contestKey": "91140037", "entryKey": "2191309769", "lineupId": 2590903162, "userName": "coachtwk", "userKey": "5753402", "userEntryCount": 1, "userEntryIndex": 1, "timeRemaining": 147.32, "timeRemainingUnit": "PMR", "maxTimeRemaining": 1200, "timeRemainingOpponent": 120, "rank": 3, "fantasyPoints": 186.9, "fantasyPointsOpponent": 219.78, "userNameOpponent": "sansbacon", "winningValue": 0}]}