{"Leader": {"MegaDraftGroupId": 2, "MegaContestKey": "91331080", "MegaEntryKey": "2196025166", "UserName": "nickpods", "UserKey": "6473276", "UserMegaEntryCount": 0, "UserMegaEntryIndex": 0, "TimeRemainingOpponent": 0, "Rank": 1, "FantasyPoints": 817.22, "FantasyPointsOpponent": 799.38, "RankScore": 0, "RankScoreOpponent": 0, "UserNameOpponent": "frankintankin", "WinningValue": 22.87, "Winnings": [{"value": 22, "description": "Prize"}], "UpdateStatus": {"lastUpdateTime": "2020-10-15T14:17:37.6990871+00:00"}}, "LastWinningMegaEntry": {"MegaDraftGroupId": 2, "MegaContestKey": "91331080", "MegaEntryKey": "2196041787", "UserName": "Ahaner95", "UserKey": "397579", "UserMegaEntryCount": 0, "UserMegaEntryIndex": 0, "TimeRemainingOpponent": 0, "Rank": 3, "FantasyPoints": 760.2, "FantasyPointsOpponent": 817.22, "RankScore": 0, "RankScoreOpponent": 0, "UserNameOpponent": "nickpods", "WinningValue": 3, "Winnings": [{"value": 3, "description": "Cash"}], "UpdateStatus": {"lastUpdateTime": "2020-10-15T14:17:37.6995997+00:00"}}, "Leaderboard": [{"MegaDraftGroupId": 2, "MegaContestKey": "91331080", "MegaEntryKey": "2196025166", "UserName": "nickpods", "UserKey": "6473276", "UserMegaEntryCount": 0, "UserMegaEntryIndex": 0, "TimeRemainingOpponent": 0, "Rank": 1, "FantasyPoints": 817.22, "FantasyPointsOpponent": 799.38, "RankScore": 0, "RankScoreOpponent": 0, "UserNameOpponent": "frankintankin", "WinningValue": 22.87, "Winnings": [{"value": 22, "description": "Prize"}], "UpdateStatus": {"lastUpdateTime": "2020-10-15T14:17:37.6990871+00:00"}}, {"MegaDraftGroupId": 2, "MegaContestKey": "91331080", "MegaEntryKey": "2196042025", "UserName": "frankintankin", "UserKey": "9192842", "UserMegaEntryCount": 0, "UserMegaEntryIndex": 0, "TimeRemainingOpponent": 0, "Rank": 2, "FantasyPoints": 799.38, "FantasyPointsOpponent": 817.22, "RankScore": 0, "RankScoreOpponent": 0, "UserNameOpponent": "nickpods", "WinningValue": 5, "Winnings": [{"value": 5, "description": "Cash"}], "UpdateStatus": {"lastUpdateTime": "2020-10-15T14:17:37.7000029+00:00"}}, {"MegaDraftGroupId": 2, "MegaContestKey": "91331080", "MegaEntryKey": "2196041787", "UserName": "Ahaner95", "UserKey": "397579", "UserMegaEntryCount": 0, "UserMegaEntryIndex": 0, "TimeRemainingOpponent": 0, "Rank": 3, "FantasyPoints": 760.2, "FantasyPointsOpponent": 817.22, "RankScore": 0, "RankScoreOpponent": 0, "UserNameOpponent": "nickpods", "WinningValue": 3, "Winnings": [{"value": 3, "description": "Cash"}], "UpdateStatus": {"lastUpdateTime": "2020-10-15T14:17:37.6995997+00:00"}}, {"MegaDraftGroupId": 2, "MegaContestKey": "91331080", "MegaEntryKey": "2196042067", "UserName": "DK1689", "UserKey": "10594855", "UserMegaEntryCount": 0, "UserMegaEntryIndex": 0, "TimeRemainingOpponent": 0, "Rank": 4, "FantasyPoints": 758.16, "FantasyPointsOpponent": 817.22, "RankScore": 0, "RankScoreOpponent": 0, "UserNameOpponent": "nickpods", "WinningValue": 0, "UpdateStatus": {"lastUpdateTime": "2020-10-15T14:17:38.0139474+00:00"}}, {"MegaDraftGroupId": 2, "MegaContestKey": "91331080", "MegaEntryKey": "2196040760", "UserName": "giantsfan45687", "UserKey": "2699068", "UserMegaEntryCount": 0, "UserMegaEntryIndex": 0, "TimeRemainingOpponent": 0, "Rank": 5, "FantasyPoints": 743.54, "FantasyPointsOpponent": 817.22, "RankScore": 0, "RankScoreOpponent": 0, "UserNameOpponent": "nickpods", "WinningValue": 0, "UpdateStatus": {"lastUpdateTime": "2020-10-15T14:17:37.6992429+00:00"}}, {"MegaDraftGroupId": 2, "MegaContestKey": "91331080", "MegaEntryKey": "2196042107", "UserName": "sansbacon", "UserKey": "725157", "UserMegaEntryCount": 0, "UserMegaEntryIndex": 0, "TimeRemainingOpponent": 0, "Rank": 6, "FantasyPoints": 728.32, "FantasyPointsOpponent": 817.22, "RankScore": 0, "RankScoreOpponent": 0, "UserNameOpponent": "nickpods", "WinningValue": 0, "UpdateStatus": {"lastUpdateTime": "2020-10-15T14:17:37.6987800+00:00"}}, {"MegaDraftGroupId": 2, "MegaContestKey": "91331080", "MegaEntryKey": "2196049224", "UserName": "skaleski", "UserKey": "4055792", "UserMegaEntryCount": 0, "UserMegaEntryIndex": 0, "TimeRemainingOpponent": 0, "Rank": 7, "FantasyPoints": 716.28, "FantasyPointsOpponent": 817.22, "RankScore": 0, "RankScoreOpponent": 0, "UserNameOpponent": "nickpods", "WinningValue": 0, "UpdateStatus": {"lastUpdateTime": "2020-10-15T14:17:37.6982644+00:00"}}, {"MegaDraftGroupId": 2, "MegaContestKey": "91331080", "MegaEntryKey": "2196024399", "UserName": "randyrat65", "UserKey": "1892606", "UserMegaEntryCount": 0, "UserMegaEntryIndex": 0, "TimeRemainingOpponent": 0, "Rank": 8, "FantasyPoints": 680.44, "FantasyPointsOpponent": 817.22, "RankScore": 0, "RankScoreOpponent": 0, "UserNameOpponent": "nickpods", "WinningValue": 0, "UpdateStatus": {"lastUpdateTime": "2020-10-15T14:17:37.6994534+00:00"}}, {"MegaDraftGroupId": 2, "MegaContestKey": "91331080", "MegaEntryKey": "2196033347", "UserName": "steelcitydozer", "UserKey": "141386", "UserMegaEntryCount": 0, "UserMegaEntryIndex": 0, "TimeRemainingOpponent": 0, "Rank": 9, "FantasyPoints": 670.94, "FantasyPointsOpponent": 817.22, "RankScore": 0, "RankScoreOpponent": 0, "UserNameOpponent": "nickpods", "WinningValue": 0, "UpdateStatus": {"lastUpdateTime": "2020-10-15T14:17:38.0149156+00:00"}}, {"MegaDraftGroupId": 2, "MegaContestKey": "91331080", "MegaEntryKey": "2196024915", "UserName": "glo1981", "UserKey": "5944676", "UserMegaEntryCount": 0, "UserMegaEntryIndex": 0, "TimeRemainingOpponent": 0, "Rank": 10, "FantasyPoints": 631.22, "FantasyPointsOpponent": 817.22, "RankScore": 0, "RankScoreOpponent": 0, "UserNameOpponent": "nickpods", "WinningValue": 0, "UpdateStatus": {"lastUpdateTime": "2020-10-15T14:17:38.0151989+00:00"}}, {"MegaDraftGroupId": 2, "MegaContestKey": "91331080", "MegaEntryKey": "2196033420", "UserName": "Dylanh167", "UserKey": "7476821", "UserMegaEntryCount": 0, "UserMegaEntryIndex": 0, "TimeRemainingOpponent": 0, "Rank": 11, "FantasyPoints": 593.1, "FantasyPointsOpponent": 817.22, "RankScore": 0, "RankScoreOpponent": 0, "UserNameOpponent": "nickpods", "WinningValue": 0, "UpdateStatus": {"lastUpdateTime": "2020-10-15T14:17:37.6996568+00:00"}}, {"MegaDraftGroupId": 2, "MegaContestKey": "91331080", "MegaEntryKey": "2196032228", "UserName": "teddysmoney", "UserKey": "7320094", "UserMegaEntryCount": 0, "UserMegaEntryIndex": 0, "TimeRemainingOpponent": 0, "Rank": 12, "FantasyPoints": 591.56, "FantasyPointsOpponent": 817.22, "RankScore": 0, "RankScoreOpponent": 0, "UserNameOpponent": "nickpods", "WinningValue": 0, "UpdateStatus": {"lastUpdateTime": "2020-10-15T14:17:37.6995376+00:00"}}], "UpdateStatus": {"lastUpdateTime": "2020-10-15T14:17:38.0194272+00:00"}}