{"Leader": {"MegaDraftGroupId": 2, "MegaContestKey": "91556560", "MegaEntryKey": "2199769178", "UserName": "vikes0-4", "UserKey": "9416645", "UserMegaEntryCount": 0, "UserMegaEntryIndex": 0, "TimeRemainingOpponent": 0, "Rank": 1, "FantasyPoints": 838.86, "FantasyPointsOpponent": 802.62, "RankScore": 0, "RankScoreOpponent": 0, "UserNameOpponent": "rebonkulous", "WinningValue": 160.07, "Winnings": [{"value": 160, "description": "Prize"}], "UpdateStatus": {"lastUpdateTime": "2020-10-15T14:19:45.8483575+00:00"}}, "LastWinningMegaEntry": {"MegaDraftGroupId": 2, "MegaContestKey": "91556560", "MegaEntryKey": "2199792829", "UserName": "0011jsr", "UserKey": "11958081", "UserMegaEntryCount": 0, "UserMegaEntryIndex": 0, "TimeRemainingOpponent": 0, "Rank": 3, "FantasyPoints": 772.56, "FantasyPointsOpponent": 838.86, "RankScore": 0, "RankScoreOpponent": 0, "UserNameOpponent": "vikes0-4", "WinningValue": 20, "Winnings": [{"value": 20, "description": "Cash"}], "UpdateStatus": {"lastUpdateTime": "2020-10-15T14:19:45.8426649+00:00"}}, "Leaderboard": [{"MegaDraftGroupId": 2, "MegaContestKey": "91556560", "MegaEntryKey": "2199769178", "UserName": "vikes0-4", "UserKey": "9416645", "UserMegaEntryCount": 0, "UserMegaEntryIndex": 0, "TimeRemainingOpponent": 0, "Rank": 1, "FantasyPoints": 838.86, "FantasyPointsOpponent": 802.62, "RankScore": 0, "RankScoreOpponent": 0, "UserNameOpponent": "rebonkulous", "WinningValue": 160.07, "Winnings": [{"value": 160, "description": "Prize"}], "UpdateStatus": {"lastUpdateTime": "2020-10-15T14:19:45.8483575+00:00"}}, {"MegaDraftGroupId": 2, "MegaContestKey": "91556560", "MegaEntryKey": "2199793749", "UserName": "rebonkulous", "UserKey": "5146111", "UserMegaEntryCount": 0, "UserMegaEntryIndex": 0, "TimeRemainingOpponent": 0, "Rank": 2, "FantasyPoints": 802.62, "FantasyPointsOpponent": 838.86, "RankScore": 0, "RankScoreOpponent": 0, "UserNameOpponent": "vikes0-4", "WinningValue": 30, "Winnings": [{"value": 30, "description": "Cash"}], "UpdateStatus": {"lastUpdateTime": "2020-10-15T14:19:45.8452206+00:00"}}, {"MegaDraftGroupId": 2, "MegaContestKey": "91556560", "MegaEntryKey": "2199792829", "UserName": "0011jsr", "UserKey": "11958081", "UserMegaEntryCount": 0, "UserMegaEntryIndex": 0, "TimeRemainingOpponent": 0, "Rank": 3, "FantasyPoints": 772.56, "FantasyPointsOpponent": 838.86, "RankScore": 0, "RankScoreOpponent": 0, "UserNameOpponent": "vikes0-4", "WinningValue": 20, "Winnings": [{"value": 20, "description": "Cash"}], "UpdateStatus": {"lastUpdateTime": "2020-10-15T14:19:45.8426649+00:00"}}, {"MegaDraftGroupId": 2, "MegaContestKey": "91556560", "MegaEntryKey": "2199783616", "UserName": "windchimesRrude", "UserKey": "95811", "UserMegaEntryCount": 0, "UserMegaEntryIndex": 0, "TimeRemainingOpponent": 0, "Rank": 4, "FantasyPoints": 763.48, "FantasyPointsOpponent": 838.86, "RankScore": 0, "RankScoreOpponent": 0, "UserNameOpponent": "vikes0-4", "WinningValue": 0, "UpdateStatus": {"lastUpdateTime": "2020-10-15T14:19:45.8434324+00:00"}}, {"MegaDraftGroupId": 2, "MegaContestKey": "91556560", "MegaEntryKey": "2199769169", "UserName": "yacsel2804", "UserKey": "8102887", "UserMegaEntryCount": 0, "UserMegaEntryIndex": 0, "TimeRemainingOpponent": 0, "Rank": 5, "FantasyPoints": 761.86, "FantasyPointsOpponent": 838.86, "RankScore": 0, "RankScoreOpponent": 0, "UserNameOpponent": "vikes0-4", "WinningValue": 0, "UpdateStatus": {"lastUpdateTime": "2020-10-15T14:19:45.8447702+00:00"}}, {"MegaDraftGroupId": 2, "MegaContestKey": "91556560", "MegaEntryKey": "2199776943", "UserName": "dhaskins12", "UserKey": "1440392", "UserMegaEntryCount": 0, "UserMegaEntryIndex": 0, "TimeRemainingOpponent": 0, "Rank": 6, "FantasyPoints": 739.84, "FantasyPointsOpponent": 838.86, "RankScore": 0, "RankScoreOpponent": 0, "UserNameOpponent": "vikes0-4", "WinningValue": 0, "UpdateStatus": {"lastUpdateTime": "2020-10-15T14:19:45.8444701+00:00"}}, {"MegaDraftGroupId": 2, "MegaContestKey": "91556560", "MegaEntryKey": "2199783423", "UserName": "sansbacon", "UserKey": "725157", "UserMegaEntryCount": 0, "UserMegaEntryIndex": 0, "TimeRemainingOpponent": 0, "Rank": 7, "FantasyPoints": 736.94, "FantasyPointsOpponent": 838.86, "RankScore": 0, "RankScoreOpponent": 0, "UserNameOpponent": "vikes0-4", "WinningValue": 0, "UpdateStatus": {"lastUpdateTime": "2020-10-15T14:19:45.8443150+00:00"}}, {"MegaDraftGroupId": 2, "MegaContestKey": "91556560", "MegaEntryKey": "2199783683", "UserName": "housey15", "UserKey": "2140254", "UserMegaEntryCount": 0, "UserMegaEntryIndex": 0, "TimeRemainingOpponent": 0, "Rank": 8, "FantasyPoints": 736.44, "FantasyPointsOpponent": 838.86, "RankScore": 0, "RankScoreOpponent": 0, "UserNameOpponent": "vikes0-4", "WinningValue": 0, "UpdateStatus": {"lastUpdateTime": "2020-10-15T14:19:45.8438707+00:00"}}, {"MegaDraftGroupId": 2, "MegaContestKey": "91556560", "MegaEntryKey": "2199783717", "UserName": "killakev13", "UserKey": "6479340", "UserMegaEntryCount": 0, "UserMegaEntryIndex": 0, "TimeRemainingOpponent": 0, "Rank": 9, "FantasyPoints": 733.58, "FantasyPointsOpponent": 838.86, "RankScore": 0, "RankScoreOpponent": 0, "UserNameOpponent": "vikes0-4", "WinningValue": 0, "UpdateStatus": {"lastUpdateTime": "2020-10-15T14:19:45.8441027+00:00"}}, {"MegaDraftGroupId": 2, "MegaContestKey": "91556560", "MegaEntryKey": "2199783700", "UserName": "Floki1973", "UserKey": "11540005", "UserMegaEntryCount": 0, "UserMegaEntryIndex": 0, "TimeRemainingOpponent": 0, "Rank": 10, "FantasyPoints": 681.14, "FantasyPointsOpponent": 838.86, "RankScore": 0, "RankScoreOpponent": 0, "UserNameOpponent": "vikes0-4", "WinningValue": 0, "UpdateStatus": {"lastUpdateTime": "2020-10-15T14:19:45.8437181+00:00"}}, {"MegaDraftGroupId": 2, "MegaContestKey": "91556560", "MegaEntryKey": "2199783639", "UserName": "killerchipmunk", "UserKey": "2938505", "UserMegaEntryCount": 0, "UserMegaEntryIndex": 0, "TimeRemainingOpponent": 0, "Rank": 11, "FantasyPoints": 604.42, "FantasyPointsOpponent": 838.86, "RankScore": 0, "RankScoreOpponent": 0, "UserNameOpponent": "vikes0-4", "WinningValue": 0, "UpdateStatus": {"lastUpdateTime": "2020-10-15T14:19:45.8410575+00:00"}}, {"MegaDraftGroupId": 2, "MegaContestKey": "91556560", "MegaEntryKey": "2199776894", "UserName": "Kivell", "UserKey": "12655530", "UserMegaEntryCount": 0, "UserMegaEntryIndex": 0, "TimeRemainingOpponent": 0, "Rank": 12, "FantasyPoints": 577.42, "FantasyPointsOpponent": 838.86, "RankScore": 0, "RankScoreOpponent": 0, "UserNameOpponent": "vikes0-4", "WinningValue": 0, "UpdateStatus": {"lastUpdateTime": "2020-10-15T14:19:45.8455421+00:00"}}], "UpdateStatus": {"lastUpdateTime": "2020-10-15T14:19:45.8488788+00:00"}}