{"href": "/scores/v1/contests/91598942/", "contestKey": "91598942", "leader": {"draftGroupId": 37605, "contestKey": "91598942", "entryKey": "2200703764", "lineupId": 2599846975, "userName": "csucher", "userKey": "3807901", "userEntryCount": 1, "userEntryIndex": 1, "timeRemaining": 60, "timeRemainingUnit": "PMR", "maxTimeRemaining": 1200, "timeRemainingOpponent": 65.49, "rank": 1, "fantasyPoints": 246.58, "fantasyPointsOpponent": 203.98, "userNameOpponent": "sansbacon", "winningValue": 0}, "leaderBoard": [{"draftGroupId": 37605, "contestKey": "91598942", "entryKey": "2200703764", "lineupId": 2599846975, "userName": "csucher", "userKey": "3807901", "userEntryCount": 1, "userEntryIndex": 1, "timeRemaining": 60, "timeRemainingUnit": "PMR", "maxTimeRemaining": 1200, "timeRemainingOpponent": 65.49, "rank": 1, "fantasyPoints": 246.58, "fantasyPointsOpponent": 203.98, "userNameOpponent": "sansbacon", "winningValue": 0}, {"draftGroupId": 37605, "contestKey": "91598942", "entryKey": "2200695934", "lineupId": 2599846973, "userName": "sansbacon", "userKey": "725157", "userEntryCount": 1, "userEntryIndex": 1, "timeRemaining": 65.49, "timeRemainingUnit": "PMR", "maxTimeRemaining": 1200, "timeRemainingOpponent": 60, "rank": 2, "fantasyPoints": 203.98, "fantasyPointsOpponent": 246.58, "userNameOpponent": "csucher", "winningValue": 0}, {"draftGroupId": 37605, "contestKey": "91598942", "entryKey": "2200703693", "lineupId": 2599846974, "userName": "Malcontent21", "userKey": "10534039", "userEntryCount": 1, "userEntryIndex": 1, "timeRemaining": 201.83, "timeRemainingUnit": "PMR", "maxTimeRemaining": 1200, "timeRemainingOpponent": 60, "rank": 3, "fantasyPoints": 159.9, "fantasyPointsOpponent": 246.58, "userNameOpponent": "csucher", "winningValue": 0}]}