{"href": "/scores/v1/contests/91599999/", "contestKey": "91599999", "leader": {"draftGroupId": 37605, "contestKey": "91599999", "entryKey": "2200743996", "lineupId": 2599891046, "userName": "bubr0805", "userKey": "474365", "userEntryCount": 1, "userEntryIndex": 1, "timeRemaining": 21.83, "timeRemainingUnit": "PMR", "maxTimeRemaining": 1200, "timeRemainingOpponent": 81.83, "rank": 1, "fantasyPoints": 227.48, "fantasyPointsOpponent": 220.7, "userNameOpponent": "BHDevil", "winningValue": 0}, "leaderBoard": [{"draftGroupId": 37605, "contestKey": "91599999", "entryKey": "2200743996", "lineupId": 2599891046, "userName": "bubr0805", "userKey": "474365", "userEntryCount": 1, "userEntryIndex": 1, "timeRemaining": 21.83, "timeRemainingUnit": "PMR", "maxTimeRemaining": 1200, "timeRemainingOpponent": 81.83, "rank": 1, "fantasyPoints": 227.48, "fantasyPointsOpponent": 220.7, "userNameOpponent": "BHDevil", "winningValue": 0}, {"draftGroupId": 37605, "contestKey": "91599999", "entryKey": "2200735814", "lineupId": 2599891045, "userName": "BHDevil", "userKey": "409984", "userEntryCount": 1, "userEntryIndex": 1, "timeRemaining": 81.83, "timeRemainingUnit": "PMR", "maxTimeRemaining": 1200, "timeRemainingOpponent": 21.83, "rank": 2, "fantasyPoints": 220.7, "fantasyPointsOpponent": 227.48, "userNameOpponent": "bubr0805", "winningValue": 0}, {"draftGroupId": 37605, "contestKey": "91599999", "entryKey": "2200751925", "lineupId": 2599891047, "userName": "sansbacon", "userKey": "725157", "userEntryCount": 1, "userEntryIndex": 1, "timeRemaining": 163.66, "timeRemainingUnit": "PMR", "maxTimeRemaining": 1200, "timeRemainingOpponent": 21.83, "rank": 3, "fantasyPoints": 171.8, "fantasyPointsOpponent": 227.48, "userNameOpponent": "bubr0805", "winningValue": 0}]}