{"href": "/scores/v1/contests/91613596/", "contestKey": "91613596", "leader": {"draftGroupId": 37605, "contestKey": "91613596", "entryKey": "2200995356", "lineupId": 2600126264, "userName": "jbarns24", "userKey": "6180723", "userEntryCount": 1, "userEntryIndex": 1, "timeRemaining": 22.5, "timeRemainingUnit": "PMR", "maxTimeRemaining": 1200, "timeRemainingOpponent": 105, "rank": 1, "fantasyPoints": 224.28, "fantasyPointsOpponent": 204.5, "userNameOpponent": "snoopdoug25", "winningValue": 0}, "leaderBoard": [{"draftGroupId": 37605, "contestKey": "91613596", "entryKey": "2200995356", "lineupId": 2600126264, "userName": "jbarns24", "userKey": "6180723", "userEntryCount": 1, "userEntryIndex": 1, "timeRemaining": 22.5, "timeRemainingUnit": "PMR", "maxTimeRemaining": 1200, "timeRemainingOpponent": 105, "rank": 1, "fantasyPoints": 224.28, "fantasyPointsOpponent": 204.5, "userNameOpponent": "snoopdoug25", "winningValue": 0}, {"draftGroupId": 37605, "contestKey": "91613596", "entryKey": "2201011651", "lineupId": 2600126267, "userName": "snoopdoug25", "userKey": "6602956", "userEntryCount": 1, "userEntryIndex": 1, "timeRemaining": 105, "timeRemainingUnit": "PMR", "maxTimeRemaining": 1200, "timeRemainingOpponent": 22.5, "rank": 2, "fantasyPoints": 204.5, "fantasyPointsOpponent": 224.28, "userNameOpponent": "jbarns24", "winningValue": 0}, {"draftGroupId": 37605, "contestKey": "91613596", "entryKey": "2201002497", "lineupId": 2600126265, "userName": "sansbacon", "userKey": "725157", "userEntryCount": 1, "userEntryIndex": 1, "timeRemaining": 142.5, "timeRemainingUnit": "PMR", "maxTimeRemaining": 1200, "timeRemainingOpponent": 22.5, "rank": 3, "fantasyPoints": 171.42, "fantasyPointsOpponent": 224.28, "userNameOpponent": "jbarns24", "winningValue": 0}]}