{"href": "/scores/v1/contests/91612953/", "contestKey": "91612953", "leader": {"draftGroupId": 37605, "contestKey": "91612953", "entryKey": "2200975684", "lineupId": 2600109046, "userName": "icecole01", "userKey": "2423483", "userEntryCount": 1, "userEntryIndex": 1, "timeRemaining": 120, "timeRemainingUnit": "PMR", "maxTimeRemaining": 1200, "timeRemainingOpponent": 127.5, "rank": 1, "fantasyPoints": 225.5, "fantasyPointsOpponent": 197.48, "userNameOpponent": "mauidog49", "winningValue": 0}, "leaderBoard": [{"draftGroupId": 37605, "contestKey": "91612953", "entryKey": "2200975684", "lineupId": 2600109046, "userName": "icecole01", "userKey": "2423483", "userEntryCount": 1, "userEntryIndex": 1, "timeRemaining": 120, "timeRemainingUnit": "PMR", "maxTimeRemaining": 1200, "timeRemainingOpponent": 127.5, "rank": 1, "fantasyPoints": 225.5, "fantasyPointsOpponent": 197.48, "userNameOpponent": "mauidog49", "winningValue": 0}, {"draftGroupId": 37605, "contestKey": "91612953", "entryKey": "2200981461", "lineupId": 2600109047, "userName": "mauidog49", "userKey": "1239904", "userEntryCount": 1, "userEntryIndex": 1, "timeRemaining": 127.5, "timeRemainingUnit": "PMR", "maxTimeRemaining": 1200, "timeRemainingOpponent": 120, "rank": 2, "fantasyPoints": 197.48, "fantasyPointsOpponent": 225.5, "userNameOpponent": "icecole01", "winningValue": 0}, {"draftGroupId": 37605, "contestKey": "91612953", "entryKey": "2200981605", "lineupId": 2600109048, "userName": "sansbacon", "userKey": "725157", "userEntryCount": 1, "userEntryIndex": 1, "timeRemaining": 82.5, "timeRemainingUnit": "PMR", "maxTimeRemaining": 1200, "timeRemainingOpponent": 120, "rank": 3, "fantasyPoints": 194.6, "fantasyPointsOpponent": 225.5, "userNameOpponent": "icecole01", "winningValue": 0}]}