{"entries": [{"roster": {"scorecards": [{"firstName": "Russell", "lastName": "Wilson", "shortName": "R. Wilson", "displayName": "Russell Wilson", "rosterPositionId": 66, "rosterPosition": "QB", "rosterPositionSortOrder": 1, "eTag": "549", "playerUtilizations": [{"displayKey": "ALL", "value": "33.33"}], "playerLink": [], "percentDrafted": 33.33, "draftableId": 14884980, "score": 34.78, "stats": [{"statId": 36, "name": "Passing Touchdowns", "abbreviation": "PaTD", "fantasyPoints": 16, "statValue": 4, "contributesToScoring": true}, {"statId": 38, "name": "Rushing Touchdowns", "abbreviation": "RuTD", "fantasyPoints": 0, "statValue": 0, "contributesToScoring": true}, {"statId": 39, "name": "Passing Yards", "abbreviation": "PaYds", "fantasyPoints": 12.88, "statValue": 322, "contributesToScoring": true}, {"statId": 41, "name": "Rushing Yards", "abbreviation": "RuYds", "fantasyPoints": 2.9, "statValue": 29, "contributesToScoring": true}, {"statId": 46, "name": "Interceptions Thrown", "abbreviation": "INT", "fantasyPoints": 0, "statValue": 0, "contributesToScoring": true}, {"statId": 47, "name": "300+ Yards Passing Game", "abbreviation": "300+Pass", "fantasyPoints": 3, "statValue": 1, "contributesToScoring": true}, {"statId": 48, "name": "100+ Rushing Game", "abbreviation": "100+Rush", "fantasyPoints": 0, "statValue": 0, "contributesToScoring": true}, {"statId": 558, "name": "Offensive Fumble Recovery TDs", "abbreviation": "OFR TD", "fantasyPoints": 0, "statValue": 0, "contributesToScoring": true}], "statsDescription": "4 PaTD, 322 PaYds, 29 RuYds, 1 300+Pass", "timeRemainingUnit": "PMR", "timeRemaining": 0, "maxTimeRemaining": 0, "competition": {"competitionId": 5673562, "name": "SEA 38 @ ATL 25", "nameDisplay": [{"value": "SEA", "isEmphasized": true}, {"value": " 38"}, {"value": " @ "}, {"value": "ATL"}, {"value": " 25"}], "timeStatus": "Final", "competitionStatus": "ScoresOfficial", "attributes": {"quarter": "4", "timeRemaining": "Final", "homeTeamScore": "25", "awayTeamScore": "38"}, "startTime": "2020-09-13T17:00:00.0000000Z"}, "attributes": {}, "playerStates": []}, {"firstName": "Josh", "lastName": "Jacobs", "shortName": "J. Jacobs", "displayName": "Josh Jacobs", "rosterPositionId": 67, "rosterPosition": "RB", "rosterPositionSortOrder": 2, "eTag": "447", "playerUtilizations": [{"displayKey": "ALL", "value": "33.33"}], "playerLink": [], "percentDrafted": 33.33, "draftableId": 14884816, "score": 35.9, "stats": [{"statId": 37, "name": "Receiving Touchdowns", "abbreviation": "RecTD", "fantasyPoints": 0, "statValue": 0, "contributesToScoring": true}, {"statId": 38, "name": "Rushing Touchdowns", "abbreviation": "RuTD", "fantasyPoints": 18, "statValue": 3, "contributesToScoring": true}, {"statId": 40, "name": "Receiving Yards", "abbreviation": "RecYds", "fantasyPoints": 4.6, "statValue": 46, "contributesToScoring": true}, {"statId": 41, "name": "Rushing Yards", "abbreviation": "RuYds", "fantasyPoints": 9.3, "statValue": 93, "contributesToScoring": true}, {"statId": 44, "name": "Receptions", "abbreviation": "REC", "fantasyPoints": 4, "statValue": 4, "contributesToScoring": true}, {"statId": 48, "name": "100+ Rushing Game", "abbreviation": "100+Rush", "fantasyPoints": 0, "statValue": 0, "contributesToScoring": true}, {"statId": 49, "name": "100+ Receiving Game", "abbreviation": "100+Rec", "fantasyPoints": 0, "statValue": 0, "contributesToScoring": true}, {"statId": 467, "name": "Targets", "abbreviation": "Targets", "fantasyPoints": 0, "statValue": 0, "contributesToScoring": false}], "statsDescription": "3 RuTD, 46 RecYds, 93 RuYds, 4 REC", "timeRemainingUnit": "PMR", "timeRemaining": 0, "maxTimeRemaining": 0, "competition": {"competitionId": 5673940, "name": "LV 34 @ CAR 30", "nameDisplay": [{"value": "LV", "isEmphasized": true}, {"value": " 34"}, {"value": " @ "}, {"value": "CAR"}, {"value": " 30"}], "timeStatus": "Final", "competitionStatus": "ScoresOfficial", "attributes": {"quarter": "4", "timeRemaining": "Final", "homeTeamScore": "30", "awayTeamScore": "34"}, "startTime": "2020-09-13T17:00:00.0000000Z"}, "attributes": {}, "playerStates": []}, {"firstName": "Ezekiel", "lastName": "Elliott", "shortName": "E. Elliott", "displayName": "Ezekiel Elliott", "rosterPositionId": 67, "rosterPosition": "RB", "rosterPositionSortOrder": 3, "eTag": "509", "playerUtilizations": [{"displayKey": "ALL", "value": "33.33"}], "playerLink": [], "percentDrafted": 33.33, "draftableId": 14884790, "score": 27.7, "stats": [{"statId": 37, "name": "Receiving Touchdowns", "abbreviation": "RecTD", "fantasyPoints": 6, "statValue": 1, "contributesToScoring": true}, {"statId": 38, "name": "Rushing Touchdowns", "abbreviation": "RuTD", "fantasyPoints": 6, "statValue": 1, "contributesToScoring": true}, {"statId": 40, "name": "Receiving Yards", "abbreviation": "RecYds", "fantasyPoints": 3.1, "statValue": 31, "contributesToScoring": true}, {"statId": 41, "name": "Rushing Yards", "abbreviation": "RuYds", "fantasyPoints": 9.6, "statValue": 96, "contributesToScoring": true}, {"statId": 44, "name": "Receptions", "abbreviation": "REC", "fantasyPoints": 3, "statValue": 3, "contributesToScoring": true}, {"statId": 48, "name": "100+ Rushing Game", "abbreviation": "100+Rush", "fantasyPoints": 0, "statValue": 0, "contributesToScoring": true}, {"statId": 49, "name": "100+ Receiving Game", "abbreviation": "100+Rec", "fantasyPoints": 0, "statValue": 0, "contributesToScoring": true}, {"statId": 467, "name": "Targets", "abbreviation": "Targets", "fantasyPoints": 0, "statValue": 0, "contributesToScoring": false}], "statsDescription": "1 RecTD, 1 RuTD, 31 RecYds, 96 RuYds, 3 REC", "timeRemainingUnit": "PMR", "timeRemaining": 0, "maxTimeRemaining": 0, "competition": {"competitionId": 5674012, "name": "DAL 17 @ LAR 20", "nameDisplay": [{"value": "DAL", "isEmphasized": true}, {"value": " 17"}, {"value": " @ "}, {"value": "LAR"}, {"value": " 20"}], "timeStatus": "Final", "competitionStatus": "ScoresOfficial", "attributes": {"quarter": "4", "timeRemaining": "Final", "homeTeamScore": "20", "awayTeamScore": "17"}, "startTime": "2020-09-14T00:20:00.0000000Z"}, "attributes": {}, "playerStates": []}, {"firstName": "Davante", "lastName": "Adams", "shortName": "D. Adams", "displayName": "Davante Adams", "rosterPositionId": 68, "rosterPosition": "WR", "rosterPositionSortOrder": 4, "eTag": "399", "playerUtilizations": [{"displayKey": "ALL", "value": "33.33"}], "playerLink": [], "percentDrafted": 33.33, "draftableId": 14884823, "score": 44.6, "stats": [{"statId": 37, "name": "Receiving Touchdowns", "abbreviation": "RecTD", "fantasyPoints": 12, "statValue": 2, "contributesToScoring": true}, {"statId": 40, "name": "Receiving Yards", "abbreviation": "RecYds", "fantasyPoints": 15.6, "statValue": 156, "contributesToScoring": true}, {"statId": 44, "name": "Receptions", "abbreviation": "REC", "fantasyPoints": 14, "statValue": 14, "contributesToScoring": true}, {"statId": 49, "name": "100+ Receiving Game", "abbreviation": "100+Rec", "fantasyPoints": 3, "statValue": 1, "contributesToScoring": true}, {"statId": 65, "name": "Kick Return Touchdowns", "abbreviation": "KRetTD", "fantasyPoints": 0, "statValue": 0, "contributesToScoring": true}, {"statId": 467, "name": "Targets", "abbreviation": "Targets", "fantasyPoints": 0, "statValue": 17, "contributesToScoring": false}], "statsDescription": "2 RecTD, 156 RecYds, 14 REC, 1 100+Rec", "timeRemainingUnit": "PMR", "timeRemaining": 0, "maxTimeRemaining": 0, "competition": {"competitionId": 5673850, "name": "GB 43 @ MIN 34", "nameDisplay": [{"value": "GB", "isEmphasized": true}, {"value": " 43"}, {"value": " @ "}, {"value": "MIN"}, {"value": " 34"}], "timeStatus": "Final", "competitionStatus": "ScoresOfficial", "attributes": {"quarter": "4", "timeRemaining": "Final", "homeTeamScore": "34", "awayTeamScore": "43"}, "startTime": "2020-09-13T17:00:00.0000000Z"}, "attributes": {}, "playerStates": []}, {"firstName": "Adam", "lastName": "Thielen", "shortName": "A. Thielen", "displayName": "Adam Thielen", "rosterPositionId": 68, "rosterPosition": "WR", "rosterPositionSortOrder": 5, "eTag": "373", "playerUtilizations": [{"displayKey": "ALL", "value": "33.33"}], "playerLink": [], "percentDrafted": 33.33, "draftableId": 14884874, "score": 34, "stats": [{"statId": 37, "name": "Receiving Touchdowns", "abbreviation": "RecTD", "fantasyPoints": 12, "statValue": 2, "contributesToScoring": true}, {"statId": 40, "name": "Receiving Yards", "abbreviation": "RecYds", "fantasyPoints": 11, "statValue": 110, "contributesToScoring": true}, {"statId": 44, "name": "Receptions", "abbreviation": "REC", "fantasyPoints": 6, "statValue": 6, "contributesToScoring": true}, {"statId": 49, "name": "100+ Receiving Game", "abbreviation": "100+Rec", "fantasyPoints": 3, "statValue": 1, "contributesToScoring": true}, {"statId": 51, "name": "2 Point Conversions", "abbreviation": "2PT", "fantasyPoints": 2, "statValue": 1, "contributesToScoring": true}, {"statId": 70, "name": "2PTs Passing", "abbreviation": "2PtPass", "fantasyPoints": 0, "statValue": 0, "contributesToScoring": true}, {"statId": 467, "name": "Targets", "abbreviation": "Targets", "fantasyPoints": 0, "statValue": 8, "contributesToScoring": false}], "statsDescription": "2 RecTD, 110 RecYds, 6 REC, 1 100+Rec, 1 2PT", "timeRemainingUnit": "PMR", "timeRemaining": 0, "maxTimeRemaining": 0, "competition": {"competitionId": 5673850, "name": "GB 43 @ MIN 34", "nameDisplay": [{"value": "GB"}, {"value": " 43"}, {"value": " @ "}, {"value": "MIN", "isEmphasized": true}, {"value": " 34"}], "timeStatus": "Final", "competitionStatus": "ScoresOfficial", "attributes": {"quarter": "4", "timeRemaining": "Final", "homeTeamScore": "34", "awayTeamScore": "43"}, "startTime": "2020-09-13T17:00:00.0000000Z"}, "attributes": {}, "playerStates": []}, {"firstName": "Robert", "lastName": "Woods", "shortName": "R. Woods", "displayName": "Robert Woods", "rosterPositionId": 68, "rosterPosition": "WR", "rosterPositionSortOrder": 6, "eTag": "545", "playerUtilizations": [{"displayKey": "ALL", "value": "33.33"}], "playerLink": [], "percentDrafted": 33.33, "draftableId": 14884928, "score": 20.9, "stats": [{"statId": 37, "name": "Receiving Touchdowns", "abbreviation": "RecTD", "fantasyPoints": 0, "statValue": 0, "contributesToScoring": true}, {"statId": 38, "name": "Rushing Touchdowns", "abbreviation": "RuTD", "fantasyPoints": 0, "statValue": 0, "contributesToScoring": true}, {"statId": 40, "name": "Receiving Yards", "abbreviation": "RecYds", "fantasyPoints": 10.5, "statValue": 105, "contributesToScoring": true}, {"statId": 41, "name": "Rushing Yards", "abbreviation": "RuYds", "fantasyPoints": 1.4, "statValue": 14, "contributesToScoring": true}, {"statId": 44, "name": "Receptions", "abbreviation": "REC", "fantasyPoints": 6, "statValue": 6, "contributesToScoring": true}, {"statId": 48, "name": "100+ Rushing Game", "abbreviation": "100+Rush", "fantasyPoints": 0, "statValue": 0, "contributesToScoring": true}, {"statId": 49, "name": "100+ Receiving Game", "abbreviation": "100+Rec", "fantasyPoints": 3, "statValue": 1, "contributesToScoring": true}, {"statId": 467, "name": "Targets", "abbreviation": "Targets", "fantasyPoints": 0, "statValue": 0, "contributesToScoring": false}], "statsDescription": "105 RecYds, 14 RuYds, 6 REC, 1 100+Rec", "timeRemainingUnit": "PMR", "timeRemaining": 0, "maxTimeRemaining": 0, "competition": {"competitionId": 5674012, "name": "DAL 17 @ LAR 20", "nameDisplay": [{"value": "DAL"}, {"value": " 17"}, {"value": " @ "}, {"value": "LAR", "isEmphasized": true}, {"value": " 20"}], "timeStatus": "Final", "competitionStatus": "ScoresOfficial", "attributes": {"quarter": "4", "timeRemaining": "Final", "homeTeamScore": "20", "awayTeamScore": "17"}, "startTime": "2020-09-14T00:20:00.0000000Z"}, "attributes": {}, "playerStates": []}, {"firstName": "Mark", "lastName": "Andrews", "shortName": "M. Andrews", "displayName": "Mark Andrews", "rosterPositionId": 69, "rosterPosition": "TE", "rosterPositionSortOrder": 7, "eTag": "332", "playerUtilizations": [{"displayKey": "ALL", "value": "33.33"}], "playerLink": [], "percentDrafted": 33.33, "draftableId": 14884875, "score": 22.8, "stats": [{"statId": 37, "name": "Receiving Touchdowns", "abbreviation": "RecTD", "fantasyPoints": 12, "statValue": 2, "contributesToScoring": true}, {"statId": 40, "name": "Receiving Yards", "abbreviation": "RecYds", "fantasyPoints": 5.8, "statValue": 58, "contributesToScoring": true}, {"statId": 44, "name": "Receptions", "abbreviation": "REC", "fantasyPoints": 5, "statValue": 5, "contributesToScoring": true}, {"statId": 49, "name": "100+ Receiving Game", "abbreviation": "100+Rec", "fantasyPoints": 0, "statValue": 0, "contributesToScoring": true}, {"statId": 467, "name": "Targets", "abbreviation": "Targets", "fantasyPoints": 0, "statValue": 6, "contributesToScoring": false}], "statsDescription": "2 RecTD, 58 RecYds, 5 REC", "timeRemainingUnit": "PMR", "timeRemaining": 0, "maxTimeRemaining": 0, "competition": {"competitionId": 5673892, "name": "CLE 6 @ BAL 38", "nameDisplay": [{"value": "CLE"}, {"value": " 6"}, {"value": " @ "}, {"value": "BAL", "isEmphasized": true}, {"value": " 38"}], "timeStatus": "Final", "competitionStatus": "ScoresOfficial", "attributes": {"quarter": "4", "timeRemaining": "Final", "homeTeamScore": "38", "awayTeamScore": "6"}, "startTime": "2020-09-13T17:00:00.0000000Z"}, "attributes": {}, "playerStates": []}, {"firstName": "Dalvin", "lastName": "Cook", "shortName": "D. Cook", "displayName": "Dalvin Cook", "rosterPositionId": 70, "rosterPosition": "FLEX", "rosterPositionSortOrder": 8, "eTag": "365", "playerUtilizations": [{"displayKey": "ALL", "value": "33.33"}], "playerLink": [], "percentDrafted": 33.33, "draftableId": 14884803, "score": 21.8, "stats": [{"statId": 37, "name": "Receiving Touchdowns", "abbreviation": "RecTD", "fantasyPoints": 0, "statValue": 0, "contributesToScoring": true}, {"statId": 38, "name": "Rushing Touchdowns", "abbreviation": "RuTD", "fantasyPoints": 12, "statValue": 2, "contributesToScoring": true}, {"statId": 40, "name": "Receiving Yards", "abbreviation": "RecYds", "fantasyPoints": -0.2, "statValue": -2, "contributesToScoring": true}, {"statId": 41, "name": "Rushing Yards", "abbreviation": "RuYds", "fantasyPoints": 5, "statValue": 50, "contributesToScoring": true}, {"statId": 44, "name": "Receptions", "abbreviation": "REC", "fantasyPoints": 1, "statValue": 1, "contributesToScoring": true}, {"statId": 48, "name": "100+ Rushing Game", "abbreviation": "100+Rush", "fantasyPoints": 0, "statValue": 0, "contributesToScoring": true}, {"statId": 49, "name": "100+ Receiving Game", "abbreviation": "100+Rec", "fantasyPoints": 0, "statValue": 0, "contributesToScoring": true}, {"statId": 51, "name": "2 Point Conversions", "abbreviation": "2PT", "fantasyPoints": 4, "statValue": 2, "contributesToScoring": true}, {"statId": 70, "name": "2PTs Passing", "abbreviation": "2PtPass", "fantasyPoints": 0, "statValue": 0, "contributesToScoring": true}, {"statId": 467, "name": "Targets", "abbreviation": "Targets", "fantasyPoints": 0, "statValue": 2, "contributesToScoring": false}], "statsDescription": "2 RuTD, 50 RuYds, 1 REC, 2 2PT", "timeRemainingUnit": "PMR", "timeRemaining": 0, "maxTimeRemaining": 0, "competition": {"competitionId": 5673850, "name": "GB 43 @ MIN 34", "nameDisplay": [{"value": "GB"}, {"value": " 43"}, {"value": " @ "}, {"value": "MIN", "isEmphasized": true}, {"value": " 34"}], "timeStatus": "Final", "competitionStatus": "ScoresOfficial", "attributes": {"quarter": "4", "timeRemaining": "Final", "homeTeamScore": "34", "awayTeamScore": "43"}, "startTime": "2020-09-13T17:00:00.0000000Z"}, "attributes": {}, "playerStates": []}, {"firstName": "Tom", "lastName": "Brady", "shortName": "T. Brady", "displayName": "Tom Brady", "rosterPositionId": 627, "rosterPosition": "BN", "rosterPositionSortOrder": 9, "eTag": "493", "playerUtilizations": [{"displayKey": "ALL", "value": "33.33"}], "playerLink": [], "isNonScoring": true, "percentDrafted": 33.33, "draftableId": 14885111, "score": 22.46, "stats": [{"statId": 36, "name": "Passing Touchdowns", "abbreviation": "PaTD", "fantasyPoints": 8, "statValue": 2, "contributesToScoring": true}, {"statId": 38, "name": "Rushing Touchdowns", "abbreviation": "RuTD", "fantasyPoints": 6, "statValue": 1, "contributesToScoring": true}, {"statId": 39, "name": "Passing Yards", "abbreviation": "PaYds", "fantasyPoints": 9.56, "statValue": 239, "contributesToScoring": true}, {"statId": 41, "name": "Rushing Yards", "abbreviation": "RuYds", "fantasyPoints": 0.9, "statValue": 9, "contributesToScoring": true}, {"statId": 46, "name": "Interceptions Thrown", "abbreviation": "INT", "fantasyPoints": -2, "statValue": 2, "contributesToScoring": true}, {"statId": 47, "name": "300+ Yards Passing Game", "abbreviation": "300+Pass", "fantasyPoints": 0, "statValue": 0, "contributesToScoring": true}, {"statId": 48, "name": "100+ Rushing Game", "abbreviation": "100+Rush", "fantasyPoints": 0, "statValue": 0, "contributesToScoring": true}, {"statId": 558, "name": "Offensive Fumble Recovery TDs", "abbreviation": "OFR TD", "fantasyPoints": 0, "statValue": 0, "contributesToScoring": true}], "statsDescription": "2 PaTD, 1 RuTD, 239 PaYds, 9 RuYds, 2 INT", "timeRemainingUnit": "PMR", "timeRemaining": 0, "maxTimeRemaining": 0, "competition": {"competitionId": 5673346, "name": "TB 23 @ NO 34", "nameDisplay": [{"value": "TB", "isEmphasized": true}, {"value": " 23"}, {"value": " @ "}, {"value": "NO"}, {"value": " 34"}], "timeStatus": "Final", "competitionStatus": "ScoresOfficial", "attributes": {"quarter": "4", "timeRemaining": "Final", "homeTeamScore": "34", "awayTeamScore": "23"}, "startTime": "2020-09-13T20:25:00.0000000Z"}, "attributes": {}, "playerStates": []}, {"firstName": "DK", "lastName": "Metcalf", "shortName": "D. Metcalf", "displayName": "DK Metcalf", "rosterPositionId": 627, "rosterPosition": "BN", "rosterPositionSortOrder": 10, "eTag": "479", "playerUtilizations": [{"displayKey": "ALL", "value": "33.33"}], "playerLink": [], "isNonScoring": true, "percentDrafted": 33.33, "draftableId": 14884889, "score": 19.5, "stats": [{"statId": 37, "name": "Receiving Touchdowns", "abbreviation": "RecTD", "fantasyPoints": 6, "statValue": 1, "contributesToScoring": true}, {"statId": 40, "name": "Receiving Yards", "abbreviation": "RecYds", "fantasyPoints": 9.5, "statValue": 95, "contributesToScoring": true}, {"statId": 44, "name": "Receptions", "abbreviation": "REC", "fantasyPoints": 4, "statValue": 4, "contributesToScoring": true}, {"statId": 49, "name": "100+ Receiving Game", "abbreviation": "100+Rec", "fantasyPoints": 0, "statValue": 0, "contributesToScoring": true}, {"statId": 467, "name": "Targets", "abbreviation": "Targets", "fantasyPoints": 0, "statValue": 0, "contributesToScoring": false}], "statsDescription": "1 RecTD, 95 RecYds, 4 REC", "timeRemainingUnit": "PMR", "timeRemaining": 0, "maxTimeRemaining": 0, "competition": {"competitionId": 5673562, "name": "SEA 38 @ ATL 25", "nameDisplay": [{"value": "SEA", "isEmphasized": true}, {"value": " 38"}, {"value": " @ "}, {"value": "ATL"}, {"value": " 25"}], "timeStatus": "Final", "competitionStatus": "ScoresOfficial", "attributes": {"quarter": "4", "timeRemaining": "Final", "homeTeamScore": "25", "awayTeamScore": "38"}, "startTime": "2020-09-13T17:00:00.0000000Z"}, "attributes": {}, "playerStates": []}, {"firstName": "Aaron", "lastName": "Jones", "shortName": "A. Jones", "displayName": "Aaron Jones", "rosterPositionId": 627, "rosterPosition": "BN", "rosterPositionSortOrder": 11, "eTag": "410", "playerUtilizations": [{"displayKey": "ALL", "value": "33.33"}], "playerLink": [], "isNonScoring": true, "percentDrafted": 33.33, "draftableId": 14884822, "score": 17.6, "stats": [{"statId": 37, "name": "Receiving Touchdowns", "abbreviation": "RecTD", "fantasyPoints": 0, "statValue": 0, "contributesToScoring": true}, {"statId": 38, "name": "Rushing Touchdowns", "abbreviation": "RuTD", "fantasyPoints": 6, "statValue": 1, "contributesToScoring": true}, {"statId": 40, "name": "Receiving Yards", "abbreviation": "RecYds", "fantasyPoints": 1, "statValue": 10, "contributesToScoring": true}, {"statId": 41, "name": "Rushing Yards", "abbreviation": "RuYds", "fantasyPoints": 6.6, "statValue": 66, "contributesToScoring": true}, {"statId": 44, "name": "Receptions", "abbreviation": "REC", "fantasyPoints": 4, "statValue": 4, "contributesToScoring": true}, {"statId": 48, "name": "100+ Rushing Game", "abbreviation": "100+Rush", "fantasyPoints": 0, "statValue": 0, "contributesToScoring": true}, {"statId": 49, "name": "100+ Receiving Game", "abbreviation": "100+Rec", "fantasyPoints": 0, "statValue": 0, "contributesToScoring": true}, {"statId": 467, "name": "Targets", "abbreviation": "Targets", "fantasyPoints": 0, "statValue": 6, "contributesToScoring": false}], "statsDescription": "1 RuTD, 10 RecYds, 66 RuYds, 4 REC", "timeRemainingUnit": "PMR", "timeRemaining": 0, "maxTimeRemaining": 0, "competition": {"competitionId": 5673850, "name": "GB 43 @ MIN 34", "nameDisplay": [{"value": "GB", "isEmphasized": true}, {"value": " 43"}, {"value": " @ "}, {"value": "MIN"}, {"value": " 34"}], "timeStatus": "Final", "competitionStatus": "ScoresOfficial", "attributes": {"quarter": "4", "timeRemaining": "Final", "homeTeamScore": "34", "awayTeamScore": "43"}, "startTime": "2020-09-13T17:00:00.0000000Z"}, "attributes": {}, "playerStates": []}, {"firstName": "Drew", "lastName": "Brees", "shortName": "D. Brees", "displayName": "Drew Brees", "rosterPositionId": 627, "rosterPosition": "BN", "rosterPositionSortOrder": 12, "eTag": "510", "playerUtilizations": [{"displayKey": "ALL", "value": "33.33"}], "playerLink": [], "isNonScoring": true, "percentDrafted": 33.33, "draftableId": 14885094, "score": 14.4, "stats": [{"statId": 36, "name": "Passing Touchdowns", "abbreviation": "PaTD", "fantasyPoints": 8, "statValue": 2, "contributesToScoring": true}, {"statId": 38, "name": "Rushing Touchdowns", "abbreviation": "RuTD", "fantasyPoints": 0, "statValue": 0, "contributesToScoring": true}, {"statId": 39, "name": "Passing Yards", "abbreviation": "PaYds", "fantasyPoints": 6.4, "statValue": 160, "contributesToScoring": true}, {"statId": 41, "name": "Rushing Yards", "abbreviation": "RuYds", "fantasyPoints": 0, "statValue": 0, "contributesToScoring": true}, {"statId": 46, "name": "Interceptions Thrown", "abbreviation": "INT", "fantasyPoints": 0, "statValue": 0, "contributesToScoring": true}, {"statId": 47, "name": "300+ Yards Passing Game", "abbreviation": "300+Pass", "fantasyPoints": 0, "statValue": 0, "contributesToScoring": true}, {"statId": 48, "name": "100+ Rushing Game", "abbreviation": "100+Rush", "fantasyPoints": 0, "statValue": 0, "contributesToScoring": true}], "statsDescription": "2 PaTD, 160 PaYds", "timeRemainingUnit": "PMR", "timeRemaining": 0, "maxTimeRemaining": 0, "competition": {"competitionId": 5673346, "name": "TB 23 @ NO 34", "nameDisplay": [{"value": "TB"}, {"value": " 23"}, {"value": " @ "}, {"value": "NO", "isEmphasized": true}, {"value": " 34"}], "timeStatus": "Final", "competitionStatus": "ScoresOfficial", "attributes": {"quarter": "4", "timeRemaining": "Final", "homeTeamScore": "34", "awayTeamScore": "23"}, "startTime": "2020-09-13T20:25:00.0000000Z"}, "attributes": {}, "playerStates": []}, {"firstName": "Chris", "lastName": "Godwin", "shortName": "C. Godwin", "displayName": "Chris Godwin", "rosterPositionId": 627, "rosterPosition": "BN", "rosterPositionSortOrder": 13, "eTag": "493", "playerUtilizations": [{"displayKey": "ALL", "value": "33.33"}], "playerLink": [], "isNonScoring": true, "percentDrafted": 33.33, "draftableId": 14884832, "score": 13.9, "stats": [{"statId": 37, "name": "Receiving Touchdowns", "abbreviation": "RecTD", "fantasyPoints": 0, "statValue": 0, "contributesToScoring": true}, {"statId": 40, "name": "Receiving Yards", "abbreviation": "RecYds", "fantasyPoints": 7.9, "statValue": 79, "contributesToScoring": true}, {"statId": 44, "name": "Receptions", "abbreviation": "REC", "fantasyPoints": 6, "statValue": 6, "contributesToScoring": true}, {"statId": 49, "name": "100+ Receiving Game", "abbreviation": "100+Rec", "fantasyPoints": 0, "statValue": 0, "contributesToScoring": true}, {"statId": 467, "name": "Targets", "abbreviation": "Targets", "fantasyPoints": 0, "statValue": 7, "contributesToScoring": false}], "statsDescription": "79 RecYds, 6 REC", "timeRemainingUnit": "PMR", "timeRemaining": 0, "maxTimeRemaining": 0, "competition": {"competitionId": 5673346, "name": "TB 23 @ NO 34", "nameDisplay": [{"value": "TB", "isEmphasized": true}, {"value": " 23"}, {"value": " @ "}, {"value": "NO"}, {"value": " 34"}], "timeStatus": "Final", "competitionStatus": "ScoresOfficial", "attributes": {"quarter": "4", "timeRemaining": "Final", "homeTeamScore": "34", "awayTeamScore": "23"}, "startTime": "2020-09-13T20:25:00.0000000Z"}, "attributes": {}, "playerStates": []}, {"firstName": "Todd", "lastName": "Gurley II", "shortName": "T. Gurley II", "displayName": "Todd Gurley II", "rosterPositionId": 627, "rosterPosition": "BN", "rosterPositionSortOrder": 14, "eTag": "577", "playerUtilizations": [{"displayKey": "ALL", "value": "33.33"}], "playerLink": [], "isNonScoring": true, "percentDrafted": 33.33, "draftableId": 14884904, "score": 13.7, "stats": [{"statId": 37, "name": "Receiving Touchdowns", "abbreviation": "RecTD", "fantasyPoints": 0, "statValue": 0, "contributesToScoring": true}, {"statId": 38, "name": "Rushing Touchdowns", "abbreviation": "RuTD", "fantasyPoints": 6, "statValue": 1, "contributesToScoring": true}, {"statId": 40, "name": "Receiving Yards", "abbreviation": "RecYds", "fantasyPoints": 0.1, "statValue": 1, "contributesToScoring": true}, {"statId": 41, "name": "Rushing Yards", "abbreviation": "RuYds", "fantasyPoints": 5.6, "statValue": 56, "contributesToScoring": true}, {"statId": 44, "name": "Receptions", "abbreviation": "REC", "fantasyPoints": 2, "statValue": 2, "contributesToScoring": true}, {"statId": 48, "name": "100+ Rushing Game", "abbreviation": "100+Rush", "fantasyPoints": 0, "statValue": 0, "contributesToScoring": true}, {"statId": 49, "name": "100+ Receiving Game", "abbreviation": "100+Rec", "fantasyPoints": 0, "statValue": 0, "contributesToScoring": true}, {"statId": 467, "name": "Targets", "abbreviation": "Targets", "fantasyPoints": 0, "statValue": 0, "contributesToScoring": false}], "statsDescription": "1 RuTD, 1 RecYds, 56 RuYds, 2 REC", "timeRemainingUnit": "PMR", "timeRemaining": 0, "maxTimeRemaining": 0, "competition": {"competitionId": 5673562, "name": "SEA 38 @ ATL 25", "nameDisplay": [{"value": "SEA"}, {"value": " 38"}, {"value": " @ "}, {"value": "ATL", "isEmphasized": true}, {"value": " 25"}], "timeStatus": "Final", "competitionStatus": "ScoresOfficial", "attributes": {"quarter": "4", "timeRemaining": "Final", "homeTeamScore": "25", "awayTeamScore": "38"}, "startTime": "2020-09-13T17:00:00.0000000Z"}, "attributes": {}, "playerStates": []}, {"firstName": "Terry", "lastName": "McLaurin", "shortName": "T. McLaurin", "displayName": "Terry McLaurin", "rosterPositionId": 627, "rosterPosition": "BN", "rosterPositionSortOrder": 15, "eTag": "443", "playerUtilizations": [{"displayKey": "ALL", "value": "33.33"}], "playerLink": [], "isNonScoring": true, "percentDrafted": 33.33, "draftableId": 14884895, "score": 11.1, "stats": [{"statId": 37, "name": "Receiving Touchdowns", "abbreviation": "RecTD", "fantasyPoints": 0, "statValue": 0, "contributesToScoring": true}, {"statId": 40, "name": "Receiving Yards", "abbreviation": "RecYds", "fantasyPoints": 6.1, "statValue": 61, "contributesToScoring": true}, {"statId": 44, "name": "Receptions", "abbreviation": "REC", "fantasyPoints": 5, "statValue": 5, "contributesToScoring": true}, {"statId": 49, "name": "100+ Receiving Game", "abbreviation": "100+Rec", "fantasyPoints": 0, "statValue": 0, "contributesToScoring": true}, {"statId": 467, "name": "Targets", "abbreviation": "Targets", "fantasyPoints": 0, "statValue": 0, "contributesToScoring": false}], "statsDescription": "61 RecYds, 5 REC", "timeRemainingUnit": "PMR", "timeRemaining": 0, "maxTimeRemaining": 0, "competition": {"competitionId": 5673832, "name": "PHI 17 @ WAS 27", "nameDisplay": [{"value": "PHI"}, {"value": " 17"}, {"value": " @ "}, {"value": "WAS", "isEmphasized": true}, {"value": " 27"}], "timeStatus": "Final", "competitionStatus": "ScoresOfficial", "attributes": {"quarter": "4", "timeRemaining": "Final", "homeTeamScore": "27", "awayTeamScore": "17"}, "startTime": "2020-09-13T17:00:00.0000000Z"}, "attributes": {}, "playerStates": []}, {"firstName": "Mike", "lastName": "Evans", "shortName": "M. Evans", "displayName": "Mike Evans", "rosterPositionId": 627, "rosterPosition": "BN", "rosterPositionSortOrder": 16, "eTag": "212", "playerUtilizations": [{"displayKey": "ALL", "value": "33.33"}], "playerLink": [], "isNonScoring": true, "percentDrafted": 33.33, "draftableId": 14884854, "score": 7.2, "stats": [{"statId": 37, "name": "Receiving Touchdowns", "abbreviation": "RecTD", "fantasyPoints": 6, "statValue": 1, "contributesToScoring": true}, {"statId": 40, "name": "Receiving Yards", "abbreviation": "RecYds", "fantasyPoints": 0.2, "statValue": 2, "contributesToScoring": true}, {"statId": 44, "name": "Receptions", "abbreviation": "REC", "fantasyPoints": 1, "statValue": 1, "contributesToScoring": true}, {"statId": 49, "name": "100+ Receiving Game", "abbreviation": "100+Rec", "fantasyPoints": 0, "statValue": 0, "contributesToScoring": true}, {"statId": 467, "name": "Targets", "abbreviation": "Targets", "fantasyPoints": 0, "statValue": 4, "contributesToScoring": false}], "statsDescription": "1 RecTD, 2 RecYds, 1 REC", "timeRemainingUnit": "PMR", "timeRemaining": 0, "maxTimeRemaining": 0, "competition": {"competitionId": 5673346, "name": "TB 23 @ NO 34", "nameDisplay": [{"value": "TB", "isEmphasized": true}, {"value": " 23"}, {"value": " @ "}, {"value": "NO"}, {"value": " 34"}], "timeStatus": "Final", "competitionStatus": "ScoresOfficial", "attributes": {"quarter": "4", "timeRemaining": "Final", "homeTeamScore": "34", "awayTeamScore": "23"}, "startTime": "2020-09-13T20:25:00.0000000Z"}, "attributes": {}, "playerStates": []}, {"firstName": "Hayden", "lastName": "Hurst", "shortName": "H. Hurst", "displayName": "Hayden Hurst", "rosterPositionId": 627, "rosterPosition": "BN", "rosterPositionSortOrder": 17, "eTag": "455", "playerUtilizations": [{"displayKey": "ALL", "value": "33.33"}], "playerLink": [], "isNonScoring": true, "percentDrafted": 33.33, "draftableId": 14885057, "score": 6.8, "stats": [{"statId": 37, "name": "Receiving Touchdowns", "abbreviation": "RecTD", "fantasyPoints": 0, "statValue": 0, "contributesToScoring": true}, {"statId": 40, "name": "Receiving Yards", "abbreviation": "RecYds", "fantasyPoints": 3.8, "statValue": 38, "contributesToScoring": true}, {"statId": 44, "name": "Receptions", "abbreviation": "REC", "fantasyPoints": 3, "statValue": 3, "contributesToScoring": true}, {"statId": 49, "name": "100+ Receiving Game", "abbreviation": "100+Rec", "fantasyPoints": 0, "statValue": 0, "contributesToScoring": true}, {"statId": 467, "name": "Targets", "abbreviation": "Targets", "fantasyPoints": 0, "statValue": 0, "contributesToScoring": false}], "statsDescription": "38 RecYds, 3 REC", "timeRemainingUnit": "PMR", "timeRemaining": 0, "maxTimeRemaining": 0, "competition": {"competitionId": 5673562, "name": "SEA 38 @ ATL 25", "nameDisplay": [{"value": "SEA"}, {"value": " 38"}, {"value": " @ "}, {"value": "ATL", "isEmphasized": true}, {"value": " 25"}], "timeStatus": "Final", "competitionStatus": "ScoresOfficial", "attributes": {"quarter": "4", "timeRemaining": "Final", "homeTeamScore": "25", "awayTeamScore": "38"}, "startTime": "2020-09-13T17:00:00.0000000Z"}, "attributes": {}, "playerStates": []}, {"firstName": "Evan", "lastName": "Engram", "shortName": "E. Engram", "displayName": "Evan Engram", "rosterPositionId": 627, "rosterPosition": "BN", "rosterPositionSortOrder": 18, "eTag": "292", "playerUtilizations": [{"displayKey": "ALL", "value": "33.33"}], "playerLink": [], "isNonScoring": true, "percentDrafted": 33.33, "draftableId": 14884996, "score": 1.4, "stats": [{"statId": 37, "name": "Receiving Touchdowns", "abbreviation": "RecTD", "fantasyPoints": 0, "statValue": 0, "contributesToScoring": true}, {"statId": 40, "name": "Receiving Yards", "abbreviation": "RecYds", "fantasyPoints": 0.4, "statValue": 4, "contributesToScoring": true}, {"statId": 44, "name": "Receptions", "abbreviation": "REC", "fantasyPoints": 1, "statValue": 1, "contributesToScoring": true}, {"statId": 49, "name": "100+ Receiving Game", "abbreviation": "100+Rec", "fantasyPoints": 0, "statValue": 0, "contributesToScoring": true}, {"statId": 467, "name": "Targets", "abbreviation": "Targets", "fantasyPoints": 0, "statValue": 4, "contributesToScoring": false}], "statsDescription": "4 RecYds, 1 REC", "timeRemainingUnit": "PMR", "timeRemaining": 12, "maxTimeRemaining": 0, "competition": {"competitionId": 5674036, "name": "PIT 19 @ NYG 10", "nameDisplay": [{"value": "PIT"}, {"value": " 19"}, {"value": " @ "}, {"value": "NYG", "isEmphasized": true}, {"value": " 10"}], "timeStatus": "12:00 4Q", "competitionStatus": "Live", "attributes": {"quarter": "4", "timeRemaining": "12:00", "offense": "356", "defense": "351", "down": "2", "yardsToFirst": "12", "yardsToGo": "77", "fieldPosition": "2nd & 12 @ PIT 23", "lastPlay": "B. Snell Jr. -2 yard rush.", "homeTeamScore": "10", "awayTeamScore": "19"}, "startTime": "2020-09-14T23:10:00.0000000Z"}, "attributes": {}, "playerStates": []}, {"firstName": "Derrick", "lastName": "Henry", "shortName": "D. Henry", "displayName": "Derrick Henry", "rosterPositionId": 627, "rosterPosition": "BN", "rosterPositionSortOrder": 19, "eTag": "1", "playerUtilizations": [{"displayKey": "ALL", "value": "33.33"}], "playerLink": [], "isNonScoring": true, "percentDrafted": 33.33, "draftableId": 14884793, "score": 0, "stats": [], "statsDescription": "", "timeRemainingUnit": "PMR", "timeRemaining": 60, "maxTimeRemaining": 0, "competition": {"competitionId": 5674048, "name": "TEN @ DEN", "nameDisplay": [{"value": "TEN", "isEmphasized": true}, {"value": " @ "}, {"value": "DEN"}], "timeStatus": "Upcoming", "competitionStatus": "Upcoming", "attributes": {"quarter": "0", "timeRemaining": "Upcoming"}, "startTime": "2020-09-15T02:20:00.0000000Z"}, "attributes": {}, "playerStates": []}, {"firstName": "Melvin", "lastName": "Gordon III", "shortName": "M. Gordon III", "displayName": "Melvin Gordon III", "rosterPositionId": 627, "rosterPosition": "BN", "rosterPositionSortOrder": 20, "eTag": "1", "playerUtilizations": [{"displayKey": "ALL", "value": "33.33"}], "playerLink": [], "isNonScoring": true, "percentDrafted": 33.33, "draftableId": 14884919, "score": 0, "stats": [], "statsDescription": "", "timeRemainingUnit": "PMR", "timeRemaining": 60, "maxTimeRemaining": 0, "competition": {"competitionId": 5674048, "name": "TEN @ DEN", "nameDisplay": [{"value": "TEN"}, {"value": " @ "}, {"value": "DEN", "isEmphasized": true}], "timeStatus": "Upcoming", "competitionStatus": "Upcoming", "attributes": {"quarter": "0", "timeRemaining": "Upcoming"}, "startTime": "2020-09-15T02:20:00.0000000Z"}, "attributes": {}, "playerStates": []}], "scoringDivider": "BENCH PLAYERS", "rosterKey": "2571627527"}, "draftGroupId": 37605, "contestKey": "90432693", "entryKey": "2171159817", "lineupId": 2571627527, "userName": "jagerbomb86", "userKey": "7228999", "userEntryCount": 1, "userEntryIndex": 1, "timeRemaining": 132, "timeRemainingUnit": "PMR", "maxTimeRemaining": 1200, "timeRemainingOpponent": 24, "rank": 1, "fantasyPoints": 242.48, "fantasyPointsOpponent": 200.52, "userNameOpponent": "sansbacon", "winningValue": 0}]}